21:04:53 DEBUG : Logs will be stored at 'C:/openTCSPC3/SRC/vitis/zedboard_real_microscope/IDE.log'.
21:04:58 INFO  : Launching XSCT server: xsct.bat -n  -interactive C:\openTCSPC3\SRC\vitis\zedboard_real_microscope\temp_xsdb_launch_script.tcl
21:04:58 INFO  : Registering command handlers for Vitis TCF services
21:04:58 INFO  : Platform repository initialization has completed.
21:05:02 INFO  : XSCT server has started successfully.
21:05:02 INFO  : plnx-install-location is set to ''
21:05:02 INFO  : Successfully done setting XSCT server connection channel  
21:05:02 INFO  : Successfully done query RDI_DATADIR 
21:05:02 INFO  : Successfully done setting workspace for the tool. 
07:56:18 DEBUG : Logs will be stored at 'C:/openTCSPC3/SRC/vitis/zedboard_real_microscope/IDE.log'.
07:56:25 INFO  : Launching XSCT server: xsct.bat -n  -interactive C:\openTCSPC3\SRC\vitis\zedboard_real_microscope\temp_xsdb_launch_script.tcl
07:56:26 INFO  : Registering command handlers for Vitis TCF services
07:56:27 INFO  : Platform repository initialization has completed.
07:56:31 INFO  : XSCT server has started successfully.
07:56:40 INFO  : Successfully done setting XSCT server connection channel  
07:56:40 INFO  : plnx-install-location is set to ''
07:56:40 INFO  : Successfully done query RDI_DATADIR 
07:56:40 INFO  : Successfully done setting workspace for the tool. 
07:58:48 INFO  : Result from executing command 'getProjects': platform
07:58:48 INFO  : Result from executing command 'getPlatforms': xilinx_zcu102_base_202420_1|C:/Xilinx/Vitis/2024.2/base_platforms/xilinx_zcu102_base_202420_1/xilinx_zcu102_base_202420_1.xpfm;xilinx_zcu102_base_dfx_202420_1|C:/Xilinx/Vitis/2024.2/base_platforms/xilinx_zcu102_base_dfx_202420_1/xilinx_zcu102_base_dfx_202420_1.xpfm;xilinx_zcu104_base_202420_1|C:/Xilinx/Vitis/2024.2/base_platforms/xilinx_zcu104_base_202420_1/xilinx_zcu104_base_202420_1.xpfm
12:21:54 DEBUG : Logs will be stored at 'C:/openTCSPC3/SRC/vitis/zedboard_real_microscope/IDE.log'.
12:21:54 INFO  : Launching XSCT server: xsct.bat -n  -interactive C:\openTCSPC3\SRC\vitis\zedboard_real_microscope\temp_xsdb_launch_script.tcl
12:21:57 INFO  : Platform repository initialization has completed.
12:21:58 INFO  : Registering command handlers for Vitis TCF services
12:22:00 INFO  : XSCT server has started successfully.
12:22:07 INFO  : Successfully done setting XSCT server connection channel  
12:22:07 INFO  : plnx-install-location is set to ''
12:22:07 INFO  : Successfully done query RDI_DATADIR 
12:22:07 INFO  : Successfully done setting workspace for the tool. 
12:23:41 ERROR : Failed to update hardware specification for project 'platform'.
Reason: Failed to execute command 'platform config -updatehw {C:/openTCSPC3/Projects/zedboard_real_microscope_new/emulated_microscope_wrapper1.xsa}'. Click on details for more information.
12:26:28 ERROR : Failed to update hardware specification for project 'platform'.
Reason: Failed to execute command 'platform config -updatehw {C:/openTCSPC3/Projects/zedboard_real_microscope_new/emulated_microscope_wrapper1.xsa}'. Click on details for more information.
12:43:28 INFO  : Hardware specification for platform project 'platform' is updated.
12:44:16 INFO  : Result from executing command 'getProjects': platform
12:44:16 INFO  : Result from executing command 'getPlatforms': platform|C:/openTCSPC3/SRC/vitis/zedboard_real_microscope/platform/export/platform/platform.xpfm;xilinx_zcu102_base_202420_1|C:/Xilinx/Vitis/2024.2/base_platforms/xilinx_zcu102_base_202420_1/xilinx_zcu102_base_202420_1.xpfm;xilinx_zcu102_base_dfx_202420_1|C:/Xilinx/Vitis/2024.2/base_platforms/xilinx_zcu102_base_dfx_202420_1/xilinx_zcu102_base_dfx_202420_1.xpfm;xilinx_zcu104_base_202420_1|C:/Xilinx/Vitis/2024.2/base_platforms/xilinx_zcu104_base_202420_1/xilinx_zcu104_base_202420_1.xpfm
12:44:52 INFO  : Checking for BSP changes to sync application flags for project 'app'...
12:45:06 INFO  : Updating application flags with new BSP settings...
12:45:07 INFO  : Successfully updated application flags for project app.
12:45:15 INFO  : The hardware specification used by project 'app' is out of sync with the platform. Resource files extracted from the hardware specification will be updated.
12:45:15 INFO  : The file 'C:\openTCSPC3\SRC\vitis\zedboard_real_microscope\app\_ide\bitstream\emulated_microscope_wrapper1.bit' stored in project is removed.
12:45:15 INFO  : The file 'C:\openTCSPC3\SRC\vitis\zedboard_real_microscope\app\_ide\bitstream\emulated_microscope_wrapper1.mmi' stored in project is removed.
12:45:15 INFO  : The updated bitstream files are copied from platform to folder 'C:\openTCSPC3\SRC\vitis\zedboard_real_microscope\app\_ide\bitstream' in project 'app'.
12:45:15 INFO  : The file 'C:\openTCSPC3\SRC\vitis\zedboard_real_microscope\app\_ide\psinit\ps7_init.tcl' stored in project is removed.
12:45:21 INFO  : The updated ps init files are copied from platform to folder 'C:\openTCSPC3\SRC\vitis\zedboard_real_microscope\app\_ide\psinit' in project 'app'.
17:07:41 DEBUG : Logs will be stored at 'C:/openTCSPC3/SRC/vitis/zedboard_real_microscope/IDE.log'.
17:07:43 INFO  : Launching XSCT server: xsct.bat -n  -interactive C:\openTCSPC3\SRC\vitis\zedboard_real_microscope\temp_xsdb_launch_script.tcl
17:07:46 INFO  : Platform repository initialization has completed.
17:07:49 INFO  : Registering command handlers for Vitis TCF services
17:07:49 INFO  : XSCT server has started successfully.
17:07:57 INFO  : Successfully done setting XSCT server connection channel  
17:07:57 INFO  : plnx-install-location is set to ''
17:07:57 INFO  : Successfully done query RDI_DATADIR 
17:07:57 INFO  : Successfully done setting workspace for the tool. 
17:12:22 INFO  : Hardware specification for platform project 'platform' is updated.
17:13:10 INFO  : Result from executing command 'getProjects': platform
17:13:10 INFO  : Result from executing command 'getPlatforms': platform|C:/openTCSPC3/SRC/vitis/zedboard_real_microscope/platform/export/platform/platform.xpfm;xilinx_zcu102_base_202420_1|C:/Xilinx/Vitis/2024.2/base_platforms/xilinx_zcu102_base_202420_1/xilinx_zcu102_base_202420_1.xpfm;xilinx_zcu102_base_dfx_202420_1|C:/Xilinx/Vitis/2024.2/base_platforms/xilinx_zcu102_base_dfx_202420_1/xilinx_zcu102_base_dfx_202420_1.xpfm;xilinx_zcu104_base_202420_1|C:/Xilinx/Vitis/2024.2/base_platforms/xilinx_zcu104_base_202420_1/xilinx_zcu104_base_202420_1.xpfm
17:13:11 INFO  : Checking for BSP changes to sync application flags for project 'app'...
17:13:33 INFO  : The hardware specification used by project 'app' is out of sync with the platform. Resource files extracted from the hardware specification will be updated.
17:13:33 INFO  : The file 'C:\openTCSPC3\SRC\vitis\zedboard_real_microscope\app\_ide\bitstream\emulated_microscope_wrapper2.bit' stored in project is removed.
17:13:33 INFO  : The file 'C:\openTCSPC3\SRC\vitis\zedboard_real_microscope\app\_ide\bitstream\emulated_microscope_wrapper2.mmi' stored in project is removed.
17:13:33 INFO  : The updated bitstream files are copied from platform to folder 'C:\openTCSPC3\SRC\vitis\zedboard_real_microscope\app\_ide\bitstream' in project 'app'.
17:13:33 INFO  : The file 'C:\openTCSPC3\SRC\vitis\zedboard_real_microscope\app\_ide\psinit\ps7_init.tcl' stored in project is removed.
17:13:40 INFO  : The updated ps init files are copied from platform to folder 'C:\openTCSPC3\SRC\vitis\zedboard_real_microscope\app\_ide\psinit' in project 'app'.
17:32:54 INFO  : Result from executing command 'getProjects': platform
17:32:54 INFO  : Result from executing command 'getPlatforms': platform|C:/openTCSPC3/SRC/vitis/zedboard_real_microscope/platform/export/platform/platform.xpfm;xilinx_zcu102_base_202420_1|C:/Xilinx/Vitis/2024.2/base_platforms/xilinx_zcu102_base_202420_1/xilinx_zcu102_base_202420_1.xpfm;xilinx_zcu102_base_dfx_202420_1|C:/Xilinx/Vitis/2024.2/base_platforms/xilinx_zcu102_base_dfx_202420_1/xilinx_zcu102_base_dfx_202420_1.xpfm;xilinx_zcu104_base_202420_1|C:/Xilinx/Vitis/2024.2/base_platforms/xilinx_zcu104_base_202420_1/xilinx_zcu104_base_202420_1.xpfm
17:32:55 INFO  : Checking for BSP changes to sync application flags for project 'app'...
17:33:27 ERROR : (XRT Server)C:/Xilinx/Vitis/2024.2/bin/unwrapped/win64.o/xrt_server.exe: error: illegal option '-'
Usage: agent [OPTION]...
Start Target Communication Framework agent.
  -d               run in daemon mode (output is sent to system logger)
  -i               run in interactive mode
  -L<file>         enable logging, use -L- to send log to stderr
  -l<level>        set log level, the level is comma separated list of:
      alloc        memory allocation and deallocation (0x1)
      eventcore    main event queue (0x2)
      waitpid      waitpid() events (0x4)
      events       low-level debugger events (0x8)
      protocol     communication protocol (0x20)
      context      debug context actions (0x40)
      children     debug context children (0x10)
      discovery    discovery (0x80)
      asyncreq     async I/O (0x100)
      proxy        proxy state (0x200)
      tcflog       proxy traffic (0x400)
      elf          ELF reader (0x800)
      stack        stack trace service (0x2000)
      plugin       plugins (0x4000)
      shutdown     shutdown of subsystems (0x8000)
      disasm       disassembly service (0x10000)
  -s<url>          set agent listening port and protocol, default is tcp::0
  -S               print server properties in Json format to stdout
  -g<port>         start GDB Remote Serial Protocol server at the specified TCP port
  -I<idle-seconds> exit if there are no connections for the specified time

17:34:26 ERROR : Timed out. 60 seconds have elapsed while waiting for the XRT server to launch.
17:34:29 INFO  : Connected to target on host '127.0.0.1' and port '3121'.
17:34:30 INFO  : Jtag cable 'Digilent Zed 210248BD1333' is selected.
17:34:30 INFO  : 'jtag frequency' command is executed.
17:34:30 INFO  : Context for 'APU' is selected.
17:34:30 INFO  : System reset is completed.
17:34:33 INFO  : 'after 3000' command is executed.
17:34:33 INFO  : 'targets -set -filter {jtag_cable_name =~ "Digilent Zed 210248BD1333" && level==0 && jtag_device_ctx=="jsn-Zed-210248BD1333-23727093-0"}' command is executed.
17:34:35 INFO  : Device configured successfully with "C:/openTCSPC3/SRC/vitis/zedboard_real_microscope/app/_ide/bitstream/emulated_microscope_wrapper3.bit"
17:34:35 INFO  : Context for 'APU' is selected.
17:34:36 INFO  : Hardware design and registers information is loaded from 'C:/openTCSPC3/SRC/vitis/zedboard_real_microscope/platform/export/platform/hw/emulated_microscope_wrapper3.xsa'.
17:34:36 INFO  : 'configparams force-mem-access 1' command is executed.
17:34:36 INFO  : Context for 'APU' is selected.
17:34:36 INFO  : Sourcing of 'C:/openTCSPC3/SRC/vitis/zedboard_real_microscope/app/_ide/psinit/ps7_init.tcl' is done.
17:34:36 INFO  : 'ps7_init' command is executed.
17:34:36 INFO  : 'ps7_post_config' command is executed.
17:34:36 INFO  : Context for processor 'ps7_cortexa9_0' is selected.
17:34:43 INFO  : The application 'C:/openTCSPC3/SRC/vitis/zedboard_real_microscope/app/Debug/app.elf' is downloaded to processor 'ps7_cortexa9_0'.
17:34:43 INFO  : 'configparams force-mem-access 0' command is executed.
17:34:43 INFO  : ----------------XSDB Script----------------
connect -url tcp:127.0.0.1:3121
targets -set -nocase -filter {name =~"APU*"}
rst -system
after 3000
targets -set -filter {jtag_cable_name =~ "Digilent Zed 210248BD1333" && level==0 && jtag_device_ctx=="jsn-Zed-210248BD1333-23727093-0"}
fpga -file C:/openTCSPC3/SRC/vitis/zedboard_real_microscope/app/_ide/bitstream/emulated_microscope_wrapper3.bit
targets -set -nocase -filter {name =~"APU*"}
loadhw -hw C:/openTCSPC3/SRC/vitis/zedboard_real_microscope/platform/export/platform/hw/emulated_microscope_wrapper3.xsa -mem-ranges [list {0x40000000 0xbfffffff}] -regs
configparams force-mem-access 1
targets -set -nocase -filter {name =~"APU*"}
source C:/openTCSPC3/SRC/vitis/zedboard_real_microscope/app/_ide/psinit/ps7_init.tcl
ps7_init
ps7_post_config
targets -set -nocase -filter {name =~ "*A9*#0"}
dow C:/openTCSPC3/SRC/vitis/zedboard_real_microscope/app/Debug/app.elf
configparams force-mem-access 0
----------------End of Script----------------

17:34:43 INFO  : Context for processor 'ps7_cortexa9_0' is selected.
17:34:43 INFO  : 'con' command is executed.
17:34:43 INFO  : ----------------XSDB Script (After Launch)----------------
targets -set -nocase -filter {name =~ "*A9*#0"}
con
----------------End of Script----------------

17:34:43 INFO  : Launch script is exported to file 'C:\openTCSPC3\SRC\vitis\zedboard_real_microscope\app_system\_ide\scripts\systemdebugger_app_system_standalone.tcl'
17:38:25 INFO  : Disconnected from the channel tcfchan#4.
17:38:26 ERROR : (XRT Server)C:/Xilinx/Vitis/2024.2/bin/unwrapped/win64.o/xrt_server.exe: error: illegal option '-'
Usage: agent [OPTION]...
Start Target Communication Framework agent.
  -d               run in daemon mode (output is sent to system logger)
  -i               run in interactive mode
  -L<file>         enable logging, use -L- to send log to stderr
  -l<level>        set log level, the level is comma separated list of:
      alloc        memory allocation and deallocation (0x1)
      eventcore    main event queue (0x2)
      waitpid      waitpid() events (0x4)
      events       low-level debugger events (0x8)
      protocol     communication protocol (0x20)
      context      debug context actions (0x40)
      children     debug context children (0x10)
      discovery    discovery (0x80)
      asyncreq     async I/O (0x100)
      proxy        proxy state (0x200)
      tcflog       proxy traffic (0x400)
      elf          ELF reader (0x800)
      stack        stack trace service (0x2000)
      plugin       plugins (0x4000)
      shutdown     shutdown of subsystems (0x8000)
      disasm       disassembly service (0x10000)
  -s<url>          set agent listening port and protocol, default is tcp::0
  -S               print server properties in Json format to stdout
  -g<port>         start GDB Remote Serial Protocol server at the specified TCP port
  -I<idle-seconds> exit if there are no connections for the specified time

17:39:26 ERROR : Timed out. 60 seconds have elapsed while waiting for the XRT server to launch.
17:39:28 INFO  : Connected to target on host '127.0.0.1' and port '3121'.
17:39:29 INFO  : Jtag cable 'Digilent Zed 210248BD1333' is selected.
17:39:29 INFO  : 'jtag frequency' command is executed.
17:39:29 INFO  : Context for 'APU' is selected.
17:39:29 INFO  : System reset is completed.
17:39:32 INFO  : 'after 3000' command is executed.
17:39:32 INFO  : 'targets -set -filter {jtag_cable_name =~ "Digilent Zed 210248BD1333" && level==0 && jtag_device_ctx=="jsn-Zed-210248BD1333-23727093-0"}' command is executed.
17:39:34 INFO  : Device configured successfully with "C:/openTCSPC3/SRC/vitis/zedboard_real_microscope/app/_ide/bitstream/emulated_microscope_wrapper3.bit"
17:39:34 INFO  : Context for 'APU' is selected.
17:39:34 INFO  : Hardware design and registers information is loaded from 'C:/openTCSPC3/SRC/vitis/zedboard_real_microscope/platform/export/platform/hw/emulated_microscope_wrapper3.xsa'.
17:39:34 INFO  : 'configparams force-mem-access 1' command is executed.
17:39:34 INFO  : Context for 'APU' is selected.
17:39:34 INFO  : Sourcing of 'C:/openTCSPC3/SRC/vitis/zedboard_real_microscope/app/_ide/psinit/ps7_init.tcl' is done.
17:39:35 INFO  : 'ps7_init' command is executed.
17:39:35 INFO  : 'ps7_post_config' command is executed.
17:39:35 INFO  : Context for processor 'ps7_cortexa9_0' is selected.
17:39:41 INFO  : The application 'C:/openTCSPC3/SRC/vitis/zedboard_real_microscope/app/Debug/app.elf' is downloaded to processor 'ps7_cortexa9_0'.
17:39:41 INFO  : 'configparams force-mem-access 0' command is executed.
17:39:41 INFO  : ----------------XSDB Script----------------
connect -url tcp:127.0.0.1:3121
targets -set -nocase -filter {name =~"APU*"}
rst -system
after 3000
targets -set -filter {jtag_cable_name =~ "Digilent Zed 210248BD1333" && level==0 && jtag_device_ctx=="jsn-Zed-210248BD1333-23727093-0"}
fpga -file C:/openTCSPC3/SRC/vitis/zedboard_real_microscope/app/_ide/bitstream/emulated_microscope_wrapper3.bit
targets -set -nocase -filter {name =~"APU*"}
loadhw -hw C:/openTCSPC3/SRC/vitis/zedboard_real_microscope/platform/export/platform/hw/emulated_microscope_wrapper3.xsa -mem-ranges [list {0x40000000 0xbfffffff}] -regs
configparams force-mem-access 1
targets -set -nocase -filter {name =~"APU*"}
source C:/openTCSPC3/SRC/vitis/zedboard_real_microscope/app/_ide/psinit/ps7_init.tcl
ps7_init
ps7_post_config
targets -set -nocase -filter {name =~ "*A9*#0"}
dow C:/openTCSPC3/SRC/vitis/zedboard_real_microscope/app/Debug/app.elf
configparams force-mem-access 0
----------------End of Script----------------

17:39:41 INFO  : Context for processor 'ps7_cortexa9_0' is selected.
17:39:41 INFO  : 'con' command is executed.
17:39:41 INFO  : ----------------XSDB Script (After Launch)----------------
targets -set -nocase -filter {name =~ "*A9*#0"}
con
----------------End of Script----------------

17:39:41 INFO  : Launch script is exported to file 'C:\openTCSPC3\SRC\vitis\zedboard_real_microscope\app_system\_ide\scripts\systemdebugger_app_system_standalone.tcl'
17:42:24 INFO  : Disconnected from the channel tcfchan#5.
17:42:25 ERROR : (XRT Server)C:/Xilinx/Vitis/2024.2/bin/unwrapped/win64.o/xrt_server.exe: error: illegal option '-'
Usage: agent [OPTION]...
Start Target Communication Framework agent.
  -d               run in daemon mode (output is sent to system logger)
  -i               run in interactive mode
  -L<file>         enable logging, use -L- to send log to stderr
  -l<level>        set log level, the level is comma separated list of:
      alloc        memory allocation and deallocation (0x1)
      eventcore    main event queue (0x2)
      waitpid      waitpid() events (0x4)
      events       low-level debugger events (0x8)
      protocol     communication protocol (0x20)
      context      debug context actions (0x40)
      children     debug context children (0x10)
      discovery    discovery (0x80)
      asyncreq     async I/O (0x100)
      proxy        proxy state (0x200)
      tcflog       proxy traffic (0x400)
      elf          ELF reader (0x800)
      stack        stack trace service (0x2000)
      plugin       plugins (0x4000)
      shutdown     shutdown of subsystems (0x8000)
      disasm       disassembly service (0x10000)
  -s<url>          set agent listening port and protocol, default is tcp::0
  -S               print server properties in Json format to stdout
  -g<port>         start GDB Remote Serial Protocol server at the specified TCP port
  -I<idle-seconds> exit if there are no connections for the specified time

17:43:25 ERROR : Timed out. 60 seconds have elapsed while waiting for the XRT server to launch.
17:43:27 INFO  : Connected to target on host '127.0.0.1' and port '3121'.
17:43:28 INFO  : Jtag cable 'Digilent Zed 210248BD1333' is selected.
17:43:28 INFO  : 'jtag frequency' command is executed.
17:43:28 INFO  : Context for 'APU' is selected.
17:43:28 INFO  : System reset is completed.
17:43:31 INFO  : 'after 3000' command is executed.
17:43:31 INFO  : 'targets -set -filter {jtag_cable_name =~ "Digilent Zed 210248BD1333" && level==0 && jtag_device_ctx=="jsn-Zed-210248BD1333-23727093-0"}' command is executed.
17:43:34 INFO  : Device configured successfully with "C:/openTCSPC3/SRC/vitis/zedboard_real_microscope/app/_ide/bitstream/emulated_microscope_wrapper3.bit"
17:43:34 INFO  : Context for 'APU' is selected.
17:43:34 INFO  : Hardware design and registers information is loaded from 'C:/openTCSPC3/SRC/vitis/zedboard_real_microscope/platform/export/platform/hw/emulated_microscope_wrapper3.xsa'.
17:43:34 INFO  : 'configparams force-mem-access 1' command is executed.
17:43:34 INFO  : Context for 'APU' is selected.
17:43:34 INFO  : Sourcing of 'C:/openTCSPC3/SRC/vitis/zedboard_real_microscope/app/_ide/psinit/ps7_init.tcl' is done.
17:43:34 INFO  : 'ps7_init' command is executed.
17:43:34 INFO  : 'ps7_post_config' command is executed.
17:43:34 INFO  : Context for processor 'ps7_cortexa9_0' is selected.
17:43:41 INFO  : The application 'C:/openTCSPC3/SRC/vitis/zedboard_real_microscope/app/Debug/app.elf' is downloaded to processor 'ps7_cortexa9_0'.
17:43:41 INFO  : 'configparams force-mem-access 0' command is executed.
17:43:41 INFO  : ----------------XSDB Script----------------
connect -url tcp:127.0.0.1:3121
targets -set -nocase -filter {name =~"APU*"}
rst -system
after 3000
targets -set -filter {jtag_cable_name =~ "Digilent Zed 210248BD1333" && level==0 && jtag_device_ctx=="jsn-Zed-210248BD1333-23727093-0"}
fpga -file C:/openTCSPC3/SRC/vitis/zedboard_real_microscope/app/_ide/bitstream/emulated_microscope_wrapper3.bit
targets -set -nocase -filter {name =~"APU*"}
loadhw -hw C:/openTCSPC3/SRC/vitis/zedboard_real_microscope/platform/export/platform/hw/emulated_microscope_wrapper3.xsa -mem-ranges [list {0x40000000 0xbfffffff}] -regs
configparams force-mem-access 1
targets -set -nocase -filter {name =~"APU*"}
source C:/openTCSPC3/SRC/vitis/zedboard_real_microscope/app/_ide/psinit/ps7_init.tcl
ps7_init
ps7_post_config
targets -set -nocase -filter {name =~ "*A9*#0"}
dow C:/openTCSPC3/SRC/vitis/zedboard_real_microscope/app/Debug/app.elf
configparams force-mem-access 0
----------------End of Script----------------

17:43:41 INFO  : Context for processor 'ps7_cortexa9_0' is selected.
17:43:41 INFO  : 'con' command is executed.
17:43:41 INFO  : ----------------XSDB Script (After Launch)----------------
targets -set -nocase -filter {name =~ "*A9*#0"}
con
----------------End of Script----------------

17:43:41 INFO  : Launch script is exported to file 'C:\openTCSPC3\SRC\vitis\zedboard_real_microscope\app_system\_ide\scripts\systemdebugger_app_system_standalone.tcl'
17:49:52 INFO  : Disconnected from the channel tcfchan#6.
17:49:53 ERROR : (XRT Server)C:/Xilinx/Vitis/2024.2/bin/unwrapped/win64.o/xrt_server.exe: error: illegal option '-'
Usage: agent [OPTION]...
Start Target Communication Framework agent.
  -d               run in daemon mode (output is sent to system logger)
  -i               run in interactive mode
  -L<file>         enable logging, use -L- to send log to stderr
  -l<level>        set log level, the level is comma separated list of:
      alloc        memory allocation and deallocation (0x1)
      eventcore    main event queue (0x2)
      waitpid      waitpid() events (0x4)
      events       low-level debugger events (0x8)
      protocol     communication protocol (0x20)
      context      debug context actions (0x40)
      children     debug context children (0x10)
      discovery    discovery (0x80)
      asyncreq     async I/O (0x100)
      proxy        proxy state (0x200)
      tcflog       proxy traffic (0x400)
      elf          ELF reader (0x800)
      stack        stack trace service (0x2000)
      plugin       plugins (0x4000)
      shutdown     shutdown of subsystems (0x8000)
      disasm       disassembly service (0x10000)
  -s<url>          set agent listening port and protocol, default is tcp::0
  -S               print server properties in Json format to stdout
  -g<port>         start GDB Remote Serial Protocol server at the specified TCP port
  -I<idle-seconds> exit if there are no connections for the specified time

17:50:52 ERROR : Timed out. 60 seconds have elapsed while waiting for the XRT server to launch.
17:50:54 INFO  : Connected to target on host '127.0.0.1' and port '3121'.
17:50:55 INFO  : Jtag cable 'Digilent Zed 210248BD1333' is selected.
17:50:55 INFO  : 'jtag frequency' command is executed.
17:50:55 INFO  : Context for 'APU' is selected.
17:50:55 INFO  : System reset is completed.
17:50:58 INFO  : 'after 3000' command is executed.
17:50:58 INFO  : 'targets -set -filter {jtag_cable_name =~ "Digilent Zed 210248BD1333" && level==0 && jtag_device_ctx=="jsn-Zed-210248BD1333-23727093-0"}' command is executed.
17:51:00 INFO  : Device configured successfully with "C:/openTCSPC3/SRC/vitis/zedboard_real_microscope/app/_ide/bitstream/emulated_microscope_wrapper3.bit"
17:51:01 INFO  : Context for 'APU' is selected.
17:51:01 INFO  : Hardware design and registers information is loaded from 'C:/openTCSPC3/SRC/vitis/zedboard_real_microscope/platform/export/platform/hw/emulated_microscope_wrapper3.xsa'.
17:51:01 INFO  : 'configparams force-mem-access 1' command is executed.
17:51:01 INFO  : Context for 'APU' is selected.
17:51:01 INFO  : Sourcing of 'C:/openTCSPC3/SRC/vitis/zedboard_real_microscope/app/_ide/psinit/ps7_init.tcl' is done.
17:51:01 INFO  : 'ps7_init' command is executed.
17:51:01 INFO  : 'ps7_post_config' command is executed.
17:51:01 INFO  : Context for processor 'ps7_cortexa9_0' is selected.
17:51:08 INFO  : The application 'C:/openTCSPC3/SRC/vitis/zedboard_real_microscope/app/Debug/app.elf' is downloaded to processor 'ps7_cortexa9_0'.
17:51:08 INFO  : 'configparams force-mem-access 0' command is executed.
17:51:08 INFO  : ----------------XSDB Script----------------
connect -url tcp:127.0.0.1:3121
targets -set -nocase -filter {name =~"APU*"}
rst -system
after 3000
targets -set -filter {jtag_cable_name =~ "Digilent Zed 210248BD1333" && level==0 && jtag_device_ctx=="jsn-Zed-210248BD1333-23727093-0"}
fpga -file C:/openTCSPC3/SRC/vitis/zedboard_real_microscope/app/_ide/bitstream/emulated_microscope_wrapper3.bit
targets -set -nocase -filter {name =~"APU*"}
loadhw -hw C:/openTCSPC3/SRC/vitis/zedboard_real_microscope/platform/export/platform/hw/emulated_microscope_wrapper3.xsa -mem-ranges [list {0x40000000 0xbfffffff}] -regs
configparams force-mem-access 1
targets -set -nocase -filter {name =~"APU*"}
source C:/openTCSPC3/SRC/vitis/zedboard_real_microscope/app/_ide/psinit/ps7_init.tcl
ps7_init
ps7_post_config
targets -set -nocase -filter {name =~ "*A9*#0"}
dow C:/openTCSPC3/SRC/vitis/zedboard_real_microscope/app/Debug/app.elf
configparams force-mem-access 0
----------------End of Script----------------

17:51:08 INFO  : Context for processor 'ps7_cortexa9_0' is selected.
17:51:08 INFO  : 'con' command is executed.
17:51:08 INFO  : ----------------XSDB Script (After Launch)----------------
targets -set -nocase -filter {name =~ "*A9*#0"}
con
----------------End of Script----------------

17:51:08 INFO  : Launch script is exported to file 'C:\openTCSPC3\SRC\vitis\zedboard_real_microscope\app_system\_ide\scripts\systemdebugger_app_system_standalone.tcl'
17:58:11 INFO  : Disconnected from the channel tcfchan#7.
19:11:19 INFO  : Hardware specification for platform project 'platform' is updated.
19:12:20 INFO  : Result from executing command 'getProjects': platform
19:12:21 INFO  : Result from executing command 'getPlatforms': platform|C:/openTCSPC3/SRC/vitis/zedboard_real_microscope/platform/export/platform/platform.xpfm;xilinx_zcu102_base_202420_1|C:/Xilinx/Vitis/2024.2/base_platforms/xilinx_zcu102_base_202420_1/xilinx_zcu102_base_202420_1.xpfm;xilinx_zcu102_base_dfx_202420_1|C:/Xilinx/Vitis/2024.2/base_platforms/xilinx_zcu102_base_dfx_202420_1/xilinx_zcu102_base_dfx_202420_1.xpfm;xilinx_zcu104_base_202420_1|C:/Xilinx/Vitis/2024.2/base_platforms/xilinx_zcu104_base_202420_1/xilinx_zcu104_base_202420_1.xpfm
19:12:28 INFO  : Checking for BSP changes to sync application flags for project 'app'...
19:12:51 INFO  : The hardware specification used by project 'app' is out of sync with the platform. Resource files extracted from the hardware specification will be updated.
19:12:51 INFO  : The file 'C:\openTCSPC3\SRC\vitis\zedboard_real_microscope\app\_ide\bitstream\emulated_microscope_wrapper3.bit' stored in project is removed.
19:12:51 INFO  : The file 'C:\openTCSPC3\SRC\vitis\zedboard_real_microscope\app\_ide\bitstream\emulated_microscope_wrapper3.mmi' stored in project is removed.
19:12:51 INFO  : The updated bitstream files are copied from platform to folder 'C:\openTCSPC3\SRC\vitis\zedboard_real_microscope\app\_ide\bitstream' in project 'app'.
19:12:51 INFO  : The file 'C:\openTCSPC3\SRC\vitis\zedboard_real_microscope\app\_ide\psinit\ps7_init.tcl' stored in project is removed.
19:12:58 INFO  : The updated ps init files are copied from platform to folder 'C:\openTCSPC3\SRC\vitis\zedboard_real_microscope\app\_ide\psinit' in project 'app'.
19:13:19 ERROR : (XRT Server)C:/Xilinx/Vitis/2024.2/bin/unwrapped/win64.o/xrt_server.exe: error: illegal option '-'
Usage: agent [OPTION]...
Start Target Communication Framework agent.
  -d               run in daemon mode (output is sent to system logger)
  -i               run in interactive mode
  -L<file>         enable logging, use -L- to send log to stderr
  -l<level>        set log level, the level is comma separated list of:
      alloc        memory allocation and deallocation (0x1)
      eventcore    main event queue (0x2)
      waitpid      waitpid() events (0x4)
      events       low-level debugger events (0x8)
      protocol     communication protocol (0x20)
      context      debug context actions (0x40)
      children     debug context children (0x10)
      discovery    discovery (0x80)
      asyncreq     async I/O (0x100)
      proxy        proxy state (0x200)
      tcflog       proxy traffic (0x400)
      elf          ELF reader (0x800)
      stack        stack trace service (0x2000)
      plugin       plugins (0x4000)
      shutdown     shutdown of subsystems (0x8000)
      disasm       disassembly service (0x10000)
  -s<url>          set agent listening port and protocol, default is tcp::0
  -S               print server properties in Json format to stdout
  -g<port>         start GDB Remote Serial Protocol server at the specified TCP port
  -I<idle-seconds> exit if there are no connections for the specified time

19:14:19 ERROR : Timed out. 60 seconds have elapsed while waiting for the XRT server to launch.
19:14:19 INFO  : Connected to target on host '127.0.0.1' and port '3121'.
19:14:19 INFO  : Jtag cable 'Digilent Zed 210248BD1333' is selected.
19:14:19 INFO  : 'jtag frequency' command is executed.
19:14:19 INFO  : Context for 'APU' is selected.
19:14:19 INFO  : System reset is completed.
19:14:22 INFO  : 'after 3000' command is executed.
19:14:22 INFO  : 'targets -set -filter {jtag_cable_name =~ "Digilent Zed 210248BD1333" && level==0 && jtag_device_ctx=="jsn-Zed-210248BD1333-23727093-0"}' command is executed.
19:14:25 INFO  : Device configured successfully with "C:/openTCSPC3/SRC/vitis/zedboard_real_microscope/app/_ide/bitstream/emulated_microscope_wrapper4.bit"
19:14:25 INFO  : Context for 'APU' is selected.
19:14:25 INFO  : Hardware design and registers information is loaded from 'C:/openTCSPC3/SRC/vitis/zedboard_real_microscope/platform/export/platform/hw/emulated_microscope_wrapper4.xsa'.
19:14:25 INFO  : 'configparams force-mem-access 1' command is executed.
19:14:25 INFO  : Context for 'APU' is selected.
19:14:25 INFO  : Sourcing of 'C:/openTCSPC3/SRC/vitis/zedboard_real_microscope/app/_ide/psinit/ps7_init.tcl' is done.
19:14:25 INFO  : 'ps7_init' command is executed.
19:14:25 INFO  : 'ps7_post_config' command is executed.
19:14:25 INFO  : Context for processor 'ps7_cortexa9_0' is selected.
19:14:32 INFO  : The application 'C:/openTCSPC3/SRC/vitis/zedboard_real_microscope/app/Debug/app.elf' is downloaded to processor 'ps7_cortexa9_0'.
19:14:32 INFO  : 'configparams force-mem-access 0' command is executed.
19:14:32 INFO  : ----------------XSDB Script----------------
connect -url tcp:127.0.0.1:3121
targets -set -nocase -filter {name =~"APU*"}
rst -system
after 3000
targets -set -filter {jtag_cable_name =~ "Digilent Zed 210248BD1333" && level==0 && jtag_device_ctx=="jsn-Zed-210248BD1333-23727093-0"}
fpga -file C:/openTCSPC3/SRC/vitis/zedboard_real_microscope/app/_ide/bitstream/emulated_microscope_wrapper4.bit
targets -set -nocase -filter {name =~"APU*"}
loadhw -hw C:/openTCSPC3/SRC/vitis/zedboard_real_microscope/platform/export/platform/hw/emulated_microscope_wrapper4.xsa -mem-ranges [list {0x40000000 0xbfffffff}] -regs
configparams force-mem-access 1
targets -set -nocase -filter {name =~"APU*"}
source C:/openTCSPC3/SRC/vitis/zedboard_real_microscope/app/_ide/psinit/ps7_init.tcl
ps7_init
ps7_post_config
targets -set -nocase -filter {name =~ "*A9*#0"}
dow C:/openTCSPC3/SRC/vitis/zedboard_real_microscope/app/Debug/app.elf
configparams force-mem-access 0
----------------End of Script----------------

19:14:32 INFO  : Context for processor 'ps7_cortexa9_0' is selected.
19:14:32 INFO  : 'con' command is executed.
19:14:32 INFO  : ----------------XSDB Script (After Launch)----------------
targets -set -nocase -filter {name =~ "*A9*#0"}
con
----------------End of Script----------------

19:14:32 INFO  : Launch script is exported to file 'C:\openTCSPC3\SRC\vitis\zedboard_real_microscope\app_system\_ide\scripts\systemdebugger_app_system_standalone.tcl'
19:16:46 INFO  : Disconnected from the channel tcfchan#10.
19:17:08 ERROR : (XRT Server)C:/Xilinx/Vitis/2024.2/bin/unwrapped/win64.o/xrt_server.exe: error: illegal option '-'
Usage: agent [OPTION]...
Start Target Communication Framework agent.
  -d               run in daemon mode (output is sent to system logger)
  -i               run in interactive mode
  -L<file>         enable logging, use -L- to send log to stderr
  -l<level>        set log level, the level is comma separated list of:
      alloc        memory allocation and deallocation (0x1)
      eventcore    main event queue (0x2)
      waitpid      waitpid() events (0x4)
      events       low-level debugger events (0x8)
      protocol     communication protocol (0x20)
      context      debug context actions (0x40)
      children     debug context children (0x10)
      discovery    discovery (0x80)
      asyncreq     async I/O (0x100)
      proxy        proxy state (0x200)
      tcflog       proxy traffic (0x400)
      elf          ELF reader (0x800)
      stack        stack trace service (0x2000)
      plugin       plugins (0x4000)
      shutdown     shutdown of subsystems (0x8000)
      disasm       disassembly service (0x10000)
  -s<url>          set agent listening port and protocol, default is tcp::0
  -S               print server properties in Json format to stdout
  -g<port>         start GDB Remote Serial Protocol server at the specified TCP port
  -I<idle-seconds> exit if there are no connections for the specified time

19:18:08 ERROR : Timed out. 60 seconds have elapsed while waiting for the XRT server to launch.
19:18:08 INFO  : Connected to target on host '127.0.0.1' and port '3121'.
19:18:08 INFO  : Jtag cable 'Digilent Zed 210248BD1333' is selected.
19:18:08 INFO  : 'jtag frequency' command is executed.
19:18:08 INFO  : Context for 'APU' is selected.
19:18:08 INFO  : System reset is completed.
19:18:11 INFO  : 'after 3000' command is executed.
19:18:11 INFO  : 'targets -set -filter {jtag_cable_name =~ "Digilent Zed 210248BD1333" && level==0 && jtag_device_ctx=="jsn-Zed-210248BD1333-23727093-0"}' command is executed.
19:18:13 INFO  : Device configured successfully with "C:/openTCSPC3/SRC/vitis/zedboard_real_microscope/app/_ide/bitstream/emulated_microscope_wrapper4.bit"
19:18:13 INFO  : Context for 'APU' is selected.
19:18:13 INFO  : Hardware design and registers information is loaded from 'C:/openTCSPC3/SRC/vitis/zedboard_real_microscope/platform/export/platform/hw/emulated_microscope_wrapper4.xsa'.
19:18:13 INFO  : 'configparams force-mem-access 1' command is executed.
19:18:13 INFO  : Context for 'APU' is selected.
19:18:13 INFO  : Sourcing of 'C:/openTCSPC3/SRC/vitis/zedboard_real_microscope/app/_ide/psinit/ps7_init.tcl' is done.
19:18:14 INFO  : 'ps7_init' command is executed.
19:18:14 INFO  : 'ps7_post_config' command is executed.
19:18:14 INFO  : Context for processor 'ps7_cortexa9_0' is selected.
19:18:21 INFO  : The application 'C:/openTCSPC3/SRC/vitis/zedboard_real_microscope/app/Debug/app.elf' is downloaded to processor 'ps7_cortexa9_0'.
19:18:21 INFO  : 'configparams force-mem-access 0' command is executed.
19:18:21 INFO  : ----------------XSDB Script----------------
connect -url tcp:127.0.0.1:3121
targets -set -nocase -filter {name =~"APU*"}
rst -system
after 3000
targets -set -filter {jtag_cable_name =~ "Digilent Zed 210248BD1333" && level==0 && jtag_device_ctx=="jsn-Zed-210248BD1333-23727093-0"}
fpga -file C:/openTCSPC3/SRC/vitis/zedboard_real_microscope/app/_ide/bitstream/emulated_microscope_wrapper4.bit
targets -set -nocase -filter {name =~"APU*"}
loadhw -hw C:/openTCSPC3/SRC/vitis/zedboard_real_microscope/platform/export/platform/hw/emulated_microscope_wrapper4.xsa -mem-ranges [list {0x40000000 0xbfffffff}] -regs
configparams force-mem-access 1
targets -set -nocase -filter {name =~"APU*"}
source C:/openTCSPC3/SRC/vitis/zedboard_real_microscope/app/_ide/psinit/ps7_init.tcl
ps7_init
ps7_post_config
targets -set -nocase -filter {name =~ "*A9*#0"}
dow C:/openTCSPC3/SRC/vitis/zedboard_real_microscope/app/Debug/app.elf
configparams force-mem-access 0
----------------End of Script----------------

19:18:21 INFO  : Context for processor 'ps7_cortexa9_0' is selected.
19:18:21 INFO  : 'con' command is executed.
19:18:21 INFO  : ----------------XSDB Script (After Launch)----------------
targets -set -nocase -filter {name =~ "*A9*#0"}
con
----------------End of Script----------------

19:18:21 INFO  : Launch script is exported to file 'C:\openTCSPC3\SRC\vitis\zedboard_real_microscope\app_system\_ide\scripts\systemdebugger_app_system_standalone.tcl'
19:33:07 INFO  : Disconnected from the channel tcfchan#11.
19:33:25 ERROR : (XRT Server)C:/Xilinx/Vitis/2024.2/bin/unwrapped/win64.o/xrt_server.exe: error: illegal option '-'
Usage: agent [OPTION]...
Start Target Communication Framework agent.
  -d               run in daemon mode (output is sent to system logger)
  -i               run in interactive mode
  -L<file>         enable logging, use -L- to send log to stderr
  -l<level>        set log level, the level is comma separated list of:
      alloc        memory allocation and deallocation (0x1)
      eventcore    main event queue (0x2)
      waitpid      waitpid() events (0x4)
      events       low-level debugger events (0x8)
      protocol     communication protocol (0x20)
      context      debug context actions (0x40)
      children     debug context children (0x10)
      discovery    discovery (0x80)
      asyncreq     async I/O (0x100)
      proxy        proxy state (0x200)
      tcflog       proxy traffic (0x400)
      elf          ELF reader (0x800)
      stack        stack trace service (0x2000)
      plugin       plugins (0x4000)
      shutdown     shutdown of subsystems (0x8000)
      disasm       disassembly service (0x10000)
  -s<url>          set agent listening port and protocol, default is tcp::0
  -S               print server properties in Json format to stdout
  -g<port>         start GDB Remote Serial Protocol server at the specified TCP port
  -I<idle-seconds> exit if there are no connections for the specified time

19:34:24 ERROR : Timed out. 60 seconds have elapsed while waiting for the XRT server to launch.
19:34:25 INFO  : Connected to target on host '127.0.0.1' and port '3121'.
19:34:25 INFO  : Jtag cable 'Digilent Zed 210248BD1333' is selected.
19:34:25 INFO  : 'jtag frequency' command is executed.
19:34:25 INFO  : Context for 'APU' is selected.
19:34:25 INFO  : System reset is completed.
19:34:28 INFO  : 'after 3000' command is executed.
19:34:28 INFO  : 'targets -set -filter {jtag_cable_name =~ "Digilent Zed 210248BD1333" && level==0 && jtag_device_ctx=="jsn-Zed-210248BD1333-23727093-0"}' command is executed.
19:34:30 INFO  : Device configured successfully with "C:/openTCSPC3/SRC/vitis/zedboard_real_microscope/app/_ide/bitstream/emulated_microscope_wrapper4.bit"
19:34:30 INFO  : Context for 'APU' is selected.
19:34:30 INFO  : Hardware design and registers information is loaded from 'C:/openTCSPC3/SRC/vitis/zedboard_real_microscope/platform/export/platform/hw/emulated_microscope_wrapper4.xsa'.
19:34:30 INFO  : 'configparams force-mem-access 1' command is executed.
19:34:31 INFO  : Context for 'APU' is selected.
19:34:31 INFO  : Sourcing of 'C:/openTCSPC3/SRC/vitis/zedboard_real_microscope/app/_ide/psinit/ps7_init.tcl' is done.
19:34:31 INFO  : 'ps7_init' command is executed.
19:34:31 INFO  : 'ps7_post_config' command is executed.
19:34:31 INFO  : Context for processor 'ps7_cortexa9_0' is selected.
19:34:38 INFO  : The application 'C:/openTCSPC3/SRC/vitis/zedboard_real_microscope/app/Debug/app.elf' is downloaded to processor 'ps7_cortexa9_0'.
19:34:38 INFO  : 'configparams force-mem-access 0' command is executed.
19:34:38 INFO  : ----------------XSDB Script----------------
connect -url tcp:127.0.0.1:3121
targets -set -nocase -filter {name =~"APU*"}
rst -system
after 3000
targets -set -filter {jtag_cable_name =~ "Digilent Zed 210248BD1333" && level==0 && jtag_device_ctx=="jsn-Zed-210248BD1333-23727093-0"}
fpga -file C:/openTCSPC3/SRC/vitis/zedboard_real_microscope/app/_ide/bitstream/emulated_microscope_wrapper4.bit
targets -set -nocase -filter {name =~"APU*"}
loadhw -hw C:/openTCSPC3/SRC/vitis/zedboard_real_microscope/platform/export/platform/hw/emulated_microscope_wrapper4.xsa -mem-ranges [list {0x40000000 0xbfffffff}] -regs
configparams force-mem-access 1
targets -set -nocase -filter {name =~"APU*"}
source C:/openTCSPC3/SRC/vitis/zedboard_real_microscope/app/_ide/psinit/ps7_init.tcl
ps7_init
ps7_post_config
targets -set -nocase -filter {name =~ "*A9*#0"}
dow C:/openTCSPC3/SRC/vitis/zedboard_real_microscope/app/Debug/app.elf
configparams force-mem-access 0
----------------End of Script----------------

19:34:38 INFO  : Context for processor 'ps7_cortexa9_0' is selected.
19:34:38 INFO  : 'con' command is executed.
19:34:38 INFO  : ----------------XSDB Script (After Launch)----------------
targets -set -nocase -filter {name =~ "*A9*#0"}
con
----------------End of Script----------------

19:34:38 INFO  : Launch script is exported to file 'C:\openTCSPC3\SRC\vitis\zedboard_real_microscope\app_system\_ide\scripts\systemdebugger_app_system_standalone.tcl'
19:34:46 INFO  : Disconnected from the channel tcfchan#12.
19:36:07 DEBUG : Logs will be stored at 'C:/openTCSPC3/SRC/vitis/zedboard_real_microscope/IDE.log'.
19:36:07 INFO  : Launching XSCT server: xsct.bat -n  -interactive C:\openTCSPC3\SRC\vitis\zedboard_real_microscope\temp_xsdb_launch_script.tcl
19:36:11 INFO  : XSCT server has started successfully.
19:36:11 INFO  : Successfully done setting XSCT server connection channel  
19:36:11 INFO  : plnx-install-location is set to ''
19:36:11 INFO  : Successfully done setting workspace for the tool. 
19:36:15 INFO  : Registering command handlers for Vitis TCF services
19:36:15 INFO  : Platform repository initialization has completed.
19:36:19 INFO  : Successfully done query RDI_DATADIR 
19:37:30 ERROR : (XRT Server)C:/Xilinx/Vitis/2024.2/bin/unwrapped/win64.o/xrt_server.exe: error: illegal option '-'
Usage: agent [OPTION]...
Start Target Communication Framework agent.
  -d               run in daemon mode (output is sent to system logger)
  -i               run in interactive mode
  -L<file>         enable logging, use -L- to send log to stderr
  -l<level>        set log level, the level is comma separated list of:
      alloc        memory allocation and deallocation (0x1)
      eventcore    main event queue (0x2)
      waitpid      waitpid() events (0x4)
      events       low-level debugger events (0x8)
      protocol     communication protocol (0x20)
      context      debug context actions (0x40)
      children     debug context children (0x10)
      discovery    discovery (0x80)
      asyncreq     async I/O (0x100)
      proxy        proxy state (0x200)
      tcflog       proxy traffic (0x400)
      elf          ELF reader (0x800)
      stack        stack trace service (0x2000)
      plugin       plugins (0x4000)
      shutdown     shutdown of subsystems (0x8000)
      disasm       disassembly service (0x10000)
  -s<url>          set agent listening port and protocol, default is tcp::0
  -S               print server properties in Json format to stdout
  -g<port>         start GDB Remote Serial Protocol server at the specified TCP port
  -I<idle-seconds> exit if there are no connections for the specified time

19:38:30 ERROR : Timed out. 60 seconds have elapsed while waiting for the XRT server to launch.
19:38:32 INFO  : Connected to target on host '127.0.0.1' and port '3121'.
19:38:34 INFO  : Jtag cable 'Digilent Zed 210248BD1333' is selected.
19:38:34 INFO  : 'jtag frequency' command is executed.
19:38:34 INFO  : Context for 'APU' is selected.
19:38:34 INFO  : System reset is completed.
19:38:37 INFO  : 'after 3000' command is executed.
19:38:37 INFO  : 'targets -set -filter {jtag_cable_name =~ "Digilent Zed 210248BD1333" && level==0 && jtag_device_ctx=="jsn-Zed-210248BD1333-23727093-0"}' command is executed.
19:38:39 INFO  : Device configured successfully with "C:/openTCSPC3/SRC/vitis/zedboard_real_microscope/app/_ide/bitstream/emulated_microscope_wrapper4.bit"
19:38:39 INFO  : Context for 'APU' is selected.
19:38:39 INFO  : Hardware design and registers information is loaded from 'C:/openTCSPC3/SRC/vitis/zedboard_real_microscope/platform/export/platform/hw/emulated_microscope_wrapper4.xsa'.
19:38:39 INFO  : 'configparams force-mem-access 1' command is executed.
19:38:39 INFO  : Context for 'APU' is selected.
19:38:39 INFO  : Sourcing of 'C:/openTCSPC3/SRC/vitis/zedboard_real_microscope/app/_ide/psinit/ps7_init.tcl' is done.
19:38:40 INFO  : 'ps7_init' command is executed.
19:38:40 INFO  : 'ps7_post_config' command is executed.
19:38:40 INFO  : Context for processor 'ps7_cortexa9_0' is selected.
19:38:47 INFO  : The application 'C:/openTCSPC3/SRC/vitis/zedboard_real_microscope/app/Debug/app.elf' is downloaded to processor 'ps7_cortexa9_0'.
19:38:47 INFO  : 'configparams force-mem-access 0' command is executed.
19:38:47 INFO  : ----------------XSDB Script----------------
connect -url tcp:127.0.0.1:3121
targets -set -nocase -filter {name =~"APU*"}
rst -system
after 3000
targets -set -filter {jtag_cable_name =~ "Digilent Zed 210248BD1333" && level==0 && jtag_device_ctx=="jsn-Zed-210248BD1333-23727093-0"}
fpga -file C:/openTCSPC3/SRC/vitis/zedboard_real_microscope/app/_ide/bitstream/emulated_microscope_wrapper4.bit
targets -set -nocase -filter {name =~"APU*"}
loadhw -hw C:/openTCSPC3/SRC/vitis/zedboard_real_microscope/platform/export/platform/hw/emulated_microscope_wrapper4.xsa -mem-ranges [list {0x40000000 0xbfffffff}] -regs
configparams force-mem-access 1
targets -set -nocase -filter {name =~"APU*"}
source C:/openTCSPC3/SRC/vitis/zedboard_real_microscope/app/_ide/psinit/ps7_init.tcl
ps7_init
ps7_post_config
targets -set -nocase -filter {name =~ "*A9*#0"}
dow C:/openTCSPC3/SRC/vitis/zedboard_real_microscope/app/Debug/app.elf
configparams force-mem-access 0
----------------End of Script----------------

19:38:47 INFO  : Context for processor 'ps7_cortexa9_0' is selected.
19:38:47 INFO  : 'con' command is executed.
19:38:47 INFO  : ----------------XSDB Script (After Launch)----------------
targets -set -nocase -filter {name =~ "*A9*#0"}
con
----------------End of Script----------------

19:38:47 INFO  : Launch script is exported to file 'C:\openTCSPC3\SRC\vitis\zedboard_real_microscope\app_system\_ide\scripts\systemdebugger_app_system_standalone.tcl'
21:47:08 DEBUG : Logs will be stored at 'C:/openTCSPC3/SRC/vitis/zedboard_real_microscope/IDE.log'.
21:47:09 INFO  : Launching XSCT server: xsct.bat -n  -interactive C:\openTCSPC3\SRC\vitis\zedboard_real_microscope\temp_xsdb_launch_script.tcl
21:47:15 INFO  : Platform repository initialization has completed.
21:47:15 INFO  : XSCT server has started successfully.
21:47:15 INFO  : Successfully done setting XSCT server connection channel  
21:47:15 INFO  : Registering command handlers for Vitis TCF services
21:47:22 INFO  : plnx-install-location is set to ''
21:47:22 INFO  : Successfully done setting workspace for the tool. 
21:47:22 INFO  : Successfully done query RDI_DATADIR 
21:47:41 ERROR : (XRT Server)C:/Xilinx/Vitis/2024.2/bin/unwrapped/win64.o/xrt_server.exe: error: illegal option '-'
Usage: agent [OPTION]...
Start Target Communication Framework agent.
  -d               run in daemon mode (output is sent to system logger)
  -i               run in interactive mode
  -L<file>         enable logging, use -L- to send log to stderr
  -l<level>        set log level, the level is comma separated list of:
      alloc        memory allocation and deallocation (0x1)
      eventcore    main event queue (0x2)
      waitpid      waitpid() events (0x4)
      events       low-level debugger events (0x8)
      protocol     communication protocol (0x20)
      context      debug context actions (0x40)
      children     debug context children (0x10)
      discovery    discovery (0x80)
      asyncreq     async I/O (0x100)
      proxy        proxy state (0x200)
      tcflog       proxy traffic (0x400)
      elf          ELF reader (0x800)
      stack        stack trace service (0x2000)
      plugin       plugins (0x4000)
      shutdown     shutdown of subsystems (0x8000)
      disasm       disassembly service (0x10000)
  -s<url>          set agent listening port and protocol, default is tcp::0
  -S               print server properties in Json format to stdout
  -g<port>         start GDB Remote Serial Protocol server at the specified TCP port
  -I<idle-seconds> exit if there are no connections for the specified time

21:48:40 ERROR : Timed out. 60 seconds have elapsed while waiting for the XRT server to launch.
21:48:43 INFO  : Connected to target on host '127.0.0.1' and port '3121'.
21:48:44 INFO  : Jtag cable 'Digilent Zed 210248BD1333' is selected.
21:48:44 INFO  : 'jtag frequency' command is executed.
21:48:44 INFO  : Context for 'APU' is selected.
21:48:44 INFO  : System reset is completed.
21:48:47 INFO  : 'after 3000' command is executed.
21:48:47 INFO  : 'targets -set -filter {jtag_cable_name =~ "Digilent Zed 210248BD1333" && level==0 && jtag_device_ctx=="jsn-Zed-210248BD1333-23727093-0"}' command is executed.
21:48:50 INFO  : Device configured successfully with "C:/openTCSPC3/SRC/vitis/zedboard_real_microscope/app/_ide/bitstream/emulated_microscope_wrapper4.bit"
21:48:50 INFO  : Context for 'APU' is selected.
21:48:50 INFO  : Hardware design and registers information is loaded from 'C:/openTCSPC3/SRC/vitis/zedboard_real_microscope/platform/export/platform/hw/emulated_microscope_wrapper4.xsa'.
21:48:50 INFO  : 'configparams force-mem-access 1' command is executed.
21:48:50 INFO  : Context for 'APU' is selected.
21:48:50 INFO  : Sourcing of 'C:/openTCSPC3/SRC/vitis/zedboard_real_microscope/app/_ide/psinit/ps7_init.tcl' is done.
21:48:51 INFO  : 'ps7_init' command is executed.
21:48:51 INFO  : 'ps7_post_config' command is executed.
21:48:51 INFO  : Context for processor 'ps7_cortexa9_0' is selected.
21:48:58 INFO  : The application 'C:/openTCSPC3/SRC/vitis/zedboard_real_microscope/app/Debug/app.elf' is downloaded to processor 'ps7_cortexa9_0'.
21:48:58 INFO  : 'configparams force-mem-access 0' command is executed.
21:48:58 INFO  : ----------------XSDB Script----------------
connect -url tcp:127.0.0.1:3121
targets -set -nocase -filter {name =~"APU*"}
rst -system
after 3000
targets -set -filter {jtag_cable_name =~ "Digilent Zed 210248BD1333" && level==0 && jtag_device_ctx=="jsn-Zed-210248BD1333-23727093-0"}
fpga -file C:/openTCSPC3/SRC/vitis/zedboard_real_microscope/app/_ide/bitstream/emulated_microscope_wrapper4.bit
targets -set -nocase -filter {name =~"APU*"}
loadhw -hw C:/openTCSPC3/SRC/vitis/zedboard_real_microscope/platform/export/platform/hw/emulated_microscope_wrapper4.xsa -mem-ranges [list {0x40000000 0xbfffffff}] -regs
configparams force-mem-access 1
targets -set -nocase -filter {name =~"APU*"}
source C:/openTCSPC3/SRC/vitis/zedboard_real_microscope/app/_ide/psinit/ps7_init.tcl
ps7_init
ps7_post_config
targets -set -nocase -filter {name =~ "*A9*#0"}
dow C:/openTCSPC3/SRC/vitis/zedboard_real_microscope/app/Debug/app.elf
configparams force-mem-access 0
----------------End of Script----------------

21:48:58 INFO  : Context for processor 'ps7_cortexa9_0' is selected.
21:48:58 INFO  : 'con' command is executed.
21:48:58 INFO  : ----------------XSDB Script (After Launch)----------------
targets -set -nocase -filter {name =~ "*A9*#0"}
con
----------------End of Script----------------

21:48:58 INFO  : Launch script is exported to file 'C:\openTCSPC3\SRC\vitis\zedboard_real_microscope\app_system\_ide\scripts\systemdebugger_app_system_standalone.tcl'
21:57:00 INFO  : Disconnected from the channel tcfchan#1.
21:57:01 ERROR : (XRT Server)C:/Xilinx/Vitis/2024.2/bin/unwrapped/win64.o/xrt_server.exe: error: illegal option '-'
Usage: agent [OPTION]...
Start Target Communication Framework agent.
  -d               run in daemon mode (output is sent to system logger)
  -i               run in interactive mode
  -L<file>         enable logging, use -L- to send log to stderr
  -l<level>        set log level, the level is comma separated list of:
      alloc        memory allocation and deallocation (0x1)
      eventcore    main event queue (0x2)
      waitpid      waitpid() events (0x4)
      events       low-level debugger events (0x8)
      protocol     communication protocol (0x20)
      context      debug context actions (0x40)
      children     debug context children (0x10)
      discovery    discovery (0x80)
      asyncreq     async I/O (0x100)
      proxy        proxy state (0x200)
      tcflog       proxy traffic (0x400)
      elf          ELF reader (0x800)
      stack        stack trace service (0x2000)
      plugin       plugins (0x4000)
      shutdown     shutdown of subsystems (0x8000)
      disasm       disassembly service (0x10000)
  -s<url>          set agent listening port and protocol, default is tcp::0
  -S               print server properties in Json format to stdout
  -g<port>         start GDB Remote Serial Protocol server at the specified TCP port
  -I<idle-seconds> exit if there are no connections for the specified time

21:58:01 ERROR : Timed out. 60 seconds have elapsed while waiting for the XRT server to launch.
21:58:01 INFO  : Connected to target on host '127.0.0.1' and port '3121'.
21:58:01 INFO  : Jtag cable 'Digilent Zed 210248BD1333' is selected.
21:58:01 INFO  : 'jtag frequency' command is executed.
21:58:01 INFO  : Context for 'APU' is selected.
21:58:01 INFO  : System reset is completed.
21:58:04 INFO  : 'after 3000' command is executed.
21:58:04 INFO  : 'targets -set -filter {jtag_cable_name =~ "Digilent Zed 210248BD1333" && level==0 && jtag_device_ctx=="jsn-Zed-210248BD1333-23727093-0"}' command is executed.
21:58:07 INFO  : Device configured successfully with "C:/openTCSPC3/SRC/vitis/zedboard_real_microscope/app/_ide/bitstream/emulated_microscope_wrapper4.bit"
21:58:07 INFO  : Context for 'APU' is selected.
21:58:21 INFO  : Hardware design and registers information is loaded from 'C:/openTCSPC3/SRC/vitis/zedboard_real_microscope/platform/export/platform/hw/emulated_microscope_wrapper4.xsa'.
21:58:21 INFO  : 'configparams force-mem-access 1' command is executed.
21:58:21 INFO  : Context for 'APU' is selected.
21:58:21 INFO  : Sourcing of 'C:/openTCSPC3/SRC/vitis/zedboard_real_microscope/app/_ide/psinit/ps7_init.tcl' is done.
21:58:21 INFO  : 'ps7_init' command is executed.
21:58:21 INFO  : 'ps7_post_config' command is executed.
21:58:21 INFO  : Context for processor 'ps7_cortexa9_0' is selected.
21:58:28 INFO  : The application 'C:/openTCSPC3/SRC/vitis/zedboard_real_microscope/app/Debug/app.elf' is downloaded to processor 'ps7_cortexa9_0'.
21:58:28 INFO  : 'configparams force-mem-access 0' command is executed.
21:58:28 INFO  : ----------------XSDB Script----------------
connect -url tcp:127.0.0.1:3121
targets -set -nocase -filter {name =~"APU*"}
rst -system
after 3000
targets -set -filter {jtag_cable_name =~ "Digilent Zed 210248BD1333" && level==0 && jtag_device_ctx=="jsn-Zed-210248BD1333-23727093-0"}
fpga -file C:/openTCSPC3/SRC/vitis/zedboard_real_microscope/app/_ide/bitstream/emulated_microscope_wrapper4.bit
targets -set -nocase -filter {name =~"APU*"}
loadhw -hw C:/openTCSPC3/SRC/vitis/zedboard_real_microscope/platform/export/platform/hw/emulated_microscope_wrapper4.xsa -mem-ranges [list {0x40000000 0xbfffffff}] -regs
configparams force-mem-access 1
targets -set -nocase -filter {name =~"APU*"}
source C:/openTCSPC3/SRC/vitis/zedboard_real_microscope/app/_ide/psinit/ps7_init.tcl
ps7_init
ps7_post_config
targets -set -nocase -filter {name =~ "*A9*#0"}
dow C:/openTCSPC3/SRC/vitis/zedboard_real_microscope/app/Debug/app.elf
configparams force-mem-access 0
----------------End of Script----------------

21:58:28 INFO  : Context for processor 'ps7_cortexa9_0' is selected.
21:58:28 INFO  : 'con' command is executed.
21:58:28 INFO  : ----------------XSDB Script (After Launch)----------------
targets -set -nocase -filter {name =~ "*A9*#0"}
con
----------------End of Script----------------

21:58:28 INFO  : Launch script is exported to file 'C:\openTCSPC3\SRC\vitis\zedboard_real_microscope\app_system\_ide\scripts\systemdebugger_app_system_standalone.tcl'
22:25:16 INFO  : Hardware specification for platform project 'platform' is updated.
22:26:34 INFO  : Result from executing command 'getProjects': platform
22:26:34 INFO  : Result from executing command 'getPlatforms': platform|C:/openTCSPC3/SRC/vitis/zedboard_real_microscope/platform/export/platform/platform.xpfm;xilinx_zcu102_base_202420_1|C:/Xilinx/Vitis/2024.2/base_platforms/xilinx_zcu102_base_202420_1/xilinx_zcu102_base_202420_1.xpfm;xilinx_zcu102_base_dfx_202420_1|C:/Xilinx/Vitis/2024.2/base_platforms/xilinx_zcu102_base_dfx_202420_1/xilinx_zcu102_base_dfx_202420_1.xpfm;xilinx_zcu104_base_202420_1|C:/Xilinx/Vitis/2024.2/base_platforms/xilinx_zcu104_base_202420_1/xilinx_zcu104_base_202420_1.xpfm
22:26:36 INFO  : Checking for BSP changes to sync application flags for project 'app'...
22:26:58 INFO  : The hardware specification used by project 'app' is out of sync with the platform. Resource files extracted from the hardware specification will be updated.
22:26:58 INFO  : The file 'C:\openTCSPC3\SRC\vitis\zedboard_real_microscope\app\_ide\bitstream\emulated_microscope_wrapper4.bit' stored in project is removed.
22:26:58 INFO  : The file 'C:\openTCSPC3\SRC\vitis\zedboard_real_microscope\app\_ide\bitstream\emulated_microscope_wrapper4.mmi' stored in project is removed.
22:26:58 INFO  : The updated bitstream files are copied from platform to folder 'C:\openTCSPC3\SRC\vitis\zedboard_real_microscope\app\_ide\bitstream' in project 'app'.
22:26:58 INFO  : The file 'C:\openTCSPC3\SRC\vitis\zedboard_real_microscope\app\_ide\psinit\ps7_init.tcl' stored in project is removed.
22:27:05 INFO  : The updated ps init files are copied from platform to folder 'C:\openTCSPC3\SRC\vitis\zedboard_real_microscope\app\_ide\psinit' in project 'app'.
22:28:22 INFO  : Disconnected from the channel tcfchan#2.
22:28:23 ERROR : (XRT Server)C:/Xilinx/Vitis/2024.2/bin/unwrapped/win64.o/xrt_server.exe: error: illegal option '-'
Usage: agent [OPTION]...
Start Target Communication Framework agent.
  -d               run in daemon mode (output is sent to system logger)
  -i               run in interactive mode
  -L<file>         enable logging, use -L- to send log to stderr
  -l<level>        set log level, the level is comma separated list of:
      alloc        memory allocation and deallocation (0x1)
      eventcore    main event queue (0x2)
      waitpid      waitpid() events (0x4)
      events       low-level debugger events (0x8)
      protocol     communication protocol (0x20)
      context      debug context actions (0x40)
      children     debug context children (0x10)
      discovery    discovery (0x80)
      asyncreq     async I/O (0x100)
      proxy        proxy state (0x200)
      tcflog       proxy traffic (0x400)
      elf          ELF reader (0x800)
      stack        stack trace service (0x2000)
      plugin       plugins (0x4000)
      shutdown     shutdown of subsystems (0x8000)
      disasm       disassembly service (0x10000)
  -s<url>          set agent listening port and protocol, default is tcp::0
  -S               print server properties in Json format to stdout
  -g<port>         start GDB Remote Serial Protocol server at the specified TCP port
  -I<idle-seconds> exit if there are no connections for the specified time

22:29:22 ERROR : Timed out. 60 seconds have elapsed while waiting for the XRT server to launch.
22:29:23 INFO  : Connected to target on host '127.0.0.1' and port '3121'.
22:29:23 INFO  : Jtag cable 'Digilent Zed 210248BD1333' is selected.
22:29:23 INFO  : 'jtag frequency' command is executed.
22:29:23 INFO  : Context for 'APU' is selected.
22:29:23 INFO  : System reset is completed.
22:29:26 INFO  : 'after 3000' command is executed.
22:29:26 INFO  : 'targets -set -filter {jtag_cable_name =~ "Digilent Zed 210248BD1333" && level==0 && jtag_device_ctx=="jsn-Zed-210248BD1333-23727093-0"}' command is executed.
22:29:26 ERROR : couldn't open "C:/openTCSPC3/SRC/vitis/zedboard_real_microscope/app/_ide/bitstream/emulated_microscope_wrapper4.bit": no such file or directory
22:29:26 ERROR : Exception occured while running Program Device.
java.lang.RuntimeException: couldn't open "C:/openTCSPC3/SRC/vitis/zedboard_real_microscope/app/_ide/bitstream/emulated_microscope_wrapper4.bit": no such file or directory
22:29:26 INFO  : ----------------XSDB Script----------------
connect -url tcp:127.0.0.1:3121
targets -set -nocase -filter {name =~"APU*"}
rst -system
after 3000
----------------End of Script----------------

22:29:26 ERROR : couldn't open "C:/openTCSPC3/SRC/vitis/zedboard_real_microscope/app/_ide/bitstream/emulated_microscope_wrapper4.bit": no such file or directory
22:30:01 ERROR : (XRT Server)C:/Xilinx/Vitis/2024.2/bin/unwrapped/win64.o/xrt_server.exe: error: illegal option '-'
Usage: agent [OPTION]...
Start Target Communication Framework agent.
  -d               run in daemon mode (output is sent to system logger)
  -i               run in interactive mode
  -L<file>         enable logging, use -L- to send log to stderr
  -l<level>        set log level, the level is comma separated list of:
      alloc        memory allocation and deallocation (0x1)
      eventcore    main event queue (0x2)
      waitpid      waitpid() events (0x4)
      events       low-level debugger events (0x8)
      protocol     communication protocol (0x20)
      context      debug context actions (0x40)
      children     debug context children (0x10)
      discovery    discovery (0x80)
      asyncreq     async I/O (0x100)
      proxy        proxy state (0x200)
      tcflog       proxy traffic (0x400)
      elf          ELF reader (0x800)
      stack        stack trace service (0x2000)
      plugin       plugins (0x4000)
      shutdown     shutdown of subsystems (0x8000)
      disasm       disassembly service (0x10000)
  -s<url>          set agent listening port and protocol, default is tcp::0
  -S               print server properties in Json format to stdout
  -g<port>         start GDB Remote Serial Protocol server at the specified TCP port
  -I<idle-seconds> exit if there are no connections for the specified time

22:31:00 ERROR : Timed out. 60 seconds have elapsed while waiting for the XRT server to launch.
22:31:00 INFO  : Connected to target on host '127.0.0.1' and port '3121'.
22:31:00 INFO  : Jtag cable 'Digilent Zed 210248BD1333' is selected.
22:31:00 INFO  : 'jtag frequency' command is executed.
22:31:00 INFO  : Context for 'APU' is selected.
22:31:00 INFO  : System reset is completed.
22:31:03 INFO  : 'after 3000' command is executed.
22:31:03 INFO  : 'targets -set -filter {jtag_cable_name =~ "Digilent Zed 210248BD1333" && level==0 && jtag_device_ctx=="jsn-Zed-210248BD1333-23727093-0"}' command is executed.
22:31:06 INFO  : Device configured successfully with "C:/openTCSPC3/SRC/vitis/zedboard_real_microscope/app/_ide/bitstream/emulated_microscope_wrapper5.bit"
22:31:06 INFO  : Context for 'APU' is selected.
22:31:06 INFO  : Hardware design and registers information is loaded from 'C:/openTCSPC3/SRC/vitis/zedboard_real_microscope/platform/export/platform/hw/emulated_microscope_wrapper5.xsa'.
22:31:06 INFO  : 'configparams force-mem-access 1' command is executed.
22:31:06 INFO  : Context for 'APU' is selected.
22:31:06 INFO  : Sourcing of 'C:/openTCSPC3/SRC/vitis/zedboard_real_microscope/app/_ide/psinit/ps7_init.tcl' is done.
22:31:06 INFO  : 'ps7_init' command is executed.
22:31:06 INFO  : 'ps7_post_config' command is executed.
22:31:06 INFO  : Context for processor 'ps7_cortexa9_0' is selected.
22:31:13 INFO  : The application 'C:/openTCSPC3/SRC/vitis/zedboard_real_microscope/app/Debug/app.elf' is downloaded to processor 'ps7_cortexa9_0'.
22:31:13 INFO  : 'configparams force-mem-access 0' command is executed.
22:31:13 INFO  : ----------------XSDB Script----------------
connect -url tcp:127.0.0.1:3121
targets -set -nocase -filter {name =~"APU*"}
rst -system
after 3000
targets -set -filter {jtag_cable_name =~ "Digilent Zed 210248BD1333" && level==0 && jtag_device_ctx=="jsn-Zed-210248BD1333-23727093-0"}
fpga -file C:/openTCSPC3/SRC/vitis/zedboard_real_microscope/app/_ide/bitstream/emulated_microscope_wrapper5.bit
targets -set -nocase -filter {name =~"APU*"}
loadhw -hw C:/openTCSPC3/SRC/vitis/zedboard_real_microscope/platform/export/platform/hw/emulated_microscope_wrapper5.xsa -mem-ranges [list {0x40000000 0xbfffffff}] -regs
configparams force-mem-access 1
targets -set -nocase -filter {name =~"APU*"}
source C:/openTCSPC3/SRC/vitis/zedboard_real_microscope/app/_ide/psinit/ps7_init.tcl
ps7_init
ps7_post_config
targets -set -nocase -filter {name =~ "*A9*#0"}
dow C:/openTCSPC3/SRC/vitis/zedboard_real_microscope/app/Debug/app.elf
configparams force-mem-access 0
----------------End of Script----------------

22:31:13 INFO  : Context for processor 'ps7_cortexa9_0' is selected.
22:31:13 INFO  : 'con' command is executed.
22:31:13 INFO  : ----------------XSDB Script (After Launch)----------------
targets -set -nocase -filter {name =~ "*A9*#0"}
con
----------------End of Script----------------

22:31:13 INFO  : Launch script is exported to file 'C:\openTCSPC3\SRC\vitis\zedboard_real_microscope\app_system\_ide\scripts\systemdebugger_app_system_standalone.tcl'
23:15:53 INFO  : Hardware specification for platform project 'platform' is updated.
23:16:40 INFO  : Result from executing command 'getProjects': platform
23:16:40 INFO  : Result from executing command 'getPlatforms': platform|C:/openTCSPC3/SRC/vitis/zedboard_real_microscope/platform/export/platform/platform.xpfm;xilinx_zcu102_base_202420_1|C:/Xilinx/Vitis/2024.2/base_platforms/xilinx_zcu102_base_202420_1/xilinx_zcu102_base_202420_1.xpfm;xilinx_zcu102_base_dfx_202420_1|C:/Xilinx/Vitis/2024.2/base_platforms/xilinx_zcu102_base_dfx_202420_1/xilinx_zcu102_base_dfx_202420_1.xpfm;xilinx_zcu104_base_202420_1|C:/Xilinx/Vitis/2024.2/base_platforms/xilinx_zcu104_base_202420_1/xilinx_zcu104_base_202420_1.xpfm
23:16:41 INFO  : Checking for BSP changes to sync application flags for project 'app'...
23:17:03 INFO  : The hardware specification used by project 'app' is out of sync with the platform. Resource files extracted from the hardware specification will be updated.
23:17:03 INFO  : The file 'C:\openTCSPC3\SRC\vitis\zedboard_real_microscope\app\_ide\bitstream\emulated_microscope_wrapper5.bit' stored in project is removed.
23:17:03 INFO  : The file 'C:\openTCSPC3\SRC\vitis\zedboard_real_microscope\app\_ide\bitstream\emulated_microscope_wrapper5.mmi' stored in project is removed.
23:17:03 INFO  : The updated bitstream files are copied from platform to folder 'C:\openTCSPC3\SRC\vitis\zedboard_real_microscope\app\_ide\bitstream' in project 'app'.
23:17:03 INFO  : The file 'C:\openTCSPC3\SRC\vitis\zedboard_real_microscope\app\_ide\psinit\ps7_init.tcl' stored in project is removed.
23:17:10 INFO  : The updated ps init files are copied from platform to folder 'C:\openTCSPC3\SRC\vitis\zedboard_real_microscope\app\_ide\psinit' in project 'app'.
23:17:30 ERROR : (XRT Server)C:/Xilinx/Vitis/2024.2/bin/unwrapped/win64.o/xrt_server.exe: error: illegal option '-'
Usage: agent [OPTION]...
Start Target Communication Framework agent.
  -d               run in daemon mode (output is sent to system logger)
  -i               run in interactive mode
  -L<file>         enable logging, use -L- to send log to stderr
  -l<level>        set log level, the level is comma separated list of:
      alloc        memory allocation and deallocation (0x1)
      eventcore    main event queue (0x2)
      waitpid      waitpid() events (0x4)
      events       low-level debugger events (0x8)
      protocol     communication protocol (0x20)
      context      debug context actions (0x40)
      children     debug context children (0x10)
      discovery    discovery (0x80)
      asyncreq     async I/O (0x100)
      proxy        proxy state (0x200)
      tcflog       proxy traffic (0x400)
      elf          ELF reader (0x800)
      stack        stack trace service (0x2000)
      plugin       plugins (0x4000)
      shutdown     shutdown of subsystems (0x8000)
      disasm       disassembly service (0x10000)
  -s<url>          set agent listening port and protocol, default is tcp::0
  -S               print server properties in Json format to stdout
  -g<port>         start GDB Remote Serial Protocol server at the specified TCP port
  -I<idle-seconds> exit if there are no connections for the specified time

23:18:29 ERROR : Timed out. 60 seconds have elapsed while waiting for the XRT server to launch.
23:18:34 INFO  : Disconnected from the channel tcfchan#5.
23:18:36 INFO  : Connected to target on host '127.0.0.1' and port '3121'.
23:18:36 INFO  : Jtag cable 'Digilent Zed 210248BD1333' is selected.
23:18:36 INFO  : 'jtag frequency' command is executed.
23:18:36 INFO  : Context for 'APU' is selected.
23:18:36 INFO  : System reset is completed.
23:18:39 INFO  : 'after 3000' command is executed.
23:18:39 INFO  : 'targets -set -filter {jtag_cable_name =~ "Digilent Zed 210248BD1333" && level==0 && jtag_device_ctx=="jsn-Zed-210248BD1333-23727093-0"}' command is executed.
23:18:41 INFO  : Device configured successfully with "C:/openTCSPC3/SRC/vitis/zedboard_real_microscope/app/_ide/bitstream/emulated_microscope_wrapper6.bit"
23:18:41 INFO  : Context for 'APU' is selected.
23:18:41 INFO  : Hardware design and registers information is loaded from 'C:/openTCSPC3/SRC/vitis/zedboard_real_microscope/platform/export/platform/hw/emulated_microscope_wrapper6.xsa'.
23:18:41 INFO  : 'configparams force-mem-access 1' command is executed.
23:18:41 INFO  : Context for 'APU' is selected.
23:18:41 INFO  : Sourcing of 'C:/openTCSPC3/SRC/vitis/zedboard_real_microscope/app/_ide/psinit/ps7_init.tcl' is done.
23:18:42 INFO  : 'ps7_init' command is executed.
23:18:42 INFO  : 'ps7_post_config' command is executed.
23:18:42 INFO  : Context for processor 'ps7_cortexa9_0' is selected.
23:18:49 INFO  : The application 'C:/openTCSPC3/SRC/vitis/zedboard_real_microscope/app/Debug/app.elf' is downloaded to processor 'ps7_cortexa9_0'.
23:18:49 INFO  : 'configparams force-mem-access 0' command is executed.
23:18:49 INFO  : ----------------XSDB Script----------------
connect -url tcp:127.0.0.1:3121
targets -set -nocase -filter {name =~"APU*"}
rst -system
after 3000
targets -set -filter {jtag_cable_name =~ "Digilent Zed 210248BD1333" && level==0 && jtag_device_ctx=="jsn-Zed-210248BD1333-23727093-0"}
fpga -file C:/openTCSPC3/SRC/vitis/zedboard_real_microscope/app/_ide/bitstream/emulated_microscope_wrapper6.bit
targets -set -nocase -filter {name =~"APU*"}
loadhw -hw C:/openTCSPC3/SRC/vitis/zedboard_real_microscope/platform/export/platform/hw/emulated_microscope_wrapper6.xsa -mem-ranges [list {0x40000000 0xbfffffff}] -regs
configparams force-mem-access 1
targets -set -nocase -filter {name =~"APU*"}
source C:/openTCSPC3/SRC/vitis/zedboard_real_microscope/app/_ide/psinit/ps7_init.tcl
ps7_init
ps7_post_config
targets -set -nocase -filter {name =~ "*A9*#0"}
dow C:/openTCSPC3/SRC/vitis/zedboard_real_microscope/app/Debug/app.elf
configparams force-mem-access 0
----------------End of Script----------------

23:18:49 INFO  : Context for processor 'ps7_cortexa9_0' is selected.
23:18:49 INFO  : 'con' command is executed.
23:18:49 INFO  : ----------------XSDB Script (After Launch)----------------
targets -set -nocase -filter {name =~ "*A9*#0"}
con
----------------End of Script----------------

23:18:49 INFO  : Launch script is exported to file 'C:\openTCSPC3\SRC\vitis\zedboard_real_microscope\app_system\_ide\scripts\systemdebugger_app_system_standalone.tcl'
23:24:24 INFO  : Disconnected from the channel tcfchan#8.
23:24:25 ERROR : (XRT Server)C:/Xilinx/Vitis/2024.2/bin/unwrapped/win64.o/xrt_server.exe: error: illegal option '-'
Usage: agent [OPTION]...
Start Target Communication Framework agent.
  -d               run in daemon mode (output is sent to system logger)
  -i               run in interactive mode
  -L<file>         enable logging, use -L- to send log to stderr
  -l<level>        set log level, the level is comma separated list of:
      alloc        memory allocation and deallocation (0x1)
      eventcore    main event queue (0x2)
      waitpid      waitpid() events (0x4)
      events       low-level debugger events (0x8)
      protocol     communication protocol (0x20)
      context      debug context actions (0x40)
      children     debug context children (0x10)
      discovery    discovery (0x80)
      asyncreq     async I/O (0x100)
      proxy        proxy state (0x200)
      tcflog       proxy traffic (0x400)
      elf          ELF reader (0x800)
      stack        stack trace service (0x2000)
      plugin       plugins (0x4000)
      shutdown     shutdown of subsystems (0x8000)
      disasm       disassembly service (0x10000)
  -s<url>          set agent listening port and protocol, default is tcp::0
  -S               print server properties in Json format to stdout
  -g<port>         start GDB Remote Serial Protocol server at the specified TCP port
  -I<idle-seconds> exit if there are no connections for the specified time

23:25:24 ERROR : Timed out. 60 seconds have elapsed while waiting for the XRT server to launch.
23:25:24 INFO  : Connected to target on host '127.0.0.1' and port '3121'.
23:25:24 INFO  : Jtag cable 'Digilent Zed 210248BD1333' is selected.
23:25:24 INFO  : 'jtag frequency' command is executed.
23:25:24 INFO  : Context for 'APU' is selected.
23:25:24 INFO  : System reset is completed.
23:25:27 INFO  : 'after 3000' command is executed.
23:25:28 INFO  : 'targets -set -filter {jtag_cable_name =~ "Digilent Zed 210248BD1333" && level==0 && jtag_device_ctx=="jsn-Zed-210248BD1333-23727093-0"}' command is executed.
23:25:30 INFO  : Device configured successfully with "C:/openTCSPC3/SRC/vitis/zedboard_real_microscope/app/_ide/bitstream/emulated_microscope_wrapper6.bit"
23:25:30 INFO  : Context for 'APU' is selected.
23:25:30 INFO  : Hardware design and registers information is loaded from 'C:/openTCSPC3/SRC/vitis/zedboard_real_microscope/platform/export/platform/hw/emulated_microscope_wrapper6.xsa'.
23:25:30 INFO  : 'configparams force-mem-access 1' command is executed.
23:25:30 INFO  : Context for 'APU' is selected.
23:25:30 INFO  : Sourcing of 'C:/openTCSPC3/SRC/vitis/zedboard_real_microscope/app/_ide/psinit/ps7_init.tcl' is done.
23:25:31 INFO  : 'ps7_init' command is executed.
23:25:31 INFO  : 'ps7_post_config' command is executed.
23:25:31 INFO  : Context for processor 'ps7_cortexa9_0' is selected.
23:25:37 INFO  : The application 'C:/openTCSPC3/SRC/vitis/zedboard_real_microscope/app/Debug/app.elf' is downloaded to processor 'ps7_cortexa9_0'.
23:25:37 INFO  : 'configparams force-mem-access 0' command is executed.
23:25:37 INFO  : ----------------XSDB Script----------------
connect -url tcp:127.0.0.1:3121
targets -set -nocase -filter {name =~"APU*"}
rst -system
after 3000
targets -set -filter {jtag_cable_name =~ "Digilent Zed 210248BD1333" && level==0 && jtag_device_ctx=="jsn-Zed-210248BD1333-23727093-0"}
fpga -file C:/openTCSPC3/SRC/vitis/zedboard_real_microscope/app/_ide/bitstream/emulated_microscope_wrapper6.bit
targets -set -nocase -filter {name =~"APU*"}
loadhw -hw C:/openTCSPC3/SRC/vitis/zedboard_real_microscope/platform/export/platform/hw/emulated_microscope_wrapper6.xsa -mem-ranges [list {0x40000000 0xbfffffff}] -regs
configparams force-mem-access 1
targets -set -nocase -filter {name =~"APU*"}
source C:/openTCSPC3/SRC/vitis/zedboard_real_microscope/app/_ide/psinit/ps7_init.tcl
ps7_init
ps7_post_config
targets -set -nocase -filter {name =~ "*A9*#0"}
dow C:/openTCSPC3/SRC/vitis/zedboard_real_microscope/app/Debug/app.elf
configparams force-mem-access 0
----------------End of Script----------------

23:25:38 INFO  : Context for processor 'ps7_cortexa9_0' is selected.
23:25:38 INFO  : 'con' command is executed.
23:25:38 INFO  : ----------------XSDB Script (After Launch)----------------
targets -set -nocase -filter {name =~ "*A9*#0"}
con
----------------End of Script----------------

23:25:38 INFO  : Launch script is exported to file 'C:\openTCSPC3\SRC\vitis\zedboard_real_microscope\app_system\_ide\scripts\systemdebugger_app_system_standalone.tcl'
23:28:00 INFO  : Checking for BSP changes to sync application flags for project 'app'...
23:28:13 INFO  : Disconnected from the channel tcfchan#9.
23:28:14 ERROR : (XRT Server)C:/Xilinx/Vitis/2024.2/bin/unwrapped/win64.o/xrt_server.exe: error: illegal option '-'
Usage: agent [OPTION]...
Start Target Communication Framework agent.
  -d               run in daemon mode (output is sent to system logger)
  -i               run in interactive mode
  -L<file>         enable logging, use -L- to send log to stderr
  -l<level>        set log level, the level is comma separated list of:
      alloc        memory allocation and deallocation (0x1)
      eventcore    main event queue (0x2)
      waitpid      waitpid() events (0x4)
      events       low-level debugger events (0x8)
      protocol     communication protocol (0x20)
      context      debug context actions (0x40)
      children     debug context children (0x10)
      discovery    discovery (0x80)
      asyncreq     async I/O (0x100)
      proxy        proxy state (0x200)
      tcflog       proxy traffic (0x400)
      elf          ELF reader (0x800)
      stack        stack trace service (0x2000)
      plugin       plugins (0x4000)
      shutdown     shutdown of subsystems (0x8000)
      disasm       disassembly service (0x10000)
  -s<url>          set agent listening port and protocol, default is tcp::0
  -S               print server properties in Json format to stdout
  -g<port>         start GDB Remote Serial Protocol server at the specified TCP port
  -I<idle-seconds> exit if there are no connections for the specified time

23:28:30 INFO  : Connected to target on host '127.0.0.1' and port '3121'.
23:28:30 INFO  : Jtag cable 'Digilent Zed 210248BD1333' is selected.
23:28:30 INFO  : 'jtag frequency' command is executed.
23:28:30 INFO  : Context for 'APU' is selected.
23:28:30 INFO  : System reset is completed.
23:28:33 INFO  : 'after 3000' command is executed.
23:28:33 INFO  : 'targets -set -filter {jtag_cable_name =~ "Digilent Zed 210248BD1333" && level==0 && jtag_device_ctx=="jsn-Zed-210248BD1333-23727093-0"}' command is executed.
23:28:36 INFO  : Device configured successfully with "C:/openTCSPC3/SRC/vitis/zedboard_real_microscope/app/_ide/bitstream/emulated_microscope_wrapper6.bit"
23:28:36 INFO  : Context for 'APU' is selected.
23:28:36 INFO  : Hardware design and registers information is loaded from 'C:/openTCSPC3/SRC/vitis/zedboard_real_microscope/platform/export/platform/hw/emulated_microscope_wrapper6.xsa'.
23:28:36 INFO  : 'configparams force-mem-access 1' command is executed.
23:28:36 INFO  : Context for 'APU' is selected.
23:28:36 INFO  : Sourcing of 'C:/openTCSPC3/SRC/vitis/zedboard_real_microscope/app/_ide/psinit/ps7_init.tcl' is done.
23:28:36 INFO  : 'ps7_init' command is executed.
23:28:36 INFO  : 'ps7_post_config' command is executed.
23:28:36 INFO  : Context for processor 'ps7_cortexa9_0' is selected.
23:28:43 INFO  : The application 'C:/openTCSPC3/SRC/vitis/zedboard_real_microscope/app/Debug/app.elf' is downloaded to processor 'ps7_cortexa9_0'.
23:28:43 INFO  : 'configparams force-mem-access 0' command is executed.
23:28:43 INFO  : ----------------XSDB Script----------------
connect -url tcp:127.0.0.1:3121
targets -set -nocase -filter {name =~"APU*"}
rst -system
after 3000
targets -set -filter {jtag_cable_name =~ "Digilent Zed 210248BD1333" && level==0 && jtag_device_ctx=="jsn-Zed-210248BD1333-23727093-0"}
fpga -file C:/openTCSPC3/SRC/vitis/zedboard_real_microscope/app/_ide/bitstream/emulated_microscope_wrapper6.bit
targets -set -nocase -filter {name =~"APU*"}
loadhw -hw C:/openTCSPC3/SRC/vitis/zedboard_real_microscope/platform/export/platform/hw/emulated_microscope_wrapper6.xsa -mem-ranges [list {0x40000000 0xbfffffff}] -regs
configparams force-mem-access 1
targets -set -nocase -filter {name =~"APU*"}
source C:/openTCSPC3/SRC/vitis/zedboard_real_microscope/app/_ide/psinit/ps7_init.tcl
ps7_init
ps7_post_config
targets -set -nocase -filter {name =~ "*A9*#0"}
dow C:/openTCSPC3/SRC/vitis/zedboard_real_microscope/app/Debug/app.elf
configparams force-mem-access 0
----------------End of Script----------------

23:28:43 INFO  : Context for processor 'ps7_cortexa9_0' is selected.
23:28:43 INFO  : 'con' command is executed.
23:28:43 INFO  : ----------------XSDB Script (After Launch)----------------
targets -set -nocase -filter {name =~ "*A9*#0"}
con
----------------End of Script----------------

23:28:43 INFO  : Launch script is exported to file 'C:\openTCSPC3\SRC\vitis\zedboard_real_microscope\app_system\_ide\scripts\systemdebugger_app_system_standalone.tcl'
23:29:13 ERROR : Timed out. 60 seconds have elapsed while waiting for the XRT server to launch.
23:29:36 INFO  : Disconnected from the channel tcfchan#10.
23:29:44 INFO  : Connected to target on host '127.0.0.1' and port '3121'.
23:29:44 INFO  : Jtag cable 'Digilent Zed 210248BD1333' is selected.
23:29:44 INFO  : 'jtag frequency' command is executed.
23:29:44 INFO  : Context for 'APU' is selected.
23:29:44 INFO  : System reset is completed.
23:29:47 INFO  : 'after 3000' command is executed.
23:29:47 INFO  : 'targets -set -filter {jtag_cable_name =~ "Digilent Zed 210248BD1333" && level==0 && jtag_device_ctx=="jsn-Zed-210248BD1333-23727093-0"}' command is executed.
23:29:50 INFO  : Device configured successfully with "C:/openTCSPC3/SRC/vitis/zedboard_real_microscope/app/_ide/bitstream/emulated_microscope_wrapper6.bit"
23:29:50 INFO  : Context for 'APU' is selected.
23:29:50 INFO  : Hardware design and registers information is loaded from 'C:/openTCSPC3/SRC/vitis/zedboard_real_microscope/platform/export/platform/hw/emulated_microscope_wrapper6.xsa'.
23:29:50 INFO  : 'configparams force-mem-access 1' command is executed.
23:29:50 INFO  : Context for 'APU' is selected.
23:29:50 INFO  : Sourcing of 'C:/openTCSPC3/SRC/vitis/zedboard_real_microscope/app/_ide/psinit/ps7_init.tcl' is done.
23:29:50 INFO  : 'ps7_init' command is executed.
23:29:50 INFO  : 'ps7_post_config' command is executed.
23:29:50 INFO  : Context for processor 'ps7_cortexa9_0' is selected.
23:29:57 INFO  : The application 'C:/openTCSPC3/SRC/vitis/zedboard_real_microscope/app/Debug/app.elf' is downloaded to processor 'ps7_cortexa9_0'.
23:29:57 INFO  : 'configparams force-mem-access 0' command is executed.
23:29:57 INFO  : ----------------XSDB Script----------------
connect -url tcp:127.0.0.1:3121
targets -set -nocase -filter {name =~"APU*"}
rst -system
after 3000
targets -set -filter {jtag_cable_name =~ "Digilent Zed 210248BD1333" && level==0 && jtag_device_ctx=="jsn-Zed-210248BD1333-23727093-0"}
fpga -file C:/openTCSPC3/SRC/vitis/zedboard_real_microscope/app/_ide/bitstream/emulated_microscope_wrapper6.bit
targets -set -nocase -filter {name =~"APU*"}
loadhw -hw C:/openTCSPC3/SRC/vitis/zedboard_real_microscope/platform/export/platform/hw/emulated_microscope_wrapper6.xsa -mem-ranges [list {0x40000000 0xbfffffff}] -regs
configparams force-mem-access 1
targets -set -nocase -filter {name =~"APU*"}
source C:/openTCSPC3/SRC/vitis/zedboard_real_microscope/app/_ide/psinit/ps7_init.tcl
ps7_init
ps7_post_config
targets -set -nocase -filter {name =~ "*A9*#0"}
dow C:/openTCSPC3/SRC/vitis/zedboard_real_microscope/app/Debug/app.elf
configparams force-mem-access 0
----------------End of Script----------------

23:29:58 INFO  : Context for processor 'ps7_cortexa9_0' is selected.
23:29:58 INFO  : 'con' command is executed.
23:29:58 INFO  : ----------------XSDB Script (After Launch)----------------
targets -set -nocase -filter {name =~ "*A9*#0"}
con
----------------End of Script----------------

23:29:58 INFO  : Launch script is exported to file 'C:\openTCSPC3\SRC\vitis\zedboard_real_microscope\app_system\_ide\scripts\systemdebugger_app_system_standalone.tcl'
23:32:16 INFO  : Disconnected from the channel tcfchan#11.
23:32:16 INFO  : Connected to target on host '127.0.0.1' and port '3121'.
23:32:17 INFO  : Jtag cable 'Digilent Zed 210248BD1333' is selected.
23:32:17 INFO  : 'jtag frequency' command is executed.
23:32:17 INFO  : Context for 'APU' is selected.
23:32:17 INFO  : System reset is completed.
23:32:20 INFO  : 'after 3000' command is executed.
23:32:20 INFO  : 'targets -set -filter {jtag_cable_name =~ "Digilent Zed 210248BD1333" && level==0 && jtag_device_ctx=="jsn-Zed-210248BD1333-23727093-0"}' command is executed.
23:32:22 INFO  : Device configured successfully with "C:/openTCSPC3/SRC/vitis/zedboard_real_microscope/app/_ide/bitstream/emulated_microscope_wrapper6.bit"
23:32:22 INFO  : Context for 'APU' is selected.
23:32:22 INFO  : Hardware design and registers information is loaded from 'C:/openTCSPC3/SRC/vitis/zedboard_real_microscope/platform/export/platform/hw/emulated_microscope_wrapper6.xsa'.
23:32:22 INFO  : 'configparams force-mem-access 1' command is executed.
23:32:22 INFO  : Context for 'APU' is selected.
23:32:22 INFO  : Sourcing of 'C:/openTCSPC3/SRC/vitis/zedboard_real_microscope/app/_ide/psinit/ps7_init.tcl' is done.
23:32:23 INFO  : 'ps7_init' command is executed.
23:32:23 INFO  : 'ps7_post_config' command is executed.
23:32:23 INFO  : Context for processor 'ps7_cortexa9_0' is selected.
23:32:30 INFO  : The application 'C:/openTCSPC3/SRC/vitis/zedboard_real_microscope/app/Debug/app.elf' is downloaded to processor 'ps7_cortexa9_0'.
23:32:30 INFO  : 'configparams force-mem-access 0' command is executed.
23:32:30 INFO  : ----------------XSDB Script----------------
connect -url tcp:127.0.0.1:3121
targets -set -nocase -filter {name =~"APU*"}
rst -system
after 3000
targets -set -filter {jtag_cable_name =~ "Digilent Zed 210248BD1333" && level==0 && jtag_device_ctx=="jsn-Zed-210248BD1333-23727093-0"}
fpga -file C:/openTCSPC3/SRC/vitis/zedboard_real_microscope/app/_ide/bitstream/emulated_microscope_wrapper6.bit
targets -set -nocase -filter {name =~"APU*"}
loadhw -hw C:/openTCSPC3/SRC/vitis/zedboard_real_microscope/platform/export/platform/hw/emulated_microscope_wrapper6.xsa -mem-ranges [list {0x40000000 0xbfffffff}] -regs
configparams force-mem-access 1
targets -set -nocase -filter {name =~"APU*"}
source C:/openTCSPC3/SRC/vitis/zedboard_real_microscope/app/_ide/psinit/ps7_init.tcl
ps7_init
ps7_post_config
targets -set -nocase -filter {name =~ "*A9*#0"}
dow C:/openTCSPC3/SRC/vitis/zedboard_real_microscope/app/Debug/app.elf
configparams force-mem-access 0
----------------End of Script----------------

23:32:30 INFO  : Context for processor 'ps7_cortexa9_0' is selected.
23:32:30 INFO  : 'con' command is executed.
23:32:30 INFO  : ----------------XSDB Script (After Launch)----------------
targets -set -nocase -filter {name =~ "*A9*#0"}
con
----------------End of Script----------------

23:32:30 INFO  : Launch script is exported to file 'C:\openTCSPC3\SRC\vitis\zedboard_real_microscope\app_system\_ide\scripts\systemdebugger_app_system_standalone.tcl'
23:34:53 INFO  : Disconnected from the channel tcfchan#12.
23:34:53 INFO  : Connected to target on host '127.0.0.1' and port '3121'.
23:34:53 INFO  : Jtag cable 'Digilent Zed 210248BD1333' is selected.
23:34:53 INFO  : 'jtag frequency' command is executed.
23:34:54 INFO  : Context for 'APU' is selected.
23:34:54 INFO  : System reset is completed.
23:34:57 INFO  : 'after 3000' command is executed.
23:34:57 INFO  : 'targets -set -filter {jtag_cable_name =~ "Digilent Zed 210248BD1333" && level==0 && jtag_device_ctx=="jsn-Zed-210248BD1333-23727093-0"}' command is executed.
23:34:59 INFO  : Device configured successfully with "C:/openTCSPC3/SRC/vitis/zedboard_real_microscope/app/_ide/bitstream/emulated_microscope_wrapper6.bit"
23:34:59 INFO  : Context for 'APU' is selected.
23:34:59 INFO  : Hardware design and registers information is loaded from 'C:/openTCSPC3/SRC/vitis/zedboard_real_microscope/platform/export/platform/hw/emulated_microscope_wrapper6.xsa'.
23:34:59 INFO  : 'configparams force-mem-access 1' command is executed.
23:34:59 INFO  : Context for 'APU' is selected.
23:34:59 INFO  : Sourcing of 'C:/openTCSPC3/SRC/vitis/zedboard_real_microscope/app/_ide/psinit/ps7_init.tcl' is done.
23:35:00 INFO  : 'ps7_init' command is executed.
23:35:00 INFO  : 'ps7_post_config' command is executed.
23:35:00 INFO  : Context for processor 'ps7_cortexa9_0' is selected.
23:35:07 INFO  : The application 'C:/openTCSPC3/SRC/vitis/zedboard_real_microscope/app/Debug/app.elf' is downloaded to processor 'ps7_cortexa9_0'.
23:35:07 INFO  : 'configparams force-mem-access 0' command is executed.
23:35:07 INFO  : ----------------XSDB Script----------------
connect -url tcp:127.0.0.1:3121
targets -set -nocase -filter {name =~"APU*"}
rst -system
after 3000
targets -set -filter {jtag_cable_name =~ "Digilent Zed 210248BD1333" && level==0 && jtag_device_ctx=="jsn-Zed-210248BD1333-23727093-0"}
fpga -file C:/openTCSPC3/SRC/vitis/zedboard_real_microscope/app/_ide/bitstream/emulated_microscope_wrapper6.bit
targets -set -nocase -filter {name =~"APU*"}
loadhw -hw C:/openTCSPC3/SRC/vitis/zedboard_real_microscope/platform/export/platform/hw/emulated_microscope_wrapper6.xsa -mem-ranges [list {0x40000000 0xbfffffff}] -regs
configparams force-mem-access 1
targets -set -nocase -filter {name =~"APU*"}
source C:/openTCSPC3/SRC/vitis/zedboard_real_microscope/app/_ide/psinit/ps7_init.tcl
ps7_init
ps7_post_config
targets -set -nocase -filter {name =~ "*A9*#0"}
dow C:/openTCSPC3/SRC/vitis/zedboard_real_microscope/app/Debug/app.elf
configparams force-mem-access 0
----------------End of Script----------------

23:35:07 INFO  : Context for processor 'ps7_cortexa9_0' is selected.
23:35:07 INFO  : 'con' command is executed.
23:35:07 INFO  : ----------------XSDB Script (After Launch)----------------
targets -set -nocase -filter {name =~ "*A9*#0"}
con
----------------End of Script----------------

23:35:07 INFO  : Launch script is exported to file 'C:\openTCSPC3\SRC\vitis\zedboard_real_microscope\app_system\_ide\scripts\systemdebugger_app_system_standalone.tcl'
23:38:23 INFO  : Disconnected from the channel tcfchan#13.
23:38:23 INFO  : Connected to target on host '127.0.0.1' and port '3121'.
23:38:24 INFO  : Jtag cable 'Digilent Zed 210248BD1333' is selected.
23:38:24 INFO  : 'jtag frequency' command is executed.
23:38:24 INFO  : Context for 'APU' is selected.
23:38:24 INFO  : System reset is completed.
23:38:27 INFO  : 'after 3000' command is executed.
23:38:27 INFO  : 'targets -set -filter {jtag_cable_name =~ "Digilent Zed 210248BD1333" && level==0 && jtag_device_ctx=="jsn-Zed-210248BD1333-23727093-0"}' command is executed.
23:38:29 INFO  : Device configured successfully with "C:/openTCSPC3/SRC/vitis/zedboard_real_microscope/app/_ide/bitstream/emulated_microscope_wrapper6.bit"
23:38:29 INFO  : Context for 'APU' is selected.
23:38:29 INFO  : Hardware design and registers information is loaded from 'C:/openTCSPC3/SRC/vitis/zedboard_real_microscope/platform/export/platform/hw/emulated_microscope_wrapper6.xsa'.
23:38:29 INFO  : 'configparams force-mem-access 1' command is executed.
23:38:29 INFO  : Context for 'APU' is selected.
23:38:29 INFO  : Sourcing of 'C:/openTCSPC3/SRC/vitis/zedboard_real_microscope/app/_ide/psinit/ps7_init.tcl' is done.
23:38:30 INFO  : 'ps7_init' command is executed.
23:38:30 INFO  : 'ps7_post_config' command is executed.
23:38:30 INFO  : Context for processor 'ps7_cortexa9_0' is selected.
23:38:37 INFO  : The application 'C:/openTCSPC3/SRC/vitis/zedboard_real_microscope/app/Debug/app.elf' is downloaded to processor 'ps7_cortexa9_0'.
23:38:37 INFO  : 'configparams force-mem-access 0' command is executed.
23:38:37 INFO  : ----------------XSDB Script----------------
connect -url tcp:127.0.0.1:3121
targets -set -nocase -filter {name =~"APU*"}
rst -system
after 3000
targets -set -filter {jtag_cable_name =~ "Digilent Zed 210248BD1333" && level==0 && jtag_device_ctx=="jsn-Zed-210248BD1333-23727093-0"}
fpga -file C:/openTCSPC3/SRC/vitis/zedboard_real_microscope/app/_ide/bitstream/emulated_microscope_wrapper6.bit
targets -set -nocase -filter {name =~"APU*"}
loadhw -hw C:/openTCSPC3/SRC/vitis/zedboard_real_microscope/platform/export/platform/hw/emulated_microscope_wrapper6.xsa -mem-ranges [list {0x40000000 0xbfffffff}] -regs
configparams force-mem-access 1
targets -set -nocase -filter {name =~"APU*"}
source C:/openTCSPC3/SRC/vitis/zedboard_real_microscope/app/_ide/psinit/ps7_init.tcl
ps7_init
ps7_post_config
targets -set -nocase -filter {name =~ "*A9*#0"}
dow C:/openTCSPC3/SRC/vitis/zedboard_real_microscope/app/Debug/app.elf
configparams force-mem-access 0
----------------End of Script----------------

23:38:37 INFO  : Context for processor 'ps7_cortexa9_0' is selected.
23:38:37 INFO  : 'con' command is executed.
23:38:37 INFO  : ----------------XSDB Script (After Launch)----------------
targets -set -nocase -filter {name =~ "*A9*#0"}
con
----------------End of Script----------------

23:38:37 INFO  : Launch script is exported to file 'C:\openTCSPC3\SRC\vitis\zedboard_real_microscope\app_system\_ide\scripts\systemdebugger_app_system_standalone.tcl'
23:42:53 INFO  : Disconnected from the channel tcfchan#14.
23:42:53 INFO  : Connected to target on host '127.0.0.1' and port '3121'.
23:42:53 INFO  : Jtag cable 'Digilent Zed 210248BD1333' is selected.
23:42:53 INFO  : 'jtag frequency' command is executed.
23:42:53 INFO  : Context for 'APU' is selected.
23:42:54 INFO  : System reset is completed.
23:42:57 INFO  : 'after 3000' command is executed.
23:42:57 INFO  : 'targets -set -filter {jtag_cable_name =~ "Digilent Zed 210248BD1333" && level==0 && jtag_device_ctx=="jsn-Zed-210248BD1333-23727093-0"}' command is executed.
23:42:59 INFO  : Device configured successfully with "C:/openTCSPC3/SRC/vitis/zedboard_real_microscope/app/_ide/bitstream/emulated_microscope_wrapper6.bit"
23:42:59 INFO  : Context for 'APU' is selected.
23:42:59 INFO  : Hardware design and registers information is loaded from 'C:/openTCSPC3/SRC/vitis/zedboard_real_microscope/platform/export/platform/hw/emulated_microscope_wrapper6.xsa'.
23:42:59 INFO  : 'configparams force-mem-access 1' command is executed.
23:42:59 INFO  : Context for 'APU' is selected.
23:42:59 INFO  : Sourcing of 'C:/openTCSPC3/SRC/vitis/zedboard_real_microscope/app/_ide/psinit/ps7_init.tcl' is done.
23:43:00 INFO  : 'ps7_init' command is executed.
23:43:00 INFO  : 'ps7_post_config' command is executed.
23:43:00 INFO  : Context for processor 'ps7_cortexa9_0' is selected.
23:43:06 INFO  : The application 'C:/openTCSPC3/SRC/vitis/zedboard_real_microscope/app/Debug/app.elf' is downloaded to processor 'ps7_cortexa9_0'.
23:43:07 INFO  : 'configparams force-mem-access 0' command is executed.
23:43:07 INFO  : ----------------XSDB Script----------------
connect -url tcp:127.0.0.1:3121
targets -set -nocase -filter {name =~"APU*"}
rst -system
after 3000
targets -set -filter {jtag_cable_name =~ "Digilent Zed 210248BD1333" && level==0 && jtag_device_ctx=="jsn-Zed-210248BD1333-23727093-0"}
fpga -file C:/openTCSPC3/SRC/vitis/zedboard_real_microscope/app/_ide/bitstream/emulated_microscope_wrapper6.bit
targets -set -nocase -filter {name =~"APU*"}
loadhw -hw C:/openTCSPC3/SRC/vitis/zedboard_real_microscope/platform/export/platform/hw/emulated_microscope_wrapper6.xsa -mem-ranges [list {0x40000000 0xbfffffff}] -regs
configparams force-mem-access 1
targets -set -nocase -filter {name =~"APU*"}
source C:/openTCSPC3/SRC/vitis/zedboard_real_microscope/app/_ide/psinit/ps7_init.tcl
ps7_init
ps7_post_config
targets -set -nocase -filter {name =~ "*A9*#0"}
dow C:/openTCSPC3/SRC/vitis/zedboard_real_microscope/app/Debug/app.elf
configparams force-mem-access 0
----------------End of Script----------------

23:43:07 INFO  : Context for processor 'ps7_cortexa9_0' is selected.
23:43:07 INFO  : 'con' command is executed.
23:43:07 INFO  : ----------------XSDB Script (After Launch)----------------
targets -set -nocase -filter {name =~ "*A9*#0"}
con
----------------End of Script----------------

23:43:07 INFO  : Launch script is exported to file 'C:\openTCSPC3\SRC\vitis\zedboard_real_microscope\app_system\_ide\scripts\systemdebugger_app_system_standalone.tcl'
23:44:49 INFO  : Disconnected from the channel tcfchan#15.
23:44:49 INFO  : Connected to target on host '127.0.0.1' and port '3121'.
23:44:49 INFO  : Jtag cable 'Digilent Zed 210248BD1333' is selected.
23:44:49 INFO  : 'jtag frequency' command is executed.
23:44:49 INFO  : Context for 'APU' is selected.
23:44:49 INFO  : System reset is completed.
23:44:52 INFO  : 'after 3000' command is executed.
23:44:52 INFO  : 'targets -set -filter {jtag_cable_name =~ "Digilent Zed 210248BD1333" && level==0 && jtag_device_ctx=="jsn-Zed-210248BD1333-23727093-0"}' command is executed.
23:44:54 INFO  : Device configured successfully with "C:/openTCSPC3/SRC/vitis/zedboard_real_microscope/app/_ide/bitstream/emulated_microscope_wrapper6.bit"
23:44:55 INFO  : Context for 'APU' is selected.
23:44:55 INFO  : Hardware design and registers information is loaded from 'C:/openTCSPC3/SRC/vitis/zedboard_real_microscope/platform/export/platform/hw/emulated_microscope_wrapper6.xsa'.
23:44:55 INFO  : 'configparams force-mem-access 1' command is executed.
23:44:55 INFO  : Context for 'APU' is selected.
23:44:55 INFO  : Sourcing of 'C:/openTCSPC3/SRC/vitis/zedboard_real_microscope/app/_ide/psinit/ps7_init.tcl' is done.
23:44:55 INFO  : 'ps7_init' command is executed.
23:44:55 INFO  : 'ps7_post_config' command is executed.
23:44:55 INFO  : Context for processor 'ps7_cortexa9_0' is selected.
23:45:02 INFO  : The application 'C:/openTCSPC3/SRC/vitis/zedboard_real_microscope/app/Debug/app.elf' is downloaded to processor 'ps7_cortexa9_0'.
23:45:02 INFO  : 'configparams force-mem-access 0' command is executed.
23:45:02 INFO  : ----------------XSDB Script----------------
connect -url tcp:127.0.0.1:3121
targets -set -nocase -filter {name =~"APU*"}
rst -system
after 3000
targets -set -filter {jtag_cable_name =~ "Digilent Zed 210248BD1333" && level==0 && jtag_device_ctx=="jsn-Zed-210248BD1333-23727093-0"}
fpga -file C:/openTCSPC3/SRC/vitis/zedboard_real_microscope/app/_ide/bitstream/emulated_microscope_wrapper6.bit
targets -set -nocase -filter {name =~"APU*"}
loadhw -hw C:/openTCSPC3/SRC/vitis/zedboard_real_microscope/platform/export/platform/hw/emulated_microscope_wrapper6.xsa -mem-ranges [list {0x40000000 0xbfffffff}] -regs
configparams force-mem-access 1
targets -set -nocase -filter {name =~"APU*"}
source C:/openTCSPC3/SRC/vitis/zedboard_real_microscope/app/_ide/psinit/ps7_init.tcl
ps7_init
ps7_post_config
targets -set -nocase -filter {name =~ "*A9*#0"}
dow C:/openTCSPC3/SRC/vitis/zedboard_real_microscope/app/Debug/app.elf
configparams force-mem-access 0
----------------End of Script----------------

23:45:02 INFO  : Context for processor 'ps7_cortexa9_0' is selected.
23:45:02 INFO  : 'con' command is executed.
23:45:02 INFO  : ----------------XSDB Script (After Launch)----------------
targets -set -nocase -filter {name =~ "*A9*#0"}
con
----------------End of Script----------------

23:45:02 INFO  : Launch script is exported to file 'C:\openTCSPC3\SRC\vitis\zedboard_real_microscope\app_system\_ide\scripts\systemdebugger_app_system_standalone.tcl'
23:46:15 INFO  : Disconnected from the channel tcfchan#16.
23:46:15 INFO  : Connected to target on host '127.0.0.1' and port '3121'.
23:46:16 INFO  : Jtag cable 'Digilent Zed 210248BD1333' is selected.
23:46:16 INFO  : 'jtag frequency' command is executed.
23:46:16 INFO  : Context for 'APU' is selected.
23:46:16 INFO  : System reset is completed.
23:46:19 INFO  : 'after 3000' command is executed.
23:46:19 INFO  : 'targets -set -filter {jtag_cable_name =~ "Digilent Zed 210248BD1333" && level==0 && jtag_device_ctx=="jsn-Zed-210248BD1333-23727093-0"}' command is executed.
23:46:21 INFO  : Device configured successfully with "C:/openTCSPC3/SRC/vitis/zedboard_real_microscope/app/_ide/bitstream/emulated_microscope_wrapper6.bit"
23:46:21 INFO  : Context for 'APU' is selected.
23:46:21 INFO  : Hardware design and registers information is loaded from 'C:/openTCSPC3/SRC/vitis/zedboard_real_microscope/platform/export/platform/hw/emulated_microscope_wrapper6.xsa'.
23:46:21 INFO  : 'configparams force-mem-access 1' command is executed.
23:46:21 INFO  : Context for 'APU' is selected.
23:46:21 INFO  : Sourcing of 'C:/openTCSPC3/SRC/vitis/zedboard_real_microscope/app/_ide/psinit/ps7_init.tcl' is done.
23:46:22 INFO  : 'ps7_init' command is executed.
23:46:22 INFO  : 'ps7_post_config' command is executed.
23:46:22 INFO  : Context for processor 'ps7_cortexa9_0' is selected.
23:46:28 INFO  : The application 'C:/openTCSPC3/SRC/vitis/zedboard_real_microscope/app/Debug/app.elf' is downloaded to processor 'ps7_cortexa9_0'.
23:46:28 INFO  : 'configparams force-mem-access 0' command is executed.
23:46:28 INFO  : ----------------XSDB Script----------------
connect -url tcp:127.0.0.1:3121
targets -set -nocase -filter {name =~"APU*"}
rst -system
after 3000
targets -set -filter {jtag_cable_name =~ "Digilent Zed 210248BD1333" && level==0 && jtag_device_ctx=="jsn-Zed-210248BD1333-23727093-0"}
fpga -file C:/openTCSPC3/SRC/vitis/zedboard_real_microscope/app/_ide/bitstream/emulated_microscope_wrapper6.bit
targets -set -nocase -filter {name =~"APU*"}
loadhw -hw C:/openTCSPC3/SRC/vitis/zedboard_real_microscope/platform/export/platform/hw/emulated_microscope_wrapper6.xsa -mem-ranges [list {0x40000000 0xbfffffff}] -regs
configparams force-mem-access 1
targets -set -nocase -filter {name =~"APU*"}
source C:/openTCSPC3/SRC/vitis/zedboard_real_microscope/app/_ide/psinit/ps7_init.tcl
ps7_init
ps7_post_config
targets -set -nocase -filter {name =~ "*A9*#0"}
dow C:/openTCSPC3/SRC/vitis/zedboard_real_microscope/app/Debug/app.elf
configparams force-mem-access 0
----------------End of Script----------------

23:46:29 INFO  : Context for processor 'ps7_cortexa9_0' is selected.
23:46:29 INFO  : 'con' command is executed.
23:46:29 INFO  : ----------------XSDB Script (After Launch)----------------
targets -set -nocase -filter {name =~ "*A9*#0"}
con
----------------End of Script----------------

23:46:29 INFO  : Launch script is exported to file 'C:\openTCSPC3\SRC\vitis\zedboard_real_microscope\app_system\_ide\scripts\systemdebugger_app_system_standalone.tcl'
23:49:08 INFO  : Checking for BSP changes to sync application flags for project 'app'...
23:49:17 INFO  : Disconnected from the channel tcfchan#17.
23:49:18 INFO  : Connected to target on host '127.0.0.1' and port '3121'.
23:49:18 INFO  : Jtag cable 'Digilent Zed 210248BD1333' is selected.
23:49:18 INFO  : 'jtag frequency' command is executed.
23:49:18 INFO  : Context for 'APU' is selected.
23:49:18 INFO  : System reset is completed.
23:49:21 INFO  : 'after 3000' command is executed.
23:49:21 INFO  : 'targets -set -filter {jtag_cable_name =~ "Digilent Zed 210248BD1333" && level==0 && jtag_device_ctx=="jsn-Zed-210248BD1333-23727093-0"}' command is executed.
23:49:23 INFO  : Device configured successfully with "C:/openTCSPC3/SRC/vitis/zedboard_real_microscope/app/_ide/bitstream/emulated_microscope_wrapper6.bit"
23:49:23 INFO  : Context for 'APU' is selected.
23:49:23 INFO  : Hardware design and registers information is loaded from 'C:/openTCSPC3/SRC/vitis/zedboard_real_microscope/platform/export/platform/hw/emulated_microscope_wrapper6.xsa'.
23:49:23 INFO  : 'configparams force-mem-access 1' command is executed.
23:49:23 INFO  : Context for 'APU' is selected.
23:49:23 INFO  : Sourcing of 'C:/openTCSPC3/SRC/vitis/zedboard_real_microscope/app/_ide/psinit/ps7_init.tcl' is done.
23:49:24 INFO  : 'ps7_init' command is executed.
23:49:24 INFO  : 'ps7_post_config' command is executed.
23:49:24 INFO  : Context for processor 'ps7_cortexa9_0' is selected.
23:49:31 INFO  : The application 'C:/openTCSPC3/SRC/vitis/zedboard_real_microscope/app/Debug/app.elf' is downloaded to processor 'ps7_cortexa9_0'.
23:49:31 INFO  : 'configparams force-mem-access 0' command is executed.
23:49:31 INFO  : ----------------XSDB Script----------------
connect -url tcp:127.0.0.1:3121
targets -set -nocase -filter {name =~"APU*"}
rst -system
after 3000
targets -set -filter {jtag_cable_name =~ "Digilent Zed 210248BD1333" && level==0 && jtag_device_ctx=="jsn-Zed-210248BD1333-23727093-0"}
fpga -file C:/openTCSPC3/SRC/vitis/zedboard_real_microscope/app/_ide/bitstream/emulated_microscope_wrapper6.bit
targets -set -nocase -filter {name =~"APU*"}
loadhw -hw C:/openTCSPC3/SRC/vitis/zedboard_real_microscope/platform/export/platform/hw/emulated_microscope_wrapper6.xsa -mem-ranges [list {0x40000000 0xbfffffff}] -regs
configparams force-mem-access 1
targets -set -nocase -filter {name =~"APU*"}
source C:/openTCSPC3/SRC/vitis/zedboard_real_microscope/app/_ide/psinit/ps7_init.tcl
ps7_init
ps7_post_config
targets -set -nocase -filter {name =~ "*A9*#0"}
dow C:/openTCSPC3/SRC/vitis/zedboard_real_microscope/app/Debug/app.elf
configparams force-mem-access 0
----------------End of Script----------------

23:49:32 INFO  : Context for processor 'ps7_cortexa9_0' is selected.
23:49:32 INFO  : 'con' command is executed.
23:49:32 INFO  : ----------------XSDB Script (After Launch)----------------
targets -set -nocase -filter {name =~ "*A9*#0"}
con
----------------End of Script----------------

23:49:32 INFO  : Launch script is exported to file 'C:\openTCSPC3\SRC\vitis\zedboard_real_microscope\app_system\_ide\scripts\systemdebugger_app_system_standalone.tcl'
23:50:17 INFO  : Checking for BSP changes to sync application flags for project 'app'...
23:50:25 INFO  : Disconnected from the channel tcfchan#18.
23:50:25 INFO  : Connected to target on host '127.0.0.1' and port '3121'.
23:50:25 INFO  : Jtag cable 'Digilent Zed 210248BD1333' is selected.
23:50:25 INFO  : 'jtag frequency' command is executed.
23:50:25 INFO  : Context for 'APU' is selected.
23:50:25 INFO  : System reset is completed.
23:50:28 INFO  : 'after 3000' command is executed.
23:50:28 INFO  : 'targets -set -filter {jtag_cable_name =~ "Digilent Zed 210248BD1333" && level==0 && jtag_device_ctx=="jsn-Zed-210248BD1333-23727093-0"}' command is executed.
23:50:31 INFO  : Device configured successfully with "C:/openTCSPC3/SRC/vitis/zedboard_real_microscope/app/_ide/bitstream/emulated_microscope_wrapper6.bit"
23:50:31 INFO  : Context for 'APU' is selected.
23:50:31 INFO  : Hardware design and registers information is loaded from 'C:/openTCSPC3/SRC/vitis/zedboard_real_microscope/platform/export/platform/hw/emulated_microscope_wrapper6.xsa'.
23:50:31 INFO  : 'configparams force-mem-access 1' command is executed.
23:50:31 INFO  : Context for 'APU' is selected.
23:50:31 INFO  : Sourcing of 'C:/openTCSPC3/SRC/vitis/zedboard_real_microscope/app/_ide/psinit/ps7_init.tcl' is done.
23:50:31 INFO  : 'ps7_init' command is executed.
23:50:31 INFO  : 'ps7_post_config' command is executed.
23:50:31 INFO  : Context for processor 'ps7_cortexa9_0' is selected.
23:50:38 INFO  : The application 'C:/openTCSPC3/SRC/vitis/zedboard_real_microscope/app/Debug/app.elf' is downloaded to processor 'ps7_cortexa9_0'.
23:50:38 INFO  : 'configparams force-mem-access 0' command is executed.
23:50:38 INFO  : ----------------XSDB Script----------------
connect -url tcp:127.0.0.1:3121
targets -set -nocase -filter {name =~"APU*"}
rst -system
after 3000
targets -set -filter {jtag_cable_name =~ "Digilent Zed 210248BD1333" && level==0 && jtag_device_ctx=="jsn-Zed-210248BD1333-23727093-0"}
fpga -file C:/openTCSPC3/SRC/vitis/zedboard_real_microscope/app/_ide/bitstream/emulated_microscope_wrapper6.bit
targets -set -nocase -filter {name =~"APU*"}
loadhw -hw C:/openTCSPC3/SRC/vitis/zedboard_real_microscope/platform/export/platform/hw/emulated_microscope_wrapper6.xsa -mem-ranges [list {0x40000000 0xbfffffff}] -regs
configparams force-mem-access 1
targets -set -nocase -filter {name =~"APU*"}
source C:/openTCSPC3/SRC/vitis/zedboard_real_microscope/app/_ide/psinit/ps7_init.tcl
ps7_init
ps7_post_config
targets -set -nocase -filter {name =~ "*A9*#0"}
dow C:/openTCSPC3/SRC/vitis/zedboard_real_microscope/app/Debug/app.elf
configparams force-mem-access 0
----------------End of Script----------------

23:50:38 INFO  : Context for processor 'ps7_cortexa9_0' is selected.
23:50:38 INFO  : 'con' command is executed.
23:50:38 INFO  : ----------------XSDB Script (After Launch)----------------
targets -set -nocase -filter {name =~ "*A9*#0"}
con
----------------End of Script----------------

23:50:38 INFO  : Launch script is exported to file 'C:\openTCSPC3\SRC\vitis\zedboard_real_microscope\app_system\_ide\scripts\systemdebugger_app_system_standalone.tcl'
23:51:25 INFO  : Disconnected from the channel tcfchan#19.
23:51:25 INFO  : Connected to target on host '127.0.0.1' and port '3121'.
23:51:25 INFO  : Jtag cable 'Digilent Zed 210248BD1333' is selected.
23:51:25 INFO  : 'jtag frequency' command is executed.
23:51:25 INFO  : Context for 'APU' is selected.
23:51:25 INFO  : System reset is completed.
23:51:28 INFO  : 'after 3000' command is executed.
23:51:28 INFO  : 'targets -set -filter {jtag_cable_name =~ "Digilent Zed 210248BD1333" && level==0 && jtag_device_ctx=="jsn-Zed-210248BD1333-23727093-0"}' command is executed.
23:51:31 INFO  : Device configured successfully with "C:/openTCSPC3/SRC/vitis/zedboard_real_microscope/app/_ide/bitstream/emulated_microscope_wrapper6.bit"
23:51:31 INFO  : Context for 'APU' is selected.
23:51:31 INFO  : Hardware design and registers information is loaded from 'C:/openTCSPC3/SRC/vitis/zedboard_real_microscope/platform/export/platform/hw/emulated_microscope_wrapper6.xsa'.
23:51:31 INFO  : 'configparams force-mem-access 1' command is executed.
23:51:31 INFO  : Context for 'APU' is selected.
23:51:31 INFO  : Sourcing of 'C:/openTCSPC3/SRC/vitis/zedboard_real_microscope/app/_ide/psinit/ps7_init.tcl' is done.
23:51:31 INFO  : 'ps7_init' command is executed.
23:51:31 INFO  : 'ps7_post_config' command is executed.
23:51:31 INFO  : Context for processor 'ps7_cortexa9_0' is selected.
23:51:38 INFO  : The application 'C:/openTCSPC3/SRC/vitis/zedboard_real_microscope/app/Debug/app.elf' is downloaded to processor 'ps7_cortexa9_0'.
23:51:38 INFO  : 'configparams force-mem-access 0' command is executed.
23:51:38 INFO  : ----------------XSDB Script----------------
connect -url tcp:127.0.0.1:3121
targets -set -nocase -filter {name =~"APU*"}
rst -system
after 3000
targets -set -filter {jtag_cable_name =~ "Digilent Zed 210248BD1333" && level==0 && jtag_device_ctx=="jsn-Zed-210248BD1333-23727093-0"}
fpga -file C:/openTCSPC3/SRC/vitis/zedboard_real_microscope/app/_ide/bitstream/emulated_microscope_wrapper6.bit
targets -set -nocase -filter {name =~"APU*"}
loadhw -hw C:/openTCSPC3/SRC/vitis/zedboard_real_microscope/platform/export/platform/hw/emulated_microscope_wrapper6.xsa -mem-ranges [list {0x40000000 0xbfffffff}] -regs
configparams force-mem-access 1
targets -set -nocase -filter {name =~"APU*"}
source C:/openTCSPC3/SRC/vitis/zedboard_real_microscope/app/_ide/psinit/ps7_init.tcl
ps7_init
ps7_post_config
targets -set -nocase -filter {name =~ "*A9*#0"}
dow C:/openTCSPC3/SRC/vitis/zedboard_real_microscope/app/Debug/app.elf
configparams force-mem-access 0
----------------End of Script----------------

23:51:38 INFO  : Context for processor 'ps7_cortexa9_0' is selected.
23:51:38 INFO  : 'con' command is executed.
23:51:38 INFO  : ----------------XSDB Script (After Launch)----------------
targets -set -nocase -filter {name =~ "*A9*#0"}
con
----------------End of Script----------------

23:51:38 INFO  : Launch script is exported to file 'C:\openTCSPC3\SRC\vitis\zedboard_real_microscope\app_system\_ide\scripts\systemdebugger_app_system_standalone.tcl'
23:52:25 INFO  : Disconnected from the channel tcfchan#20.
23:52:26 ERROR : (XRT Server)C:/Xilinx/Vitis/2024.2/bin/unwrapped/win64.o/xrt_server.exe: error: illegal option '-'
Usage: agent [OPTION]...
Start Target Communication Framework agent.
  -d               run in daemon mode (output is sent to system logger)
  -i               run in interactive mode
  -L<file>         enable logging, use -L- to send log to stderr
  -l<level>        set log level, the level is comma separated list of:
      alloc        memory allocation and deallocation (0x1)
      eventcore    main event queue (0x2)
      waitpid      waitpid() events (0x4)
      events       low-level debugger events (0x8)
      protocol     communication protocol (0x20)
      context      debug context actions (0x40)
      children     debug context children (0x10)
      discovery    discovery (0x80)
      asyncreq     async I/O (0x100)
      proxy        proxy state (0x200)
      tcflog       proxy traffic (0x400)
      elf          ELF reader (0x800)
      stack        stack trace service (0x2000)
      plugin       plugins (0x4000)
      shutdown     shutdown of subsystems (0x8000)
      disasm       disassembly service (0x10000)
  -s<url>          set agent listening port and protocol, default is tcp::0
  -S               print server properties in Json format to stdout
  -g<port>         start GDB Remote Serial Protocol server at the specified TCP port
  -I<idle-seconds> exit if there are no connections for the specified time

23:53:06 INFO  : Checking for BSP changes to sync application flags for project 'app'...
23:53:11 INFO  : Connected to target on host '127.0.0.1' and port '3121'.
23:53:11 INFO  : Jtag cable 'Digilent Zed 210248BD1333' is selected.
23:53:11 INFO  : 'jtag frequency' command is executed.
23:53:11 INFO  : Context for 'APU' is selected.
23:53:11 INFO  : System reset is completed.
23:53:14 INFO  : 'after 3000' command is executed.
23:53:14 INFO  : 'targets -set -filter {jtag_cable_name =~ "Digilent Zed 210248BD1333" && level==0 && jtag_device_ctx=="jsn-Zed-210248BD1333-23727093-0"}' command is executed.
23:53:17 INFO  : Device configured successfully with "C:/openTCSPC3/SRC/vitis/zedboard_real_microscope/app/_ide/bitstream/emulated_microscope_wrapper6.bit"
23:53:17 INFO  : Context for 'APU' is selected.
23:53:17 INFO  : Hardware design and registers information is loaded from 'C:/openTCSPC3/SRC/vitis/zedboard_real_microscope/platform/export/platform/hw/emulated_microscope_wrapper6.xsa'.
23:53:17 INFO  : 'configparams force-mem-access 1' command is executed.
23:53:17 INFO  : Context for 'APU' is selected.
23:53:17 INFO  : Sourcing of 'C:/openTCSPC3/SRC/vitis/zedboard_real_microscope/app/_ide/psinit/ps7_init.tcl' is done.
23:53:17 INFO  : 'ps7_init' command is executed.
23:53:17 INFO  : 'ps7_post_config' command is executed.
23:53:17 INFO  : Context for processor 'ps7_cortexa9_0' is selected.
23:53:24 INFO  : The application 'C:/openTCSPC3/SRC/vitis/zedboard_real_microscope/app/Debug/app.elf' is downloaded to processor 'ps7_cortexa9_0'.
23:53:24 INFO  : Connected to target on host '127.0.0.1' and port '3121'.
23:53:24 INFO  : 'configparams force-mem-access 0' command is executed.
23:53:24 INFO  : ----------------XSDB Script----------------
connect -url tcp:127.0.0.1:3121
targets -set -nocase -filter {name =~"APU*"}
rst -system
after 3000
targets -set -filter {jtag_cable_name =~ "Digilent Zed 210248BD1333" && level==0 && jtag_device_ctx=="jsn-Zed-210248BD1333-23727093-0"}
fpga -file C:/openTCSPC3/SRC/vitis/zedboard_real_microscope/app/_ide/bitstream/emulated_microscope_wrapper6.bit
targets -set -nocase -filter {name =~"APU*"}
loadhw -hw C:/openTCSPC3/SRC/vitis/zedboard_real_microscope/platform/export/platform/hw/emulated_microscope_wrapper6.xsa -mem-ranges [list {0x40000000 0xbfffffff}] -regs
configparams force-mem-access 1
targets -set -nocase -filter {name =~"APU*"}
source C:/openTCSPC3/SRC/vitis/zedboard_real_microscope/app/_ide/psinit/ps7_init.tcl
ps7_init
ps7_post_config
targets -set -nocase -filter {name =~ "*A9*#0"}
dow C:/openTCSPC3/SRC/vitis/zedboard_real_microscope/app/Debug/app.elf
configparams force-mem-access 0
----------------End of Script----------------

23:53:24 INFO  : Context for processor 'ps7_cortexa9_0' is selected.
23:53:24 INFO  : 'con' command is executed.
23:53:24 INFO  : ----------------XSDB Script (After Launch)----------------
targets -set -nocase -filter {name =~ "*A9*#0"}
con
----------------End of Script----------------

23:53:24 INFO  : Launch script is exported to file 'C:\openTCSPC3\SRC\vitis\zedboard_real_microscope\app_system\_ide\scripts\systemdebugger_app_system_standalone.tcl'
23:53:24 INFO  : Jtag cable 'Digilent Zed 210248BD1333' is selected.
23:53:24 INFO  : 'jtag frequency' command is executed.
23:53:24 INFO  : Context for 'APU' is selected.
23:53:25 INFO  : System reset is completed.
23:53:26 ERROR : Timed out. 60 seconds have elapsed while waiting for the XRT server to launch.
23:53:28 INFO  : 'after 3000' command is executed.
23:53:28 INFO  : 'targets -set -filter {jtag_cable_name =~ "Digilent Zed 210248BD1333" && level==0 && jtag_device_ctx=="jsn-Zed-210248BD1333-23727093-0"}' command is executed.
23:53:30 INFO  : Device configured successfully with "C:/openTCSPC3/SRC/vitis/zedboard_real_microscope/app/_ide/bitstream/emulated_microscope_wrapper6.bit"
23:53:30 INFO  : Context for 'APU' is selected.
23:53:30 INFO  : Hardware design and registers information is loaded from 'C:/openTCSPC3/SRC/vitis/zedboard_real_microscope/platform/export/platform/hw/emulated_microscope_wrapper6.xsa'.
23:53:30 INFO  : 'configparams force-mem-access 1' command is executed.
23:53:30 INFO  : Context for 'APU' is selected.
23:53:30 INFO  : Sourcing of 'C:/openTCSPC3/SRC/vitis/zedboard_real_microscope/app/_ide/psinit/ps7_init.tcl' is done.
23:53:31 INFO  : 'ps7_init' command is executed.
23:53:31 INFO  : 'ps7_post_config' command is executed.
23:53:31 INFO  : Context for processor 'ps7_cortexa9_0' is selected.
23:53:38 INFO  : The application 'C:/openTCSPC3/SRC/vitis/zedboard_real_microscope/app/Debug/app.elf' is downloaded to processor 'ps7_cortexa9_0'.
23:53:38 INFO  : 'configparams force-mem-access 0' command is executed.
23:53:38 INFO  : ----------------XSDB Script----------------
connect -url tcp:127.0.0.1:3121
targets -set -nocase -filter {name =~"APU*"}
rst -system
after 3000
targets -set -filter {jtag_cable_name =~ "Digilent Zed 210248BD1333" && level==0 && jtag_device_ctx=="jsn-Zed-210248BD1333-23727093-0"}
fpga -file C:/openTCSPC3/SRC/vitis/zedboard_real_microscope/app/_ide/bitstream/emulated_microscope_wrapper6.bit
targets -set -nocase -filter {name =~"APU*"}
loadhw -hw C:/openTCSPC3/SRC/vitis/zedboard_real_microscope/platform/export/platform/hw/emulated_microscope_wrapper6.xsa -mem-ranges [list {0x40000000 0xbfffffff}] -regs
configparams force-mem-access 1
targets -set -nocase -filter {name =~"APU*"}
source C:/openTCSPC3/SRC/vitis/zedboard_real_microscope/app/_ide/psinit/ps7_init.tcl
ps7_init
ps7_post_config
targets -set -nocase -filter {name =~ "*A9*#0"}
dow C:/openTCSPC3/SRC/vitis/zedboard_real_microscope/app/Debug/app.elf
configparams force-mem-access 0
----------------End of Script----------------

23:53:38 INFO  : Context for processor 'ps7_cortexa9_0' is selected.
23:53:38 INFO  : 'con' command is executed.
23:53:38 INFO  : ----------------XSDB Script (After Launch)----------------
targets -set -nocase -filter {name =~ "*A9*#0"}
con
----------------End of Script----------------

23:53:38 INFO  : Launch script is exported to file 'C:\openTCSPC3\SRC\vitis\zedboard_real_microscope\app_system\_ide\scripts\systemdebugger_app_system_standalone.tcl'
04:33:14 INFO  : Launching XSCT server: xsct.bat -n  -interactive C:\openTCSPC3\SRC\vitis\zedboard_real_microscope\temp_xsdb_launch_script.tcl
15:06:47 DEBUG : Logs will be stored at 'C:/openTCSPC3/SRC/vitis/zedboard_real_microscope/IDE.log'.
15:06:48 INFO  : Launching XSCT server: xsct.bat -n  -interactive C:\openTCSPC3\SRC\vitis\zedboard_real_microscope\temp_xsdb_launch_script.tcl
15:06:53 INFO  : XSCT server has started successfully.
15:06:53 INFO  : plnx-install-location is set to ''
15:06:53 INFO  : Successfully done setting XSCT server connection channel  
15:06:53 INFO  : Successfully done setting workspace for the tool. 
15:06:55 INFO  : Platform repository initialization has completed.
15:06:55 INFO  : Registering command handlers for Vitis TCF services
15:07:02 INFO  : Successfully done query RDI_DATADIR 
15:08:38 INFO  : Result from executing command 'getProjects': platform
15:08:38 INFO  : Result from executing command 'getPlatforms': platform|C:/openTCSPC3/SRC/vitis/zedboard_real_microscope/platform/export/platform/platform.xpfm;xilinx_zcu102_base_202420_1|C:/Xilinx/Vitis/2024.2/base_platforms/xilinx_zcu102_base_202420_1/xilinx_zcu102_base_202420_1.xpfm;xilinx_zcu102_base_dfx_202420_1|C:/Xilinx/Vitis/2024.2/base_platforms/xilinx_zcu102_base_dfx_202420_1/xilinx_zcu102_base_dfx_202420_1.xpfm;xilinx_zcu104_base_202420_1|C:/Xilinx/Vitis/2024.2/base_platforms/xilinx_zcu104_base_202420_1/xilinx_zcu104_base_202420_1.xpfm
15:08:39 INFO  : Checking for BSP changes to sync application flags for project 'app'...
15:09:13 INFO  : Connected to target on host '127.0.0.1' and port '3121'.
15:09:14 INFO  : Jtag cable 'Digilent Zed 210248BD1333' is selected.
15:09:14 INFO  : 'jtag frequency' command is executed.
15:09:14 INFO  : Context for 'APU' is selected.
15:09:14 INFO  : System reset is completed.
15:09:17 INFO  : 'after 3000' command is executed.
15:09:17 INFO  : 'targets -set -filter {jtag_cable_name =~ "Digilent Zed 210248BD1333" && level==0 && jtag_device_ctx=="jsn-Zed-210248BD1333-23727093-0"}' command is executed.
15:09:20 INFO  : Device configured successfully with "C:/openTCSPC3/SRC/vitis/zedboard_real_microscope/app/_ide/bitstream/emulated_microscope_wrapper6.bit"
15:09:20 INFO  : Context for 'APU' is selected.
15:09:20 INFO  : Hardware design and registers information is loaded from 'C:/openTCSPC3/SRC/vitis/zedboard_real_microscope/platform/export/platform/hw/emulated_microscope_wrapper6.xsa'.
15:09:20 INFO  : 'configparams force-mem-access 1' command is executed.
15:09:20 INFO  : Context for 'APU' is selected.
15:09:20 INFO  : Sourcing of 'C:/openTCSPC3/SRC/vitis/zedboard_real_microscope/app/_ide/psinit/ps7_init.tcl' is done.
15:09:20 INFO  : 'ps7_init' command is executed.
15:09:20 INFO  : 'ps7_post_config' command is executed.
15:09:20 INFO  : Context for processor 'ps7_cortexa9_0' is selected.
15:09:27 INFO  : The application 'C:/openTCSPC3/SRC/vitis/zedboard_real_microscope/app/Debug/app.elf' is downloaded to processor 'ps7_cortexa9_0'.
15:09:27 INFO  : 'configparams force-mem-access 0' command is executed.
15:09:27 INFO  : ----------------XSDB Script----------------
connect -url tcp:127.0.0.1:3121
targets -set -nocase -filter {name =~"APU*"}
rst -system
after 3000
targets -set -filter {jtag_cable_name =~ "Digilent Zed 210248BD1333" && level==0 && jtag_device_ctx=="jsn-Zed-210248BD1333-23727093-0"}
fpga -file C:/openTCSPC3/SRC/vitis/zedboard_real_microscope/app/_ide/bitstream/emulated_microscope_wrapper6.bit
targets -set -nocase -filter {name =~"APU*"}
loadhw -hw C:/openTCSPC3/SRC/vitis/zedboard_real_microscope/platform/export/platform/hw/emulated_microscope_wrapper6.xsa -mem-ranges [list {0x40000000 0xbfffffff}] -regs
configparams force-mem-access 1
targets -set -nocase -filter {name =~"APU*"}
source C:/openTCSPC3/SRC/vitis/zedboard_real_microscope/app/_ide/psinit/ps7_init.tcl
ps7_init
ps7_post_config
targets -set -nocase -filter {name =~ "*A9*#0"}
dow C:/openTCSPC3/SRC/vitis/zedboard_real_microscope/app/Debug/app.elf
configparams force-mem-access 0
----------------End of Script----------------

15:09:27 INFO  : Context for processor 'ps7_cortexa9_0' is selected.
15:09:27 INFO  : 'con' command is executed.
15:09:27 INFO  : ----------------XSDB Script (After Launch)----------------
targets -set -nocase -filter {name =~ "*A9*#0"}
con
----------------End of Script----------------

15:09:27 INFO  : Launch script is exported to file 'C:\openTCSPC3\SRC\vitis\zedboard_real_microscope\app_system\_ide\scripts\systemdebugger_app_system_standalone.tcl'
15:16:51 INFO  : Checking for BSP changes to sync application flags for project 'app'...
15:17:02 INFO  : Disconnected from the channel tcfchan#2.
15:17:02 INFO  : Connected to target on host '127.0.0.1' and port '3121'.
15:17:02 INFO  : Jtag cable 'Digilent Zed 210248BD1333' is selected.
15:17:02 INFO  : 'jtag frequency' command is executed.
15:17:02 INFO  : Context for 'APU' is selected.
15:17:02 INFO  : System reset is completed.
15:17:05 INFO  : 'after 3000' command is executed.
15:17:05 INFO  : 'targets -set -filter {jtag_cable_name =~ "Digilent Zed 210248BD1333" && level==0 && jtag_device_ctx=="jsn-Zed-210248BD1333-23727093-0"}' command is executed.
15:17:07 INFO  : Device configured successfully with "C:/openTCSPC3/SRC/vitis/zedboard_real_microscope/app/_ide/bitstream/emulated_microscope_wrapper6.bit"
15:17:07 INFO  : Context for 'APU' is selected.
15:17:07 INFO  : Hardware design and registers information is loaded from 'C:/openTCSPC3/SRC/vitis/zedboard_real_microscope/platform/export/platform/hw/emulated_microscope_wrapper6.xsa'.
15:17:07 INFO  : 'configparams force-mem-access 1' command is executed.
15:17:08 INFO  : Context for 'APU' is selected.
15:17:08 INFO  : Sourcing of 'C:/openTCSPC3/SRC/vitis/zedboard_real_microscope/app/_ide/psinit/ps7_init.tcl' is done.
15:17:08 INFO  : 'ps7_init' command is executed.
15:17:08 INFO  : 'ps7_post_config' command is executed.
15:17:08 INFO  : Context for processor 'ps7_cortexa9_0' is selected.
15:17:15 INFO  : The application 'C:/openTCSPC3/SRC/vitis/zedboard_real_microscope/app/Debug/app.elf' is downloaded to processor 'ps7_cortexa9_0'.
15:17:15 INFO  : 'configparams force-mem-access 0' command is executed.
15:17:15 INFO  : ----------------XSDB Script----------------
connect -url tcp:127.0.0.1:3121
targets -set -nocase -filter {name =~"APU*"}
rst -system
after 3000
targets -set -filter {jtag_cable_name =~ "Digilent Zed 210248BD1333" && level==0 && jtag_device_ctx=="jsn-Zed-210248BD1333-23727093-0"}
fpga -file C:/openTCSPC3/SRC/vitis/zedboard_real_microscope/app/_ide/bitstream/emulated_microscope_wrapper6.bit
targets -set -nocase -filter {name =~"APU*"}
loadhw -hw C:/openTCSPC3/SRC/vitis/zedboard_real_microscope/platform/export/platform/hw/emulated_microscope_wrapper6.xsa -mem-ranges [list {0x40000000 0xbfffffff}] -regs
configparams force-mem-access 1
targets -set -nocase -filter {name =~"APU*"}
source C:/openTCSPC3/SRC/vitis/zedboard_real_microscope/app/_ide/psinit/ps7_init.tcl
ps7_init
ps7_post_config
targets -set -nocase -filter {name =~ "*A9*#0"}
dow C:/openTCSPC3/SRC/vitis/zedboard_real_microscope/app/Debug/app.elf
configparams force-mem-access 0
----------------End of Script----------------

15:17:15 INFO  : Context for processor 'ps7_cortexa9_0' is selected.
15:17:15 INFO  : 'con' command is executed.
15:17:15 INFO  : ----------------XSDB Script (After Launch)----------------
targets -set -nocase -filter {name =~ "*A9*#0"}
con
----------------End of Script----------------

15:17:15 INFO  : Launch script is exported to file 'C:\openTCSPC3\SRC\vitis\zedboard_real_microscope\app_system\_ide\scripts\systemdebugger_app_system_standalone.tcl'
15:18:53 INFO  : Disconnected from the channel tcfchan#3.
15:18:54 INFO  : Connected to target on host '127.0.0.1' and port '3121'.
15:18:54 INFO  : Jtag cable 'Digilent Zed 210248BD1333' is selected.
15:18:54 INFO  : 'jtag frequency' command is executed.
15:18:54 INFO  : Context for 'APU' is selected.
15:18:54 INFO  : System reset is completed.
15:18:57 INFO  : 'after 3000' command is executed.
15:18:57 INFO  : 'targets -set -filter {jtag_cable_name =~ "Digilent Zed 210248BD1333" && level==0 && jtag_device_ctx=="jsn-Zed-210248BD1333-23727093-0"}' command is executed.
15:18:59 INFO  : Device configured successfully with "C:/openTCSPC3/SRC/vitis/zedboard_real_microscope/app/_ide/bitstream/emulated_microscope_wrapper6.bit"
15:18:59 INFO  : Context for 'APU' is selected.
15:18:59 INFO  : Hardware design and registers information is loaded from 'C:/openTCSPC3/SRC/vitis/zedboard_real_microscope/platform/export/platform/hw/emulated_microscope_wrapper6.xsa'.
15:18:59 INFO  : 'configparams force-mem-access 1' command is executed.
15:18:59 INFO  : Context for 'APU' is selected.
15:18:59 INFO  : Sourcing of 'C:/openTCSPC3/SRC/vitis/zedboard_real_microscope/app/_ide/psinit/ps7_init.tcl' is done.
15:19:00 INFO  : 'ps7_init' command is executed.
15:19:00 INFO  : 'ps7_post_config' command is executed.
15:19:00 INFO  : Context for processor 'ps7_cortexa9_0' is selected.
15:19:06 INFO  : The application 'C:/openTCSPC3/SRC/vitis/zedboard_real_microscope/app/Debug/app.elf' is downloaded to processor 'ps7_cortexa9_0'.
15:19:07 INFO  : 'configparams force-mem-access 0' command is executed.
15:19:07 INFO  : ----------------XSDB Script----------------
connect -url tcp:127.0.0.1:3121
targets -set -nocase -filter {name =~"APU*"}
rst -system
after 3000
targets -set -filter {jtag_cable_name =~ "Digilent Zed 210248BD1333" && level==0 && jtag_device_ctx=="jsn-Zed-210248BD1333-23727093-0"}
fpga -file C:/openTCSPC3/SRC/vitis/zedboard_real_microscope/app/_ide/bitstream/emulated_microscope_wrapper6.bit
targets -set -nocase -filter {name =~"APU*"}
loadhw -hw C:/openTCSPC3/SRC/vitis/zedboard_real_microscope/platform/export/platform/hw/emulated_microscope_wrapper6.xsa -mem-ranges [list {0x40000000 0xbfffffff}] -regs
configparams force-mem-access 1
targets -set -nocase -filter {name =~"APU*"}
source C:/openTCSPC3/SRC/vitis/zedboard_real_microscope/app/_ide/psinit/ps7_init.tcl
ps7_init
ps7_post_config
targets -set -nocase -filter {name =~ "*A9*#0"}
dow C:/openTCSPC3/SRC/vitis/zedboard_real_microscope/app/Debug/app.elf
configparams force-mem-access 0
----------------End of Script----------------

15:19:07 INFO  : Context for processor 'ps7_cortexa9_0' is selected.
15:19:07 INFO  : 'con' command is executed.
15:19:07 INFO  : ----------------XSDB Script (After Launch)----------------
targets -set -nocase -filter {name =~ "*A9*#0"}
con
----------------End of Script----------------

15:19:07 INFO  : Launch script is exported to file 'C:\openTCSPC3\SRC\vitis\zedboard_real_microscope\app_system\_ide\scripts\systemdebugger_app_system_standalone.tcl'
15:19:56 INFO  : Disconnected from the channel tcfchan#4.
15:19:56 INFO  : Connected to target on host '127.0.0.1' and port '3121'.
15:19:56 INFO  : Jtag cable 'Digilent Zed 210248BD1333' is selected.
15:19:56 INFO  : 'jtag frequency' command is executed.
15:19:56 INFO  : Context for 'APU' is selected.
15:19:57 INFO  : System reset is completed.
15:20:00 INFO  : 'after 3000' command is executed.
15:20:00 INFO  : 'targets -set -filter {jtag_cable_name =~ "Digilent Zed 210248BD1333" && level==0 && jtag_device_ctx=="jsn-Zed-210248BD1333-23727093-0"}' command is executed.
15:20:02 INFO  : Device configured successfully with "C:/openTCSPC3/SRC/vitis/zedboard_real_microscope/app/_ide/bitstream/emulated_microscope_wrapper6.bit"
15:20:02 INFO  : Context for 'APU' is selected.
15:20:02 INFO  : Hardware design and registers information is loaded from 'C:/openTCSPC3/SRC/vitis/zedboard_real_microscope/platform/export/platform/hw/emulated_microscope_wrapper6.xsa'.
15:20:02 INFO  : 'configparams force-mem-access 1' command is executed.
15:20:02 INFO  : Context for 'APU' is selected.
15:20:02 INFO  : Sourcing of 'C:/openTCSPC3/SRC/vitis/zedboard_real_microscope/app/_ide/psinit/ps7_init.tcl' is done.
15:20:02 INFO  : 'ps7_init' command is executed.
15:20:02 INFO  : 'ps7_post_config' command is executed.
15:20:02 INFO  : Context for processor 'ps7_cortexa9_0' is selected.
15:20:09 INFO  : The application 'C:/openTCSPC3/SRC/vitis/zedboard_real_microscope/app/Debug/app.elf' is downloaded to processor 'ps7_cortexa9_0'.
15:20:09 INFO  : 'configparams force-mem-access 0' command is executed.
15:20:09 INFO  : ----------------XSDB Script----------------
connect -url tcp:127.0.0.1:3121
targets -set -nocase -filter {name =~"APU*"}
rst -system
after 3000
targets -set -filter {jtag_cable_name =~ "Digilent Zed 210248BD1333" && level==0 && jtag_device_ctx=="jsn-Zed-210248BD1333-23727093-0"}
fpga -file C:/openTCSPC3/SRC/vitis/zedboard_real_microscope/app/_ide/bitstream/emulated_microscope_wrapper6.bit
targets -set -nocase -filter {name =~"APU*"}
loadhw -hw C:/openTCSPC3/SRC/vitis/zedboard_real_microscope/platform/export/platform/hw/emulated_microscope_wrapper6.xsa -mem-ranges [list {0x40000000 0xbfffffff}] -regs
configparams force-mem-access 1
targets -set -nocase -filter {name =~"APU*"}
source C:/openTCSPC3/SRC/vitis/zedboard_real_microscope/app/_ide/psinit/ps7_init.tcl
ps7_init
ps7_post_config
targets -set -nocase -filter {name =~ "*A9*#0"}
dow C:/openTCSPC3/SRC/vitis/zedboard_real_microscope/app/Debug/app.elf
configparams force-mem-access 0
----------------End of Script----------------

15:20:09 INFO  : Context for processor 'ps7_cortexa9_0' is selected.
15:20:09 INFO  : 'con' command is executed.
15:20:09 INFO  : ----------------XSDB Script (After Launch)----------------
targets -set -nocase -filter {name =~ "*A9*#0"}
con
----------------End of Script----------------

15:20:09 INFO  : Launch script is exported to file 'C:\openTCSPC3\SRC\vitis\zedboard_real_microscope\app_system\_ide\scripts\systemdebugger_app_system_standalone.tcl'
15:22:50 INFO  : Disconnected from the channel tcfchan#5.
15:22:51 INFO  : Connected to target on host '127.0.0.1' and port '3121'.
15:22:51 INFO  : Jtag cable 'Digilent Zed 210248BD1333' is selected.
15:22:51 INFO  : 'jtag frequency' command is executed.
15:22:51 INFO  : Context for 'APU' is selected.
15:22:51 INFO  : System reset is completed.
15:22:54 INFO  : 'after 3000' command is executed.
15:22:54 INFO  : 'targets -set -filter {jtag_cable_name =~ "Digilent Zed 210248BD1333" && level==0 && jtag_device_ctx=="jsn-Zed-210248BD1333-23727093-0"}' command is executed.
15:22:56 INFO  : Device configured successfully with "C:/openTCSPC3/SRC/vitis/zedboard_real_microscope/app/_ide/bitstream/emulated_microscope_wrapper6.bit"
15:22:56 INFO  : Context for 'APU' is selected.
15:22:56 INFO  : Hardware design and registers information is loaded from 'C:/openTCSPC3/SRC/vitis/zedboard_real_microscope/platform/export/platform/hw/emulated_microscope_wrapper6.xsa'.
15:22:56 INFO  : 'configparams force-mem-access 1' command is executed.
15:22:56 INFO  : Context for 'APU' is selected.
15:22:56 INFO  : Sourcing of 'C:/openTCSPC3/SRC/vitis/zedboard_real_microscope/app/_ide/psinit/ps7_init.tcl' is done.
15:22:57 INFO  : 'ps7_init' command is executed.
15:22:57 INFO  : 'ps7_post_config' command is executed.
15:22:57 INFO  : Context for processor 'ps7_cortexa9_0' is selected.
15:23:04 INFO  : The application 'C:/openTCSPC3/SRC/vitis/zedboard_real_microscope/app/Debug/app.elf' is downloaded to processor 'ps7_cortexa9_0'.
15:23:04 INFO  : 'configparams force-mem-access 0' command is executed.
15:23:04 INFO  : ----------------XSDB Script----------------
connect -url tcp:127.0.0.1:3121
targets -set -nocase -filter {name =~"APU*"}
rst -system
after 3000
targets -set -filter {jtag_cable_name =~ "Digilent Zed 210248BD1333" && level==0 && jtag_device_ctx=="jsn-Zed-210248BD1333-23727093-0"}
fpga -file C:/openTCSPC3/SRC/vitis/zedboard_real_microscope/app/_ide/bitstream/emulated_microscope_wrapper6.bit
targets -set -nocase -filter {name =~"APU*"}
loadhw -hw C:/openTCSPC3/SRC/vitis/zedboard_real_microscope/platform/export/platform/hw/emulated_microscope_wrapper6.xsa -mem-ranges [list {0x40000000 0xbfffffff}] -regs
configparams force-mem-access 1
targets -set -nocase -filter {name =~"APU*"}
source C:/openTCSPC3/SRC/vitis/zedboard_real_microscope/app/_ide/psinit/ps7_init.tcl
ps7_init
ps7_post_config
targets -set -nocase -filter {name =~ "*A9*#0"}
dow C:/openTCSPC3/SRC/vitis/zedboard_real_microscope/app/Debug/app.elf
configparams force-mem-access 0
----------------End of Script----------------

15:23:04 INFO  : Context for processor 'ps7_cortexa9_0' is selected.
15:23:04 INFO  : 'con' command is executed.
15:23:04 INFO  : ----------------XSDB Script (After Launch)----------------
targets -set -nocase -filter {name =~ "*A9*#0"}
con
----------------End of Script----------------

15:23:04 INFO  : Launch script is exported to file 'C:\openTCSPC3\SRC\vitis\zedboard_real_microscope\app_system\_ide\scripts\systemdebugger_app_system_standalone.tcl'
15:24:12 INFO  : Disconnected from the channel tcfchan#6.
15:24:12 INFO  : Connected to target on host '127.0.0.1' and port '3121'.
15:24:12 INFO  : Jtag cable 'Digilent Zed 210248BD1333' is selected.
15:24:12 INFO  : 'jtag frequency' command is executed.
15:24:12 INFO  : Context for 'APU' is selected.
15:24:12 INFO  : System reset is completed.
15:24:15 INFO  : 'after 3000' command is executed.
15:24:15 INFO  : 'targets -set -filter {jtag_cable_name =~ "Digilent Zed 210248BD1333" && level==0 && jtag_device_ctx=="jsn-Zed-210248BD1333-23727093-0"}' command is executed.
15:24:18 INFO  : Device configured successfully with "C:/openTCSPC3/SRC/vitis/zedboard_real_microscope/app/_ide/bitstream/emulated_microscope_wrapper6.bit"
15:24:18 INFO  : Context for 'APU' is selected.
15:24:18 INFO  : Hardware design and registers information is loaded from 'C:/openTCSPC3/SRC/vitis/zedboard_real_microscope/platform/export/platform/hw/emulated_microscope_wrapper6.xsa'.
15:24:18 INFO  : 'configparams force-mem-access 1' command is executed.
15:24:18 INFO  : Context for 'APU' is selected.
15:24:18 INFO  : Sourcing of 'C:/openTCSPC3/SRC/vitis/zedboard_real_microscope/app/_ide/psinit/ps7_init.tcl' is done.
15:24:18 INFO  : 'ps7_init' command is executed.
15:24:18 INFO  : 'ps7_post_config' command is executed.
15:24:18 INFO  : Context for processor 'ps7_cortexa9_0' is selected.
15:24:25 INFO  : The application 'C:/openTCSPC3/SRC/vitis/zedboard_real_microscope/app/Debug/app.elf' is downloaded to processor 'ps7_cortexa9_0'.
15:24:25 INFO  : 'configparams force-mem-access 0' command is executed.
15:24:25 INFO  : ----------------XSDB Script----------------
connect -url tcp:127.0.0.1:3121
targets -set -nocase -filter {name =~"APU*"}
rst -system
after 3000
targets -set -filter {jtag_cable_name =~ "Digilent Zed 210248BD1333" && level==0 && jtag_device_ctx=="jsn-Zed-210248BD1333-23727093-0"}
fpga -file C:/openTCSPC3/SRC/vitis/zedboard_real_microscope/app/_ide/bitstream/emulated_microscope_wrapper6.bit
targets -set -nocase -filter {name =~"APU*"}
loadhw -hw C:/openTCSPC3/SRC/vitis/zedboard_real_microscope/platform/export/platform/hw/emulated_microscope_wrapper6.xsa -mem-ranges [list {0x40000000 0xbfffffff}] -regs
configparams force-mem-access 1
targets -set -nocase -filter {name =~"APU*"}
source C:/openTCSPC3/SRC/vitis/zedboard_real_microscope/app/_ide/psinit/ps7_init.tcl
ps7_init
ps7_post_config
targets -set -nocase -filter {name =~ "*A9*#0"}
dow C:/openTCSPC3/SRC/vitis/zedboard_real_microscope/app/Debug/app.elf
configparams force-mem-access 0
----------------End of Script----------------

15:24:25 INFO  : Context for processor 'ps7_cortexa9_0' is selected.
15:24:25 INFO  : 'con' command is executed.
15:24:25 INFO  : ----------------XSDB Script (After Launch)----------------
targets -set -nocase -filter {name =~ "*A9*#0"}
con
----------------End of Script----------------

15:24:25 INFO  : Launch script is exported to file 'C:\openTCSPC3\SRC\vitis\zedboard_real_microscope\app_system\_ide\scripts\systemdebugger_app_system_standalone.tcl'
17:41:53 INFO  : Checking for BSP changes to sync application flags for project 'app'...
17:42:10 INFO  : Disconnected from the channel tcfchan#7.
17:42:10 INFO  : Connected to target on host '127.0.0.1' and port '3121'.
17:42:10 INFO  : Jtag cable 'Digilent Zed 210248BD1333' is selected.
17:42:10 INFO  : 'jtag frequency' command is executed.
17:42:10 INFO  : Context for 'APU' is selected.
17:42:10 INFO  : System reset is completed.
17:42:14 INFO  : 'after 3000' command is executed.
17:42:14 INFO  : 'targets -set -filter {jtag_cable_name =~ "Digilent Zed 210248BD1333" && level==0 && jtag_device_ctx=="jsn-Zed-210248BD1333-23727093-0"}' command is executed.
17:42:16 INFO  : Device configured successfully with "C:/openTCSPC3/SRC/vitis/zedboard_real_microscope/app/_ide/bitstream/emulated_microscope_wrapper6.bit"
17:42:16 INFO  : Context for 'APU' is selected.
17:42:16 INFO  : Hardware design and registers information is loaded from 'C:/openTCSPC3/SRC/vitis/zedboard_real_microscope/platform/export/platform/hw/emulated_microscope_wrapper6.xsa'.
17:42:16 INFO  : 'configparams force-mem-access 1' command is executed.
17:42:16 INFO  : Context for 'APU' is selected.
17:42:16 INFO  : Sourcing of 'C:/openTCSPC3/SRC/vitis/zedboard_real_microscope/app/_ide/psinit/ps7_init.tcl' is done.
17:42:16 INFO  : 'ps7_init' command is executed.
17:42:16 INFO  : 'ps7_post_config' command is executed.
17:42:16 INFO  : Context for processor 'ps7_cortexa9_0' is selected.
17:42:23 INFO  : The application 'C:/openTCSPC3/SRC/vitis/zedboard_real_microscope/app/Debug/app.elf' is downloaded to processor 'ps7_cortexa9_0'.
17:42:23 INFO  : 'configparams force-mem-access 0' command is executed.
17:42:23 INFO  : ----------------XSDB Script----------------
connect -url tcp:127.0.0.1:3121
targets -set -nocase -filter {name =~"APU*"}
rst -system
after 3000
targets -set -filter {jtag_cable_name =~ "Digilent Zed 210248BD1333" && level==0 && jtag_device_ctx=="jsn-Zed-210248BD1333-23727093-0"}
fpga -file C:/openTCSPC3/SRC/vitis/zedboard_real_microscope/app/_ide/bitstream/emulated_microscope_wrapper6.bit
targets -set -nocase -filter {name =~"APU*"}
loadhw -hw C:/openTCSPC3/SRC/vitis/zedboard_real_microscope/platform/export/platform/hw/emulated_microscope_wrapper6.xsa -mem-ranges [list {0x40000000 0xbfffffff}] -regs
configparams force-mem-access 1
targets -set -nocase -filter {name =~"APU*"}
source C:/openTCSPC3/SRC/vitis/zedboard_real_microscope/app/_ide/psinit/ps7_init.tcl
ps7_init
ps7_post_config
targets -set -nocase -filter {name =~ "*A9*#0"}
dow C:/openTCSPC3/SRC/vitis/zedboard_real_microscope/app/Debug/app.elf
configparams force-mem-access 0
----------------End of Script----------------

17:42:23 INFO  : Context for processor 'ps7_cortexa9_0' is selected.
17:42:23 INFO  : 'con' command is executed.
17:42:23 INFO  : ----------------XSDB Script (After Launch)----------------
targets -set -nocase -filter {name =~ "*A9*#0"}
con
----------------End of Script----------------

17:42:23 INFO  : Launch script is exported to file 'C:\openTCSPC3\SRC\vitis\zedboard_real_microscope\app_system\_ide\scripts\systemdebugger_app_system_standalone.tcl'
18:16:32 INFO  : Disconnected from the channel tcfchan#8.
18:16:32 INFO  : Connected to target on host '127.0.0.1' and port '3121'.
18:16:32 INFO  : Jtag cable 'Digilent Zed 210248BD1333' is selected.
18:16:32 INFO  : 'jtag frequency' command is executed.
18:16:32 INFO  : Context for 'APU' is selected.
18:16:33 INFO  : System reset is completed.
18:16:36 INFO  : 'after 3000' command is executed.
18:16:36 INFO  : 'targets -set -filter {jtag_cable_name =~ "Digilent Zed 210248BD1333" && level==0 && jtag_device_ctx=="jsn-Zed-210248BD1333-23727093-0"}' command is executed.
18:16:38 INFO  : Device configured successfully with "C:/openTCSPC3/SRC/vitis/zedboard_real_microscope/app/_ide/bitstream/emulated_microscope_wrapper6.bit"
18:16:38 INFO  : Context for 'APU' is selected.
18:16:38 INFO  : Hardware design and registers information is loaded from 'C:/openTCSPC3/SRC/vitis/zedboard_real_microscope/platform/export/platform/hw/emulated_microscope_wrapper6.xsa'.
18:16:38 INFO  : 'configparams force-mem-access 1' command is executed.
18:16:38 INFO  : Context for 'APU' is selected.
18:16:38 INFO  : Sourcing of 'C:/openTCSPC3/SRC/vitis/zedboard_real_microscope/app/_ide/psinit/ps7_init.tcl' is done.
18:16:38 INFO  : 'ps7_init' command is executed.
18:16:38 INFO  : 'ps7_post_config' command is executed.
18:16:38 INFO  : Context for processor 'ps7_cortexa9_0' is selected.
18:16:45 INFO  : The application 'C:/openTCSPC3/SRC/vitis/zedboard_real_microscope/app/Debug/app.elf' is downloaded to processor 'ps7_cortexa9_0'.
18:16:45 INFO  : 'configparams force-mem-access 0' command is executed.
18:16:45 INFO  : ----------------XSDB Script----------------
connect -url tcp:127.0.0.1:3121
targets -set -nocase -filter {name =~"APU*"}
rst -system
after 3000
targets -set -filter {jtag_cable_name =~ "Digilent Zed 210248BD1333" && level==0 && jtag_device_ctx=="jsn-Zed-210248BD1333-23727093-0"}
fpga -file C:/openTCSPC3/SRC/vitis/zedboard_real_microscope/app/_ide/bitstream/emulated_microscope_wrapper6.bit
targets -set -nocase -filter {name =~"APU*"}
loadhw -hw C:/openTCSPC3/SRC/vitis/zedboard_real_microscope/platform/export/platform/hw/emulated_microscope_wrapper6.xsa -mem-ranges [list {0x40000000 0xbfffffff}] -regs
configparams force-mem-access 1
targets -set -nocase -filter {name =~"APU*"}
source C:/openTCSPC3/SRC/vitis/zedboard_real_microscope/app/_ide/psinit/ps7_init.tcl
ps7_init
ps7_post_config
targets -set -nocase -filter {name =~ "*A9*#0"}
dow C:/openTCSPC3/SRC/vitis/zedboard_real_microscope/app/Debug/app.elf
configparams force-mem-access 0
----------------End of Script----------------

18:16:45 INFO  : Context for processor 'ps7_cortexa9_0' is selected.
18:16:45 INFO  : 'con' command is executed.
18:16:45 INFO  : ----------------XSDB Script (After Launch)----------------
targets -set -nocase -filter {name =~ "*A9*#0"}
con
----------------End of Script----------------

18:16:45 INFO  : Launch script is exported to file 'C:\openTCSPC3\SRC\vitis\zedboard_real_microscope\app_system\_ide\scripts\systemdebugger_app_system_standalone.tcl'
18:23:03 INFO  : Checking for BSP changes to sync application flags for project 'app'...
18:23:10 INFO  : Disconnected from the channel tcfchan#9.
18:23:10 INFO  : Connected to target on host '127.0.0.1' and port '3121'.
18:23:10 INFO  : Jtag cable 'Digilent Zed 210248BD1333' is selected.
18:23:10 INFO  : 'jtag frequency' command is executed.
18:23:10 INFO  : Context for 'APU' is selected.
18:23:10 INFO  : System reset is completed.
18:23:13 INFO  : 'after 3000' command is executed.
18:23:13 INFO  : 'targets -set -filter {jtag_cable_name =~ "Digilent Zed 210248BD1333" && level==0 && jtag_device_ctx=="jsn-Zed-210248BD1333-23727093-0"}' command is executed.
18:23:16 INFO  : Device configured successfully with "C:/openTCSPC3/SRC/vitis/zedboard_real_microscope/app/_ide/bitstream/emulated_microscope_wrapper6.bit"
18:23:16 INFO  : Context for 'APU' is selected.
18:23:16 INFO  : Hardware design and registers information is loaded from 'C:/openTCSPC3/SRC/vitis/zedboard_real_microscope/platform/export/platform/hw/emulated_microscope_wrapper6.xsa'.
18:23:16 INFO  : 'configparams force-mem-access 1' command is executed.
18:23:16 INFO  : Context for 'APU' is selected.
18:23:16 INFO  : Sourcing of 'C:/openTCSPC3/SRC/vitis/zedboard_real_microscope/app/_ide/psinit/ps7_init.tcl' is done.
18:23:16 INFO  : 'ps7_init' command is executed.
18:23:16 INFO  : 'ps7_post_config' command is executed.
18:23:16 INFO  : Context for processor 'ps7_cortexa9_0' is selected.
18:23:23 INFO  : The application 'C:/openTCSPC3/SRC/vitis/zedboard_real_microscope/app/Debug/app.elf' is downloaded to processor 'ps7_cortexa9_0'.
18:23:23 INFO  : 'configparams force-mem-access 0' command is executed.
18:23:23 INFO  : ----------------XSDB Script----------------
connect -url tcp:127.0.0.1:3121
targets -set -nocase -filter {name =~"APU*"}
rst -system
after 3000
targets -set -filter {jtag_cable_name =~ "Digilent Zed 210248BD1333" && level==0 && jtag_device_ctx=="jsn-Zed-210248BD1333-23727093-0"}
fpga -file C:/openTCSPC3/SRC/vitis/zedboard_real_microscope/app/_ide/bitstream/emulated_microscope_wrapper6.bit
targets -set -nocase -filter {name =~"APU*"}
loadhw -hw C:/openTCSPC3/SRC/vitis/zedboard_real_microscope/platform/export/platform/hw/emulated_microscope_wrapper6.xsa -mem-ranges [list {0x40000000 0xbfffffff}] -regs
configparams force-mem-access 1
targets -set -nocase -filter {name =~"APU*"}
source C:/openTCSPC3/SRC/vitis/zedboard_real_microscope/app/_ide/psinit/ps7_init.tcl
ps7_init
ps7_post_config
targets -set -nocase -filter {name =~ "*A9*#0"}
dow C:/openTCSPC3/SRC/vitis/zedboard_real_microscope/app/Debug/app.elf
configparams force-mem-access 0
----------------End of Script----------------

18:23:23 INFO  : Context for processor 'ps7_cortexa9_0' is selected.
18:23:23 INFO  : 'con' command is executed.
18:23:23 INFO  : ----------------XSDB Script (After Launch)----------------
targets -set -nocase -filter {name =~ "*A9*#0"}
con
----------------End of Script----------------

18:23:23 INFO  : Launch script is exported to file 'C:\openTCSPC3\SRC\vitis\zedboard_real_microscope\app_system\_ide\scripts\systemdebugger_app_system_standalone.tcl'
20:18:27 INFO  : Checking for BSP changes to sync application flags for project 'app'...
20:18:47 INFO  : Disconnected from the channel tcfchan#10.
20:18:47 INFO  : Connected to target on host '127.0.0.1' and port '3121'.
20:18:48 INFO  : Jtag cable 'Digilent Zed 210248BD1333' is selected.
20:18:48 INFO  : 'jtag frequency' command is executed.
20:18:48 INFO  : Context for 'APU' is selected.
20:18:48 INFO  : System reset is completed.
20:18:51 INFO  : 'after 3000' command is executed.
20:18:51 INFO  : 'targets -set -filter {jtag_cable_name =~ "Digilent Zed 210248BD1333" && level==0 && jtag_device_ctx=="jsn-Zed-210248BD1333-23727093-0"}' command is executed.
20:18:53 INFO  : Device configured successfully with "C:/openTCSPC3/SRC/vitis/zedboard_real_microscope/app/_ide/bitstream/emulated_microscope_wrapper6.bit"
20:18:53 INFO  : Context for 'APU' is selected.
20:18:53 INFO  : Hardware design and registers information is loaded from 'C:/openTCSPC3/SRC/vitis/zedboard_real_microscope/platform/export/platform/hw/emulated_microscope_wrapper6.xsa'.
20:18:53 INFO  : 'configparams force-mem-access 1' command is executed.
20:18:53 INFO  : Context for 'APU' is selected.
20:18:53 INFO  : Sourcing of 'C:/openTCSPC3/SRC/vitis/zedboard_real_microscope/app/_ide/psinit/ps7_init.tcl' is done.
20:18:54 INFO  : 'ps7_init' command is executed.
20:18:54 INFO  : 'ps7_post_config' command is executed.
20:18:54 INFO  : Context for processor 'ps7_cortexa9_0' is selected.
20:19:00 INFO  : The application 'C:/openTCSPC3/SRC/vitis/zedboard_real_microscope/app/Debug/app.elf' is downloaded to processor 'ps7_cortexa9_0'.
20:19:00 INFO  : 'configparams force-mem-access 0' command is executed.
20:19:00 INFO  : ----------------XSDB Script----------------
connect -url tcp:127.0.0.1:3121
targets -set -nocase -filter {name =~"APU*"}
rst -system
after 3000
targets -set -filter {jtag_cable_name =~ "Digilent Zed 210248BD1333" && level==0 && jtag_device_ctx=="jsn-Zed-210248BD1333-23727093-0"}
fpga -file C:/openTCSPC3/SRC/vitis/zedboard_real_microscope/app/_ide/bitstream/emulated_microscope_wrapper6.bit
targets -set -nocase -filter {name =~"APU*"}
loadhw -hw C:/openTCSPC3/SRC/vitis/zedboard_real_microscope/platform/export/platform/hw/emulated_microscope_wrapper6.xsa -mem-ranges [list {0x40000000 0xbfffffff}] -regs
configparams force-mem-access 1
targets -set -nocase -filter {name =~"APU*"}
source C:/openTCSPC3/SRC/vitis/zedboard_real_microscope/app/_ide/psinit/ps7_init.tcl
ps7_init
ps7_post_config
targets -set -nocase -filter {name =~ "*A9*#0"}
dow C:/openTCSPC3/SRC/vitis/zedboard_real_microscope/app/Debug/app.elf
configparams force-mem-access 0
----------------End of Script----------------

20:19:01 INFO  : Context for processor 'ps7_cortexa9_0' is selected.
20:19:01 INFO  : 'con' command is executed.
20:19:01 INFO  : ----------------XSDB Script (After Launch)----------------
targets -set -nocase -filter {name =~ "*A9*#0"}
con
----------------End of Script----------------

20:19:01 INFO  : Launch script is exported to file 'C:\openTCSPC3\SRC\vitis\zedboard_real_microscope\app_system\_ide\scripts\systemdebugger_app_system_standalone.tcl'
11:06:30 INFO  : Result from executing command 'getProjects': platform
11:06:30 INFO  : Result from executing command 'getPlatforms': platform|C:/openTCSPC3/SRC/vitis/zedboard_real_microscope/platform/export/platform/platform.xpfm;xilinx_zcu102_base_202420_1|C:/Xilinx/Vitis/2024.2/base_platforms/xilinx_zcu102_base_202420_1/xilinx_zcu102_base_202420_1.xpfm;xilinx_zcu102_base_dfx_202420_1|C:/Xilinx/Vitis/2024.2/base_platforms/xilinx_zcu102_base_dfx_202420_1/xilinx_zcu102_base_dfx_202420_1.xpfm;xilinx_zcu104_base_202420_1|C:/Xilinx/Vitis/2024.2/base_platforms/xilinx_zcu104_base_202420_1/xilinx_zcu104_base_202420_1.xpfm
11:06:31 INFO  : Checking for BSP changes to sync application flags for project 'app'...
11:06:31 INFO  : Updating application flags with new BSP settings...
11:06:31 INFO  : Successfully updated application flags for project app.
11:11:08 INFO  : Checking for BSP changes to sync application flags for project 'app'...
11:11:48 INFO  : Checking for BSP changes to sync application flags for project 'app'...
11:12:13 INFO  : Checking for BSP changes to sync application flags for project 'app'...
11:12:37 INFO  : Checking for BSP changes to sync application flags for project 'app'...
11:12:54 INFO  : Checking for BSP changes to sync application flags for project 'app'...
11:13:36 INFO  : Checking for BSP changes to sync application flags for project 'app'...
11:15:35 INFO  : Checking for BSP changes to sync application flags for project 'app'...
11:17:04 INFO  : Checking for BSP changes to sync application flags for project 'app'...
11:17:21 INFO  : Disconnected from the channel tcfchan#11.
11:17:21 INFO  : Connected to target on host '127.0.0.1' and port '3121'.
11:17:21 INFO  : Jtag cable 'Digilent Zed 210248BD1333' is selected.
11:17:21 INFO  : 'jtag frequency' command is executed.
11:17:21 INFO  : Context for 'APU' is selected.
11:17:21 INFO  : System reset is completed.
11:17:24 INFO  : 'after 3000' command is executed.
11:17:24 INFO  : 'targets -set -filter {jtag_cable_name =~ "Digilent Zed 210248BD1333" && level==0 && jtag_device_ctx=="jsn-Zed-210248BD1333-23727093-0"}' command is executed.
11:17:26 INFO  : Device configured successfully with "C:/openTCSPC3/SRC/vitis/zedboard_real_microscope/app/_ide/bitstream/emulated_microscope_wrapper6.bit"
11:17:27 INFO  : Context for 'APU' is selected.
11:17:27 INFO  : Hardware design and registers information is loaded from 'C:/openTCSPC3/SRC/vitis/zedboard_real_microscope/platform/export/platform/hw/emulated_microscope_wrapper6.xsa'.
11:17:27 INFO  : 'configparams force-mem-access 1' command is executed.
11:17:27 INFO  : Context for 'APU' is selected.
11:17:27 INFO  : Sourcing of 'C:/openTCSPC3/SRC/vitis/zedboard_real_microscope/app/_ide/psinit/ps7_init.tcl' is done.
11:17:27 INFO  : 'ps7_init' command is executed.
11:17:27 INFO  : 'ps7_post_config' command is executed.
11:17:27 INFO  : Context for processor 'ps7_cortexa9_0' is selected.
11:17:34 INFO  : The application 'C:/openTCSPC3/SRC/vitis/zedboard_real_microscope/app/Debug/app.elf' is downloaded to processor 'ps7_cortexa9_0'.
11:17:34 INFO  : 'configparams force-mem-access 0' command is executed.
11:17:34 INFO  : ----------------XSDB Script----------------
connect -url tcp:127.0.0.1:3121
targets -set -nocase -filter {name =~"APU*"}
rst -system
after 3000
targets -set -filter {jtag_cable_name =~ "Digilent Zed 210248BD1333" && level==0 && jtag_device_ctx=="jsn-Zed-210248BD1333-23727093-0"}
fpga -file C:/openTCSPC3/SRC/vitis/zedboard_real_microscope/app/_ide/bitstream/emulated_microscope_wrapper6.bit
targets -set -nocase -filter {name =~"APU*"}
loadhw -hw C:/openTCSPC3/SRC/vitis/zedboard_real_microscope/platform/export/platform/hw/emulated_microscope_wrapper6.xsa -mem-ranges [list {0x40000000 0xbfffffff}] -regs
configparams force-mem-access 1
targets -set -nocase -filter {name =~"APU*"}
source C:/openTCSPC3/SRC/vitis/zedboard_real_microscope/app/_ide/psinit/ps7_init.tcl
ps7_init
ps7_post_config
targets -set -nocase -filter {name =~ "*A9*#0"}
dow C:/openTCSPC3/SRC/vitis/zedboard_real_microscope/app/Debug/app.elf
configparams force-mem-access 0
----------------End of Script----------------

11:17:34 INFO  : Context for processor 'ps7_cortexa9_0' is selected.
11:17:34 INFO  : 'con' command is executed.
11:17:34 INFO  : ----------------XSDB Script (After Launch)----------------
targets -set -nocase -filter {name =~ "*A9*#0"}
con
----------------End of Script----------------

11:17:34 INFO  : Launch script is exported to file 'C:\openTCSPC3\SRC\vitis\zedboard_real_microscope\app_system\_ide\scripts\systemdebugger_app_system_standalone.tcl'
12:29:49 INFO  : Disconnected from the channel tcfchan#13.
12:29:49 INFO  : Connected to target on host '127.0.0.1' and port '3121'.
12:29:49 INFO  : Jtag cable 'Digilent Zed 210248BD1333' is selected.
12:29:49 INFO  : 'jtag frequency' command is executed.
12:29:49 INFO  : Context for 'APU' is selected.
12:29:49 INFO  : System reset is completed.
12:29:52 INFO  : 'after 3000' command is executed.
12:29:52 INFO  : 'targets -set -filter {jtag_cable_name =~ "Digilent Zed 210248BD1333" && level==0 && jtag_device_ctx=="jsn-Zed-210248BD1333-23727093-0"}' command is executed.
12:29:55 INFO  : Device configured successfully with "C:/openTCSPC3/SRC/vitis/zedboard_real_microscope/app/_ide/bitstream/emulated_microscope_wrapper6.bit"
12:29:55 INFO  : Context for 'APU' is selected.
12:29:55 INFO  : Hardware design and registers information is loaded from 'C:/openTCSPC3/SRC/vitis/zedboard_real_microscope/platform/export/platform/hw/emulated_microscope_wrapper6.xsa'.
12:29:55 INFO  : 'configparams force-mem-access 1' command is executed.
12:29:55 INFO  : Context for 'APU' is selected.
12:29:55 INFO  : Sourcing of 'C:/openTCSPC3/SRC/vitis/zedboard_real_microscope/app/_ide/psinit/ps7_init.tcl' is done.
12:29:55 INFO  : 'ps7_init' command is executed.
12:29:55 INFO  : 'ps7_post_config' command is executed.
12:29:55 INFO  : Context for processor 'ps7_cortexa9_0' is selected.
12:30:02 INFO  : The application 'C:/openTCSPC3/SRC/vitis/zedboard_real_microscope/app/Debug/app.elf' is downloaded to processor 'ps7_cortexa9_0'.
12:30:02 INFO  : 'configparams force-mem-access 0' command is executed.
12:30:02 INFO  : ----------------XSDB Script----------------
connect -url tcp:127.0.0.1:3121
targets -set -nocase -filter {name =~"APU*"}
rst -system
after 3000
targets -set -filter {jtag_cable_name =~ "Digilent Zed 210248BD1333" && level==0 && jtag_device_ctx=="jsn-Zed-210248BD1333-23727093-0"}
fpga -file C:/openTCSPC3/SRC/vitis/zedboard_real_microscope/app/_ide/bitstream/emulated_microscope_wrapper6.bit
targets -set -nocase -filter {name =~"APU*"}
loadhw -hw C:/openTCSPC3/SRC/vitis/zedboard_real_microscope/platform/export/platform/hw/emulated_microscope_wrapper6.xsa -mem-ranges [list {0x40000000 0xbfffffff}] -regs
configparams force-mem-access 1
targets -set -nocase -filter {name =~"APU*"}
source C:/openTCSPC3/SRC/vitis/zedboard_real_microscope/app/_ide/psinit/ps7_init.tcl
ps7_init
ps7_post_config
targets -set -nocase -filter {name =~ "*A9*#0"}
dow C:/openTCSPC3/SRC/vitis/zedboard_real_microscope/app/Debug/app.elf
configparams force-mem-access 0
----------------End of Script----------------

12:30:02 INFO  : Context for processor 'ps7_cortexa9_0' is selected.
12:30:02 INFO  : 'con' command is executed.
12:30:02 INFO  : ----------------XSDB Script (After Launch)----------------
targets -set -nocase -filter {name =~ "*A9*#0"}
con
----------------End of Script----------------

12:30:02 INFO  : Launch script is exported to file 'C:\openTCSPC3\SRC\vitis\zedboard_real_microscope\app_system\_ide\scripts\systemdebugger_app_system_standalone.tcl'
12:33:36 INFO  : Disconnected from the channel tcfchan#14.
12:33:37 ERROR : (XRT Server)C:/Xilinx/Vitis/2024.2/bin/unwrapped/win64.o/xrt_server.exe: error: illegal option '-'
Usage: agent [OPTION]...
Start Target Communication Framework agent.
  -d               run in daemon mode (output is sent to system logger)
  -i               run in interactive mode
  -L<file>         enable logging, use -L- to send log to stderr
  -l<level>        set log level, the level is comma separated list of:
      alloc        memory allocation and deallocation (0x1)
      eventcore    main event queue (0x2)
      waitpid      waitpid() events (0x4)
      events       low-level debugger events (0x8)
      protocol     communication protocol (0x20)
      context      debug context actions (0x40)
      children     debug context children (0x10)
      discovery    discovery (0x80)
      asyncreq     async I/O (0x100)
      proxy        proxy state (0x200)
      tcflog       proxy traffic (0x400)
      elf          ELF reader (0x800)
      stack        stack trace service (0x2000)
      plugin       plugins (0x4000)
      shutdown     shutdown of subsystems (0x8000)
      disasm       disassembly service (0x10000)
  -s<url>          set agent listening port and protocol, default is tcp::0
  -S               print server properties in Json format to stdout
  -g<port>         start GDB Remote Serial Protocol server at the specified TCP port
  -I<idle-seconds> exit if there are no connections for the specified time

12:34:36 ERROR : Timed out. 60 seconds have elapsed while waiting for the XRT server to launch.
12:34:38 INFO  : Connected to target on host '127.0.0.1' and port '3121'.
12:34:40 INFO  : Jtag cable 'Digilent Zed 210248BD1333' is selected.
12:34:40 INFO  : 'jtag frequency' command is executed.
12:34:40 INFO  : Context for 'APU' is selected.
12:34:40 INFO  : System reset is completed.
12:34:43 INFO  : 'after 3000' command is executed.
12:34:43 INFO  : 'targets -set -filter {jtag_cable_name =~ "Digilent Zed 210248BD1333" && level==0 && jtag_device_ctx=="jsn-Zed-210248BD1333-23727093-0"}' command is executed.
12:34:45 INFO  : Device configured successfully with "C:/openTCSPC3/SRC/vitis/zedboard_real_microscope/app/_ide/bitstream/emulated_microscope_wrapper6.bit"
12:34:45 INFO  : Context for 'APU' is selected.
12:34:45 INFO  : Hardware design and registers information is loaded from 'C:/openTCSPC3/SRC/vitis/zedboard_real_microscope/platform/export/platform/hw/emulated_microscope_wrapper6.xsa'.
12:34:45 INFO  : 'configparams force-mem-access 1' command is executed.
12:34:45 INFO  : Context for 'APU' is selected.
12:34:45 INFO  : Sourcing of 'C:/openTCSPC3/SRC/vitis/zedboard_real_microscope/app/_ide/psinit/ps7_init.tcl' is done.
12:34:46 INFO  : 'ps7_init' command is executed.
12:34:46 INFO  : 'ps7_post_config' command is executed.
12:34:46 INFO  : Context for processor 'ps7_cortexa9_0' is selected.
12:34:52 INFO  : The application 'C:/openTCSPC3/SRC/vitis/zedboard_real_microscope/app/Debug/app.elf' is downloaded to processor 'ps7_cortexa9_0'.
12:34:52 INFO  : 'configparams force-mem-access 0' command is executed.
12:34:52 INFO  : ----------------XSDB Script----------------
connect -url tcp:127.0.0.1:3121
targets -set -nocase -filter {name =~"APU*"}
rst -system
after 3000
targets -set -filter {jtag_cable_name =~ "Digilent Zed 210248BD1333" && level==0 && jtag_device_ctx=="jsn-Zed-210248BD1333-23727093-0"}
fpga -file C:/openTCSPC3/SRC/vitis/zedboard_real_microscope/app/_ide/bitstream/emulated_microscope_wrapper6.bit
targets -set -nocase -filter {name =~"APU*"}
loadhw -hw C:/openTCSPC3/SRC/vitis/zedboard_real_microscope/platform/export/platform/hw/emulated_microscope_wrapper6.xsa -mem-ranges [list {0x40000000 0xbfffffff}] -regs
configparams force-mem-access 1
targets -set -nocase -filter {name =~"APU*"}
source C:/openTCSPC3/SRC/vitis/zedboard_real_microscope/app/_ide/psinit/ps7_init.tcl
ps7_init
ps7_post_config
targets -set -nocase -filter {name =~ "*A9*#0"}
dow C:/openTCSPC3/SRC/vitis/zedboard_real_microscope/app/Debug/app.elf
configparams force-mem-access 0
----------------End of Script----------------

12:34:53 INFO  : Context for processor 'ps7_cortexa9_0' is selected.
12:34:53 INFO  : 'con' command is executed.
12:34:53 INFO  : ----------------XSDB Script (After Launch)----------------
targets -set -nocase -filter {name =~ "*A9*#0"}
con
----------------End of Script----------------

12:34:53 INFO  : Launch script is exported to file 'C:\openTCSPC3\SRC\vitis\zedboard_real_microscope\app_system\_ide\scripts\systemdebugger_app_system_standalone.tcl'
13:35:54 INFO  : Checking for BSP changes to sync application flags for project 'app'...
13:35:59 INFO  : Disconnected from the channel tcfchan#15.
13:36:00 ERROR : (XRT Server)C:/Xilinx/Vitis/2024.2/bin/unwrapped/win64.o/xrt_server.exe: error: illegal option '-'
Usage: agent [OPTION]...
Start Target Communication Framework agent.
  -d               run in daemon mode (output is sent to system logger)
  -i               run in interactive mode
  -L<file>         enable logging, use -L- to send log to stderr
  -l<level>        set log level, the level is comma separated list of:
      alloc        memory allocation and deallocation (0x1)
      eventcore    main event queue (0x2)
      waitpid      waitpid() events (0x4)
      events       low-level debugger events (0x8)
      protocol     communication protocol (0x20)
      context      debug context actions (0x40)
      children     debug context children (0x10)
      discovery    discovery (0x80)
      asyncreq     async I/O (0x100)
      proxy        proxy state (0x200)
      tcflog       proxy traffic (0x400)
      elf          ELF reader (0x800)
      stack        stack trace service (0x2000)
      plugin       plugins (0x4000)
      shutdown     shutdown of subsystems (0x8000)
      disasm       disassembly service (0x10000)
  -s<url>          set agent listening port and protocol, default is tcp::0
  -S               print server properties in Json format to stdout
  -g<port>         start GDB Remote Serial Protocol server at the specified TCP port
  -I<idle-seconds> exit if there are no connections for the specified time

13:37:00 ERROR : Timed out. 60 seconds have elapsed while waiting for the XRT server to launch.
13:37:02 INFO  : Connected to target on host '127.0.0.1' and port '3121'.
13:37:03 INFO  : Jtag cable 'Digilent Zed 210248BD1333' is selected.
13:37:03 INFO  : 'jtag frequency' command is executed.
13:37:03 INFO  : Context for 'APU' is selected.
13:37:03 INFO  : System reset is completed.
13:37:06 INFO  : 'after 3000' command is executed.
13:37:06 INFO  : 'targets -set -filter {jtag_cable_name =~ "Digilent Zed 210248BD1333" && level==0 && jtag_device_ctx=="jsn-Zed-210248BD1333-23727093-0"}' command is executed.
13:37:09 INFO  : Device configured successfully with "C:/openTCSPC3/SRC/vitis/zedboard_real_microscope/app/_ide/bitstream/emulated_microscope_wrapper6.bit"
13:37:09 INFO  : Context for 'APU' is selected.
13:37:09 INFO  : Hardware design and registers information is loaded from 'C:/openTCSPC3/SRC/vitis/zedboard_real_microscope/platform/export/platform/hw/emulated_microscope_wrapper6.xsa'.
13:37:09 INFO  : 'configparams force-mem-access 1' command is executed.
13:37:09 INFO  : Context for 'APU' is selected.
13:37:09 INFO  : Sourcing of 'C:/openTCSPC3/SRC/vitis/zedboard_real_microscope/app/_ide/psinit/ps7_init.tcl' is done.
13:37:09 INFO  : 'ps7_init' command is executed.
13:37:09 INFO  : 'ps7_post_config' command is executed.
13:37:09 INFO  : Context for processor 'ps7_cortexa9_0' is selected.
13:37:16 INFO  : The application 'C:/openTCSPC3/SRC/vitis/zedboard_real_microscope/app/Debug/app.elf' is downloaded to processor 'ps7_cortexa9_0'.
13:37:16 INFO  : 'configparams force-mem-access 0' command is executed.
13:37:16 INFO  : ----------------XSDB Script----------------
connect -url tcp:127.0.0.1:3121
targets -set -nocase -filter {name =~"APU*"}
rst -system
after 3000
targets -set -filter {jtag_cable_name =~ "Digilent Zed 210248BD1333" && level==0 && jtag_device_ctx=="jsn-Zed-210248BD1333-23727093-0"}
fpga -file C:/openTCSPC3/SRC/vitis/zedboard_real_microscope/app/_ide/bitstream/emulated_microscope_wrapper6.bit
targets -set -nocase -filter {name =~"APU*"}
loadhw -hw C:/openTCSPC3/SRC/vitis/zedboard_real_microscope/platform/export/platform/hw/emulated_microscope_wrapper6.xsa -mem-ranges [list {0x40000000 0xbfffffff}] -regs
configparams force-mem-access 1
targets -set -nocase -filter {name =~"APU*"}
source C:/openTCSPC3/SRC/vitis/zedboard_real_microscope/app/_ide/psinit/ps7_init.tcl
ps7_init
ps7_post_config
targets -set -nocase -filter {name =~ "*A9*#0"}
dow C:/openTCSPC3/SRC/vitis/zedboard_real_microscope/app/Debug/app.elf
configparams force-mem-access 0
----------------End of Script----------------

13:37:16 INFO  : Context for processor 'ps7_cortexa9_0' is selected.
13:37:16 INFO  : 'con' command is executed.
13:37:16 INFO  : ----------------XSDB Script (After Launch)----------------
targets -set -nocase -filter {name =~ "*A9*#0"}
con
----------------End of Script----------------

13:37:16 INFO  : Launch script is exported to file 'C:\openTCSPC3\SRC\vitis\zedboard_real_microscope\app_system\_ide\scripts\systemdebugger_app_system_standalone.tcl'
15:50:07 INFO  : Checking for BSP changes to sync application flags for project 'app'...
15:50:34 INFO  : Disconnected from the channel tcfchan#16.
15:50:35 INFO  : Connected to target on host '127.0.0.1' and port '3121'.
15:50:35 INFO  : Jtag cable 'Digilent Zed 210248BD1333' is selected.
15:50:35 INFO  : 'jtag frequency' command is executed.
15:50:35 INFO  : Context for 'APU' is selected.
15:50:35 INFO  : System reset is completed.
15:50:38 INFO  : 'after 3000' command is executed.
15:50:38 INFO  : 'targets -set -filter {jtag_cable_name =~ "Digilent Zed 210248BD1333" && level==0 && jtag_device_ctx=="jsn-Zed-210248BD1333-23727093-0"}' command is executed.
15:50:41 INFO  : Device configured successfully with "C:/openTCSPC3/SRC/vitis/zedboard_real_microscope/app/_ide/bitstream/emulated_microscope_wrapper6.bit"
15:50:41 INFO  : Context for 'APU' is selected.
15:50:41 INFO  : Hardware design and registers information is loaded from 'C:/openTCSPC3/SRC/vitis/zedboard_real_microscope/platform/export/platform/hw/emulated_microscope_wrapper6.xsa'.
15:50:41 INFO  : 'configparams force-mem-access 1' command is executed.
15:50:41 INFO  : Context for 'APU' is selected.
15:50:41 INFO  : Sourcing of 'C:/openTCSPC3/SRC/vitis/zedboard_real_microscope/app/_ide/psinit/ps7_init.tcl' is done.
15:50:41 INFO  : 'ps7_init' command is executed.
15:50:41 INFO  : 'ps7_post_config' command is executed.
15:50:41 INFO  : Context for processor 'ps7_cortexa9_0' is selected.
15:50:48 INFO  : The application 'C:/openTCSPC3/SRC/vitis/zedboard_real_microscope/app/Debug/app.elf' is downloaded to processor 'ps7_cortexa9_0'.
15:50:48 INFO  : 'configparams force-mem-access 0' command is executed.
15:50:48 INFO  : ----------------XSDB Script----------------
connect -url tcp:127.0.0.1:3121
targets -set -nocase -filter {name =~"APU*"}
rst -system
after 3000
targets -set -filter {jtag_cable_name =~ "Digilent Zed 210248BD1333" && level==0 && jtag_device_ctx=="jsn-Zed-210248BD1333-23727093-0"}
fpga -file C:/openTCSPC3/SRC/vitis/zedboard_real_microscope/app/_ide/bitstream/emulated_microscope_wrapper6.bit
targets -set -nocase -filter {name =~"APU*"}
loadhw -hw C:/openTCSPC3/SRC/vitis/zedboard_real_microscope/platform/export/platform/hw/emulated_microscope_wrapper6.xsa -mem-ranges [list {0x40000000 0xbfffffff}] -regs
configparams force-mem-access 1
targets -set -nocase -filter {name =~"APU*"}
source C:/openTCSPC3/SRC/vitis/zedboard_real_microscope/app/_ide/psinit/ps7_init.tcl
ps7_init
ps7_post_config
targets -set -nocase -filter {name =~ "*A9*#0"}
dow C:/openTCSPC3/SRC/vitis/zedboard_real_microscope/app/Debug/app.elf
configparams force-mem-access 0
----------------End of Script----------------

15:50:48 INFO  : Context for processor 'ps7_cortexa9_0' is selected.
15:50:48 INFO  : 'con' command is executed.
15:50:48 INFO  : ----------------XSDB Script (After Launch)----------------
targets -set -nocase -filter {name =~ "*A9*#0"}
con
----------------End of Script----------------

15:50:48 INFO  : Launch script is exported to file 'C:\openTCSPC3\SRC\vitis\zedboard_real_microscope\app_system\_ide\scripts\systemdebugger_app_system_standalone.tcl'
15:52:48 INFO  : Disconnected from the channel tcfchan#17.
15:52:50 ERROR : (XRT Server)C:/Xilinx/Vitis/2024.2/bin/unwrapped/win64.o/xrt_server.exe: error: illegal option '-'
Usage: agent [OPTION]...
Start Target Communication Framework agent.
  -d               run in daemon mode (output is sent to system logger)
  -i               run in interactive mode
  -L<file>         enable logging, use -L- to send log to stderr
  -l<level>        set log level, the level is comma separated list of:
      alloc        memory allocation and deallocation (0x1)
      eventcore    main event queue (0x2)
      waitpid      waitpid() events (0x4)
      events       low-level debugger events (0x8)
      protocol     communication protocol (0x20)
      context      debug context actions (0x40)
      children     debug context children (0x10)
      discovery    discovery (0x80)
      asyncreq     async I/O (0x100)
      proxy        proxy state (0x200)
      tcflog       proxy traffic (0x400)
      elf          ELF reader (0x800)
      stack        stack trace service (0x2000)
      plugin       plugins (0x4000)
      shutdown     shutdown of subsystems (0x8000)
      disasm       disassembly service (0x10000)
  -s<url>          set agent listening port and protocol, default is tcp::0
  -S               print server properties in Json format to stdout
  -g<port>         start GDB Remote Serial Protocol server at the specified TCP port
  -I<idle-seconds> exit if there are no connections for the specified time

15:53:49 ERROR : Timed out. 60 seconds have elapsed while waiting for the XRT server to launch.
15:53:51 INFO  : Connected to target on host '127.0.0.1' and port '3121'.
15:53:52 INFO  : Jtag cable 'Digilent Zed 210248BD1333' is selected.
15:53:52 INFO  : 'jtag frequency' command is executed.
15:53:52 INFO  : Context for 'APU' is selected.
15:53:52 INFO  : System reset is completed.
15:53:55 INFO  : 'after 3000' command is executed.
15:53:55 INFO  : 'targets -set -filter {jtag_cable_name =~ "Digilent Zed 210248BD1333" && level==0 && jtag_device_ctx=="jsn-Zed-210248BD1333-23727093-0"}' command is executed.
15:53:58 INFO  : Device configured successfully with "C:/openTCSPC3/SRC/vitis/zedboard_real_microscope/app/_ide/bitstream/emulated_microscope_wrapper6.bit"
15:53:58 INFO  : Context for 'APU' is selected.
15:53:58 INFO  : Hardware design and registers information is loaded from 'C:/openTCSPC3/SRC/vitis/zedboard_real_microscope/platform/export/platform/hw/emulated_microscope_wrapper6.xsa'.
15:53:58 INFO  : 'configparams force-mem-access 1' command is executed.
15:53:58 INFO  : Context for 'APU' is selected.
15:53:58 INFO  : Sourcing of 'C:/openTCSPC3/SRC/vitis/zedboard_real_microscope/app/_ide/psinit/ps7_init.tcl' is done.
15:53:58 INFO  : 'ps7_init' command is executed.
15:53:58 INFO  : 'ps7_post_config' command is executed.
15:53:58 INFO  : Context for processor 'ps7_cortexa9_0' is selected.
15:54:05 INFO  : The application 'C:/openTCSPC3/SRC/vitis/zedboard_real_microscope/app/Debug/app.elf' is downloaded to processor 'ps7_cortexa9_0'.
15:54:05 INFO  : 'configparams force-mem-access 0' command is executed.
15:54:05 INFO  : ----------------XSDB Script----------------
connect -url tcp:127.0.0.1:3121
targets -set -nocase -filter {name =~"APU*"}
rst -system
after 3000
targets -set -filter {jtag_cable_name =~ "Digilent Zed 210248BD1333" && level==0 && jtag_device_ctx=="jsn-Zed-210248BD1333-23727093-0"}
fpga -file C:/openTCSPC3/SRC/vitis/zedboard_real_microscope/app/_ide/bitstream/emulated_microscope_wrapper6.bit
targets -set -nocase -filter {name =~"APU*"}
loadhw -hw C:/openTCSPC3/SRC/vitis/zedboard_real_microscope/platform/export/platform/hw/emulated_microscope_wrapper6.xsa -mem-ranges [list {0x40000000 0xbfffffff}] -regs
configparams force-mem-access 1
targets -set -nocase -filter {name =~"APU*"}
source C:/openTCSPC3/SRC/vitis/zedboard_real_microscope/app/_ide/psinit/ps7_init.tcl
ps7_init
ps7_post_config
targets -set -nocase -filter {name =~ "*A9*#0"}
dow C:/openTCSPC3/SRC/vitis/zedboard_real_microscope/app/Debug/app.elf
configparams force-mem-access 0
----------------End of Script----------------

15:54:05 INFO  : Context for processor 'ps7_cortexa9_0' is selected.
15:54:05 INFO  : 'con' command is executed.
15:54:05 INFO  : ----------------XSDB Script (After Launch)----------------
targets -set -nocase -filter {name =~ "*A9*#0"}
con
----------------End of Script----------------

15:54:05 INFO  : Launch script is exported to file 'C:\openTCSPC3\SRC\vitis\zedboard_real_microscope\app_system\_ide\scripts\systemdebugger_app_system_standalone.tcl'
15:56:04 INFO  : Disconnected from the channel tcfchan#18.
15:56:05 ERROR : (XRT Server)C:/Xilinx/Vitis/2024.2/bin/unwrapped/win64.o/xrt_server.exe: error: illegal option '-'
Usage: agent [OPTION]...
Start Target Communication Framework agent.
  -d               run in daemon mode (output is sent to system logger)
  -i               run in interactive mode
  -L<file>         enable logging, use -L- to send log to stderr
  -l<level>        set log level, the level is comma separated list of:
      alloc        memory allocation and deallocation (0x1)
      eventcore    main event queue (0x2)
      waitpid      waitpid() events (0x4)
      events       low-level debugger events (0x8)
      protocol     communication protocol (0x20)
      context      debug context actions (0x40)
      children     debug context children (0x10)
      discovery    discovery (0x80)
      asyncreq     async I/O (0x100)
      proxy        proxy state (0x200)
      tcflog       proxy traffic (0x400)
      elf          ELF reader (0x800)
      stack        stack trace service (0x2000)
      plugin       plugins (0x4000)
      shutdown     shutdown of subsystems (0x8000)
      disasm       disassembly service (0x10000)
  -s<url>          set agent listening port and protocol, default is tcp::0
  -S               print server properties in Json format to stdout
  -g<port>         start GDB Remote Serial Protocol server at the specified TCP port
  -I<idle-seconds> exit if there are no connections for the specified time

15:57:05 ERROR : Timed out. 60 seconds have elapsed while waiting for the XRT server to launch.
15:57:07 INFO  : Connected to target on host '127.0.0.1' and port '3121'.
15:57:08 INFO  : Jtag cable 'Digilent Zed 210248BD1333' is selected.
15:57:08 INFO  : 'jtag frequency' command is executed.
15:57:08 INFO  : Context for 'APU' is selected.
15:57:08 INFO  : System reset is completed.
15:57:11 INFO  : 'after 3000' command is executed.
15:57:11 INFO  : 'targets -set -filter {jtag_cable_name =~ "Digilent Zed 210248BD1333" && level==0 && jtag_device_ctx=="jsn-Zed-210248BD1333-23727093-0"}' command is executed.
15:57:14 INFO  : Device configured successfully with "C:/openTCSPC3/SRC/vitis/zedboard_real_microscope/app/_ide/bitstream/emulated_microscope_wrapper6.bit"
15:57:14 INFO  : Context for 'APU' is selected.
15:57:14 INFO  : Hardware design and registers information is loaded from 'C:/openTCSPC3/SRC/vitis/zedboard_real_microscope/platform/export/platform/hw/emulated_microscope_wrapper6.xsa'.
15:57:14 INFO  : 'configparams force-mem-access 1' command is executed.
15:57:14 INFO  : Context for 'APU' is selected.
15:57:14 INFO  : Sourcing of 'C:/openTCSPC3/SRC/vitis/zedboard_real_microscope/app/_ide/psinit/ps7_init.tcl' is done.
15:57:14 INFO  : 'ps7_init' command is executed.
15:57:14 INFO  : 'ps7_post_config' command is executed.
15:57:14 INFO  : Context for processor 'ps7_cortexa9_0' is selected.
15:57:21 INFO  : The application 'C:/openTCSPC3/SRC/vitis/zedboard_real_microscope/app/Debug/app.elf' is downloaded to processor 'ps7_cortexa9_0'.
15:57:21 INFO  : 'configparams force-mem-access 0' command is executed.
15:57:21 INFO  : ----------------XSDB Script----------------
connect -url tcp:127.0.0.1:3121
targets -set -nocase -filter {name =~"APU*"}
rst -system
after 3000
targets -set -filter {jtag_cable_name =~ "Digilent Zed 210248BD1333" && level==0 && jtag_device_ctx=="jsn-Zed-210248BD1333-23727093-0"}
fpga -file C:/openTCSPC3/SRC/vitis/zedboard_real_microscope/app/_ide/bitstream/emulated_microscope_wrapper6.bit
targets -set -nocase -filter {name =~"APU*"}
loadhw -hw C:/openTCSPC3/SRC/vitis/zedboard_real_microscope/platform/export/platform/hw/emulated_microscope_wrapper6.xsa -mem-ranges [list {0x40000000 0xbfffffff}] -regs
configparams force-mem-access 1
targets -set -nocase -filter {name =~"APU*"}
source C:/openTCSPC3/SRC/vitis/zedboard_real_microscope/app/_ide/psinit/ps7_init.tcl
ps7_init
ps7_post_config
targets -set -nocase -filter {name =~ "*A9*#0"}
dow C:/openTCSPC3/SRC/vitis/zedboard_real_microscope/app/Debug/app.elf
configparams force-mem-access 0
----------------End of Script----------------

15:57:21 INFO  : Context for processor 'ps7_cortexa9_0' is selected.
15:57:21 INFO  : 'con' command is executed.
15:57:21 INFO  : ----------------XSDB Script (After Launch)----------------
targets -set -nocase -filter {name =~ "*A9*#0"}
con
----------------End of Script----------------

15:57:21 INFO  : Launch script is exported to file 'C:\openTCSPC3\SRC\vitis\zedboard_real_microscope\app_system\_ide\scripts\systemdebugger_app_system_standalone.tcl'
16:01:54 INFO  : Checking for BSP changes to sync application flags for project 'app'...
16:02:03 INFO  : Disconnected from the channel tcfchan#19.
16:02:04 ERROR : (XRT Server)C:/Xilinx/Vitis/2024.2/bin/unwrapped/win64.o/xrt_server.exe: error: illegal option '-'
Usage: agent [OPTION]...
Start Target Communication Framework agent.
  -d               run in daemon mode (output is sent to system logger)
  -i               run in interactive mode
  -L<file>         enable logging, use -L- to send log to stderr
  -l<level>        set log level, the level is comma separated list of:
      alloc        memory allocation and deallocation (0x1)
      eventcore    main event queue (0x2)
      waitpid      waitpid() events (0x4)
      events       low-level debugger events (0x8)
      protocol     communication protocol (0x20)
      context      debug context actions (0x40)
      children     debug context children (0x10)
      discovery    discovery (0x80)
      asyncreq     async I/O (0x100)
      proxy        proxy state (0x200)
      tcflog       proxy traffic (0x400)
      elf          ELF reader (0x800)
      stack        stack trace service (0x2000)
      plugin       plugins (0x4000)
      shutdown     shutdown of subsystems (0x8000)
      disasm       disassembly service (0x10000)
  -s<url>          set agent listening port and protocol, default is tcp::0
  -S               print server properties in Json format to stdout
  -g<port>         start GDB Remote Serial Protocol server at the specified TCP port
  -I<idle-seconds> exit if there are no connections for the specified time

16:03:03 ERROR : Timed out. 60 seconds have elapsed while waiting for the XRT server to launch.
16:03:06 INFO  : Connected to target on host '127.0.0.1' and port '3121'.
16:03:07 INFO  : Jtag cable 'Digilent Zed 210248BD1333' is selected.
16:03:07 INFO  : 'jtag frequency' command is executed.
16:03:07 INFO  : Context for 'APU' is selected.
16:03:07 INFO  : System reset is completed.
16:03:10 INFO  : 'after 3000' command is executed.
16:03:10 INFO  : 'targets -set -filter {jtag_cable_name =~ "Digilent Zed 210248BD1333" && level==0 && jtag_device_ctx=="jsn-Zed-210248BD1333-23727093-0"}' command is executed.
16:03:12 INFO  : Device configured successfully with "C:/openTCSPC3/SRC/vitis/zedboard_real_microscope/app/_ide/bitstream/emulated_microscope_wrapper6.bit"
16:03:12 INFO  : Context for 'APU' is selected.
16:03:12 INFO  : Hardware design and registers information is loaded from 'C:/openTCSPC3/SRC/vitis/zedboard_real_microscope/platform/export/platform/hw/emulated_microscope_wrapper6.xsa'.
16:03:12 INFO  : 'configparams force-mem-access 1' command is executed.
16:03:12 INFO  : Context for 'APU' is selected.
16:03:12 INFO  : Sourcing of 'C:/openTCSPC3/SRC/vitis/zedboard_real_microscope/app/_ide/psinit/ps7_init.tcl' is done.
16:03:13 INFO  : 'ps7_init' command is executed.
16:03:13 INFO  : 'ps7_post_config' command is executed.
16:03:13 INFO  : Context for processor 'ps7_cortexa9_0' is selected.
16:03:20 INFO  : The application 'C:/openTCSPC3/SRC/vitis/zedboard_real_microscope/app/Debug/app.elf' is downloaded to processor 'ps7_cortexa9_0'.
16:03:20 INFO  : 'configparams force-mem-access 0' command is executed.
16:03:20 INFO  : ----------------XSDB Script----------------
connect -url tcp:127.0.0.1:3121
targets -set -nocase -filter {name =~"APU*"}
rst -system
after 3000
targets -set -filter {jtag_cable_name =~ "Digilent Zed 210248BD1333" && level==0 && jtag_device_ctx=="jsn-Zed-210248BD1333-23727093-0"}
fpga -file C:/openTCSPC3/SRC/vitis/zedboard_real_microscope/app/_ide/bitstream/emulated_microscope_wrapper6.bit
targets -set -nocase -filter {name =~"APU*"}
loadhw -hw C:/openTCSPC3/SRC/vitis/zedboard_real_microscope/platform/export/platform/hw/emulated_microscope_wrapper6.xsa -mem-ranges [list {0x40000000 0xbfffffff}] -regs
configparams force-mem-access 1
targets -set -nocase -filter {name =~"APU*"}
source C:/openTCSPC3/SRC/vitis/zedboard_real_microscope/app/_ide/psinit/ps7_init.tcl
ps7_init
ps7_post_config
targets -set -nocase -filter {name =~ "*A9*#0"}
dow C:/openTCSPC3/SRC/vitis/zedboard_real_microscope/app/Debug/app.elf
configparams force-mem-access 0
----------------End of Script----------------

16:03:20 INFO  : Context for processor 'ps7_cortexa9_0' is selected.
16:03:20 INFO  : 'con' command is executed.
16:03:20 INFO  : ----------------XSDB Script (After Launch)----------------
targets -set -nocase -filter {name =~ "*A9*#0"}
con
----------------End of Script----------------

16:03:20 INFO  : Launch script is exported to file 'C:\openTCSPC3\SRC\vitis\zedboard_real_microscope\app_system\_ide\scripts\systemdebugger_app_system_standalone.tcl'
16:09:26 INFO  : Checking for BSP changes to sync application flags for project 'app'...
16:09:35 INFO  : Disconnected from the channel tcfchan#20.
16:09:36 ERROR : (XRT Server)C:/Xilinx/Vitis/2024.2/bin/unwrapped/win64.o/xrt_server.exe: error: illegal option '-'
Usage: agent [OPTION]...
Start Target Communication Framework agent.
  -d               run in daemon mode (output is sent to system logger)
  -i               run in interactive mode
  -L<file>         enable logging, use -L- to send log to stderr
  -l<level>        set log level, the level is comma separated list of:
      alloc        memory allocation and deallocation (0x1)
      eventcore    main event queue (0x2)
      waitpid      waitpid() events (0x4)
      events       low-level debugger events (0x8)
      protocol     communication protocol (0x20)
      context      debug context actions (0x40)
      children     debug context children (0x10)
      discovery    discovery (0x80)
      asyncreq     async I/O (0x100)
      proxy        proxy state (0x200)
      tcflog       proxy traffic (0x400)
      elf          ELF reader (0x800)
      stack        stack trace service (0x2000)
      plugin       plugins (0x4000)
      shutdown     shutdown of subsystems (0x8000)
      disasm       disassembly service (0x10000)
  -s<url>          set agent listening port and protocol, default is tcp::0
  -S               print server properties in Json format to stdout
  -g<port>         start GDB Remote Serial Protocol server at the specified TCP port
  -I<idle-seconds> exit if there are no connections for the specified time

16:10:35 ERROR : Timed out. 60 seconds have elapsed while waiting for the XRT server to launch.
16:10:37 INFO  : Connected to target on host '127.0.0.1' and port '3121'.
16:10:38 INFO  : Jtag cable 'Digilent Zed 210248BD1333' is selected.
16:10:38 INFO  : 'jtag frequency' command is executed.
16:10:38 INFO  : Context for 'APU' is selected.
16:10:38 INFO  : System reset is completed.
16:10:41 INFO  : 'after 3000' command is executed.
16:10:41 INFO  : 'targets -set -filter {jtag_cable_name =~ "Digilent Zed 210248BD1333" && level==0 && jtag_device_ctx=="jsn-Zed-210248BD1333-23727093-0"}' command is executed.
16:10:44 INFO  : Device configured successfully with "C:/openTCSPC3/SRC/vitis/zedboard_real_microscope/app/_ide/bitstream/emulated_microscope_wrapper6.bit"
16:10:44 INFO  : Context for 'APU' is selected.
16:10:44 INFO  : Hardware design and registers information is loaded from 'C:/openTCSPC3/SRC/vitis/zedboard_real_microscope/platform/export/platform/hw/emulated_microscope_wrapper6.xsa'.
16:10:44 INFO  : 'configparams force-mem-access 1' command is executed.
16:10:44 INFO  : Context for 'APU' is selected.
16:10:44 INFO  : Sourcing of 'C:/openTCSPC3/SRC/vitis/zedboard_real_microscope/app/_ide/psinit/ps7_init.tcl' is done.
16:10:44 INFO  : 'ps7_init' command is executed.
16:10:44 INFO  : 'ps7_post_config' command is executed.
16:10:44 INFO  : Context for processor 'ps7_cortexa9_0' is selected.
16:10:51 INFO  : The application 'C:/openTCSPC3/SRC/vitis/zedboard_real_microscope/app/Debug/app.elf' is downloaded to processor 'ps7_cortexa9_0'.
16:10:51 INFO  : 'configparams force-mem-access 0' command is executed.
16:10:51 INFO  : ----------------XSDB Script----------------
connect -url tcp:127.0.0.1:3121
targets -set -nocase -filter {name =~"APU*"}
rst -system
after 3000
targets -set -filter {jtag_cable_name =~ "Digilent Zed 210248BD1333" && level==0 && jtag_device_ctx=="jsn-Zed-210248BD1333-23727093-0"}
fpga -file C:/openTCSPC3/SRC/vitis/zedboard_real_microscope/app/_ide/bitstream/emulated_microscope_wrapper6.bit
targets -set -nocase -filter {name =~"APU*"}
loadhw -hw C:/openTCSPC3/SRC/vitis/zedboard_real_microscope/platform/export/platform/hw/emulated_microscope_wrapper6.xsa -mem-ranges [list {0x40000000 0xbfffffff}] -regs
configparams force-mem-access 1
targets -set -nocase -filter {name =~"APU*"}
source C:/openTCSPC3/SRC/vitis/zedboard_real_microscope/app/_ide/psinit/ps7_init.tcl
ps7_init
ps7_post_config
targets -set -nocase -filter {name =~ "*A9*#0"}
dow C:/openTCSPC3/SRC/vitis/zedboard_real_microscope/app/Debug/app.elf
configparams force-mem-access 0
----------------End of Script----------------

16:10:52 INFO  : Context for processor 'ps7_cortexa9_0' is selected.
16:10:52 INFO  : 'con' command is executed.
16:10:52 INFO  : ----------------XSDB Script (After Launch)----------------
targets -set -nocase -filter {name =~ "*A9*#0"}
con
----------------End of Script----------------

16:10:52 INFO  : Launch script is exported to file 'C:\openTCSPC3\SRC\vitis\zedboard_real_microscope\app_system\_ide\scripts\systemdebugger_app_system_standalone.tcl'
16:15:52 INFO  : Checking for BSP changes to sync application flags for project 'app'...
16:15:56 INFO  : Disconnected from the channel tcfchan#21.
16:15:57 INFO  : Connected to target on host '127.0.0.1' and port '3121'.
16:15:57 INFO  : Jtag cable 'Digilent Zed 210248BD1333' is selected.
16:15:57 INFO  : 'jtag frequency' command is executed.
16:15:57 INFO  : Context for 'APU' is selected.
16:15:57 INFO  : System reset is completed.
16:16:00 INFO  : 'after 3000' command is executed.
16:16:00 INFO  : 'targets -set -filter {jtag_cable_name =~ "Digilent Zed 210248BD1333" && level==0 && jtag_device_ctx=="jsn-Zed-210248BD1333-23727093-0"}' command is executed.
16:16:02 INFO  : Device configured successfully with "C:/openTCSPC3/SRC/vitis/zedboard_real_microscope/app/_ide/bitstream/emulated_microscope_wrapper6.bit"
16:16:02 INFO  : Context for 'APU' is selected.
16:16:02 INFO  : Hardware design and registers information is loaded from 'C:/openTCSPC3/SRC/vitis/zedboard_real_microscope/platform/export/platform/hw/emulated_microscope_wrapper6.xsa'.
16:16:02 INFO  : 'configparams force-mem-access 1' command is executed.
16:16:02 INFO  : Context for 'APU' is selected.
16:16:02 INFO  : Sourcing of 'C:/openTCSPC3/SRC/vitis/zedboard_real_microscope/app/_ide/psinit/ps7_init.tcl' is done.
16:16:03 INFO  : 'ps7_init' command is executed.
16:16:03 INFO  : 'ps7_post_config' command is executed.
16:16:03 INFO  : Context for processor 'ps7_cortexa9_0' is selected.
16:16:10 INFO  : The application 'C:/openTCSPC3/SRC/vitis/zedboard_real_microscope/app/Debug/app.elf' is downloaded to processor 'ps7_cortexa9_0'.
16:16:10 INFO  : 'configparams force-mem-access 0' command is executed.
16:16:10 INFO  : ----------------XSDB Script----------------
connect -url tcp:127.0.0.1:3121
targets -set -nocase -filter {name =~"APU*"}
rst -system
after 3000
targets -set -filter {jtag_cable_name =~ "Digilent Zed 210248BD1333" && level==0 && jtag_device_ctx=="jsn-Zed-210248BD1333-23727093-0"}
fpga -file C:/openTCSPC3/SRC/vitis/zedboard_real_microscope/app/_ide/bitstream/emulated_microscope_wrapper6.bit
targets -set -nocase -filter {name =~"APU*"}
loadhw -hw C:/openTCSPC3/SRC/vitis/zedboard_real_microscope/platform/export/platform/hw/emulated_microscope_wrapper6.xsa -mem-ranges [list {0x40000000 0xbfffffff}] -regs
configparams force-mem-access 1
targets -set -nocase -filter {name =~"APU*"}
source C:/openTCSPC3/SRC/vitis/zedboard_real_microscope/app/_ide/psinit/ps7_init.tcl
ps7_init
ps7_post_config
targets -set -nocase -filter {name =~ "*A9*#0"}
dow C:/openTCSPC3/SRC/vitis/zedboard_real_microscope/app/Debug/app.elf
configparams force-mem-access 0
----------------End of Script----------------

16:16:10 INFO  : Context for processor 'ps7_cortexa9_0' is selected.
16:16:10 INFO  : 'con' command is executed.
16:16:10 INFO  : ----------------XSDB Script (After Launch)----------------
targets -set -nocase -filter {name =~ "*A9*#0"}
con
----------------End of Script----------------

16:16:10 INFO  : Launch script is exported to file 'C:\openTCSPC3\SRC\vitis\zedboard_real_microscope\app_system\_ide\scripts\systemdebugger_app_system_standalone.tcl'
16:16:18 INFO  : Checking for BSP changes to sync application flags for project 'app'...
16:16:25 INFO  : Disconnected from the channel tcfchan#22.
16:16:27 ERROR : (XRT Server)C:/Xilinx/Vitis/2024.2/bin/unwrapped/win64.o/xrt_server.exe: error: illegal option '-'
Usage: agent [OPTION]...
Start Target Communication Framework agent.
  -d               run in daemon mode (output is sent to system logger)
  -i               run in interactive mode
  -L<file>         enable logging, use -L- to send log to stderr
  -l<level>        set log level, the level is comma separated list of:
      alloc        memory allocation and deallocation (0x1)
      eventcore    main event queue (0x2)
      waitpid      waitpid() events (0x4)
      events       low-level debugger events (0x8)
      protocol     communication protocol (0x20)
      context      debug context actions (0x40)
      children     debug context children (0x10)
      discovery    discovery (0x80)
      asyncreq     async I/O (0x100)
      proxy        proxy state (0x200)
      tcflog       proxy traffic (0x400)
      elf          ELF reader (0x800)
      stack        stack trace service (0x2000)
      plugin       plugins (0x4000)
      shutdown     shutdown of subsystems (0x8000)
      disasm       disassembly service (0x10000)
  -s<url>          set agent listening port and protocol, default is tcp::0
  -S               print server properties in Json format to stdout
  -g<port>         start GDB Remote Serial Protocol server at the specified TCP port
  -I<idle-seconds> exit if there are no connections for the specified time

16:17:26 ERROR : Timed out. 60 seconds have elapsed while waiting for the XRT server to launch.
16:17:28 INFO  : Connected to target on host '127.0.0.1' and port '3121'.
16:17:29 INFO  : Jtag cable 'Digilent Zed 210248BD1333' is selected.
16:17:29 INFO  : 'jtag frequency' command is executed.
16:17:29 INFO  : Context for 'APU' is selected.
16:17:29 INFO  : System reset is completed.
16:17:32 INFO  : 'after 3000' command is executed.
16:17:32 INFO  : 'targets -set -filter {jtag_cable_name =~ "Digilent Zed 210248BD1333" && level==0 && jtag_device_ctx=="jsn-Zed-210248BD1333-23727093-0"}' command is executed.
16:17:34 INFO  : Device configured successfully with "C:/openTCSPC3/SRC/vitis/zedboard_real_microscope/app/_ide/bitstream/emulated_microscope_wrapper6.bit"
16:17:34 INFO  : Context for 'APU' is selected.
16:17:34 INFO  : Hardware design and registers information is loaded from 'C:/openTCSPC3/SRC/vitis/zedboard_real_microscope/platform/export/platform/hw/emulated_microscope_wrapper6.xsa'.
16:17:34 INFO  : 'configparams force-mem-access 1' command is executed.
16:17:34 INFO  : Context for 'APU' is selected.
16:17:34 INFO  : Sourcing of 'C:/openTCSPC3/SRC/vitis/zedboard_real_microscope/app/_ide/psinit/ps7_init.tcl' is done.
16:17:35 INFO  : 'ps7_init' command is executed.
16:17:35 INFO  : 'ps7_post_config' command is executed.
16:17:35 INFO  : Context for processor 'ps7_cortexa9_0' is selected.
16:17:42 INFO  : The application 'C:/openTCSPC3/SRC/vitis/zedboard_real_microscope/app/Debug/app.elf' is downloaded to processor 'ps7_cortexa9_0'.
16:17:42 INFO  : 'configparams force-mem-access 0' command is executed.
16:17:42 INFO  : ----------------XSDB Script----------------
connect -url tcp:127.0.0.1:3121
targets -set -nocase -filter {name =~"APU*"}
rst -system
after 3000
targets -set -filter {jtag_cable_name =~ "Digilent Zed 210248BD1333" && level==0 && jtag_device_ctx=="jsn-Zed-210248BD1333-23727093-0"}
fpga -file C:/openTCSPC3/SRC/vitis/zedboard_real_microscope/app/_ide/bitstream/emulated_microscope_wrapper6.bit
targets -set -nocase -filter {name =~"APU*"}
loadhw -hw C:/openTCSPC3/SRC/vitis/zedboard_real_microscope/platform/export/platform/hw/emulated_microscope_wrapper6.xsa -mem-ranges [list {0x40000000 0xbfffffff}] -regs
configparams force-mem-access 1
targets -set -nocase -filter {name =~"APU*"}
source C:/openTCSPC3/SRC/vitis/zedboard_real_microscope/app/_ide/psinit/ps7_init.tcl
ps7_init
ps7_post_config
targets -set -nocase -filter {name =~ "*A9*#0"}
dow C:/openTCSPC3/SRC/vitis/zedboard_real_microscope/app/Debug/app.elf
configparams force-mem-access 0
----------------End of Script----------------

16:17:42 INFO  : Context for processor 'ps7_cortexa9_0' is selected.
16:17:42 INFO  : 'con' command is executed.
16:17:42 INFO  : ----------------XSDB Script (After Launch)----------------
targets -set -nocase -filter {name =~ "*A9*#0"}
con
----------------End of Script----------------

16:17:42 INFO  : Launch script is exported to file 'C:\openTCSPC3\SRC\vitis\zedboard_real_microscope\app_system\_ide\scripts\systemdebugger_app_system_standalone.tcl'
16:22:57 INFO  : Checking for BSP changes to sync application flags for project 'app'...
16:23:37 INFO  : Disconnected from the channel tcfchan#23.
16:23:38 INFO  : Connected to target on host '127.0.0.1' and port '3121'.
16:23:38 INFO  : Jtag cable 'Digilent Zed 210248BD1333' is selected.
16:23:38 INFO  : 'jtag frequency' command is executed.
16:23:38 INFO  : Context for 'APU' is selected.
16:23:38 INFO  : System reset is completed.
16:23:41 INFO  : 'after 3000' command is executed.
16:23:41 INFO  : 'targets -set -filter {jtag_cable_name =~ "Digilent Zed 210248BD1333" && level==0 && jtag_device_ctx=="jsn-Zed-210248BD1333-23727093-0"}' command is executed.
16:23:44 INFO  : Device configured successfully with "C:/openTCSPC3/SRC/vitis/zedboard_real_microscope/app/_ide/bitstream/emulated_microscope_wrapper6.bit"
16:23:44 INFO  : Context for 'APU' is selected.
16:23:44 INFO  : Hardware design and registers information is loaded from 'C:/openTCSPC3/SRC/vitis/zedboard_real_microscope/platform/export/platform/hw/emulated_microscope_wrapper6.xsa'.
16:23:44 INFO  : 'configparams force-mem-access 1' command is executed.
16:23:44 INFO  : Context for 'APU' is selected.
16:23:44 INFO  : Sourcing of 'C:/openTCSPC3/SRC/vitis/zedboard_real_microscope/app/_ide/psinit/ps7_init.tcl' is done.
16:23:44 INFO  : 'ps7_init' command is executed.
16:23:44 INFO  : 'ps7_post_config' command is executed.
16:23:44 INFO  : Context for processor 'ps7_cortexa9_0' is selected.
16:23:51 INFO  : The application 'C:/openTCSPC3/SRC/vitis/zedboard_real_microscope/app/Debug/app.elf' is downloaded to processor 'ps7_cortexa9_0'.
16:23:51 INFO  : 'configparams force-mem-access 0' command is executed.
16:23:51 INFO  : ----------------XSDB Script----------------
connect -url tcp:127.0.0.1:3121
targets -set -nocase -filter {name =~"APU*"}
rst -system
after 3000
targets -set -filter {jtag_cable_name =~ "Digilent Zed 210248BD1333" && level==0 && jtag_device_ctx=="jsn-Zed-210248BD1333-23727093-0"}
fpga -file C:/openTCSPC3/SRC/vitis/zedboard_real_microscope/app/_ide/bitstream/emulated_microscope_wrapper6.bit
targets -set -nocase -filter {name =~"APU*"}
loadhw -hw C:/openTCSPC3/SRC/vitis/zedboard_real_microscope/platform/export/platform/hw/emulated_microscope_wrapper6.xsa -mem-ranges [list {0x40000000 0xbfffffff}] -regs
configparams force-mem-access 1
targets -set -nocase -filter {name =~"APU*"}
source C:/openTCSPC3/SRC/vitis/zedboard_real_microscope/app/_ide/psinit/ps7_init.tcl
ps7_init
ps7_post_config
targets -set -nocase -filter {name =~ "*A9*#0"}
dow C:/openTCSPC3/SRC/vitis/zedboard_real_microscope/app/Debug/app.elf
configparams force-mem-access 0
----------------End of Script----------------

16:23:51 INFO  : Context for processor 'ps7_cortexa9_0' is selected.
16:23:51 INFO  : 'con' command is executed.
16:23:51 INFO  : ----------------XSDB Script (After Launch)----------------
targets -set -nocase -filter {name =~ "*A9*#0"}
con
----------------End of Script----------------

16:23:51 INFO  : Launch script is exported to file 'C:\openTCSPC3\SRC\vitis\zedboard_real_microscope\app_system\_ide\scripts\systemdebugger_app_system_standalone.tcl'
16:35:17 INFO  : Launching XSCT server: xsct.bat -n  -interactive C:\openTCSPC3\SRC\vitis\zedboard_real_microscope\temp_xsdb_launch_script.tcl
20:13:01 DEBUG : Logs will be stored at 'C:/openTCSPC3/SRC/vitis/zedboard_real_microscope/IDE.log'.
20:13:02 INFO  : Launching XSCT server: xsct.bat -n  -interactive C:\openTCSPC3\SRC\vitis\zedboard_real_microscope\temp_xsdb_launch_script.tcl
20:13:08 INFO  : Platform repository initialization has completed.
20:13:08 INFO  : Registering command handlers for Vitis TCF services
20:13:08 INFO  : XSCT server has started successfully.
20:13:08 INFO  : Successfully done setting XSCT server connection channel  
20:13:08 INFO  : plnx-install-location is set to ''
20:13:15 INFO  : Successfully done setting workspace for the tool. 
20:13:15 INFO  : Successfully done query RDI_DATADIR 
20:24:34 INFO  : Result from executing command 'getProjects': platform
20:24:34 INFO  : Result from executing command 'getPlatforms': platform|C:/openTCSPC3/SRC/vitis/zedboard_real_microscope/platform/export/platform/platform.xpfm;xilinx_zcu102_base_202420_1|C:/Xilinx/Vitis/2024.2/base_platforms/xilinx_zcu102_base_202420_1/xilinx_zcu102_base_202420_1.xpfm;xilinx_zcu102_base_dfx_202420_1|C:/Xilinx/Vitis/2024.2/base_platforms/xilinx_zcu102_base_dfx_202420_1/xilinx_zcu102_base_dfx_202420_1.xpfm;xilinx_zcu104_base_202420_1|C:/Xilinx/Vitis/2024.2/base_platforms/xilinx_zcu104_base_202420_1/xilinx_zcu104_base_202420_1.xpfm
20:24:35 INFO  : Checking for BSP changes to sync application flags for project 'app'...
20:31:53 INFO  : Checking for BSP changes to sync application flags for project 'app'...
20:32:53 INFO  : Connected to target on host '127.0.0.1' and port '3121'.
20:32:53 INFO  : Jtag cable 'Digilent Zed 210248BD1333' is selected.
20:32:53 INFO  : 'jtag frequency' command is executed.
20:32:53 INFO  : Context for 'APU' is selected.
20:32:54 INFO  : System reset is completed.
20:32:57 INFO  : 'after 3000' command is executed.
20:32:57 INFO  : 'targets -set -filter {jtag_cable_name =~ "Digilent Zed 210248BD1333" && level==0 && jtag_device_ctx=="jsn-Zed-210248BD1333-23727093-0"}' command is executed.
20:32:59 INFO  : Device configured successfully with "C:/openTCSPC3/SRC/vitis/zedboard_real_microscope/app/_ide/bitstream/emulated_microscope_wrapper6.bit"
20:32:59 INFO  : Context for 'APU' is selected.
20:32:59 INFO  : Hardware design and registers information is loaded from 'C:/openTCSPC3/SRC/vitis/zedboard_real_microscope/platform/export/platform/hw/emulated_microscope_wrapper6.xsa'.
20:32:59 INFO  : 'configparams force-mem-access 1' command is executed.
20:32:59 INFO  : Context for 'APU' is selected.
20:32:59 INFO  : Sourcing of 'C:/openTCSPC3/SRC/vitis/zedboard_real_microscope/app/_ide/psinit/ps7_init.tcl' is done.
20:33:00 INFO  : 'ps7_init' command is executed.
20:33:00 INFO  : 'ps7_post_config' command is executed.
20:33:00 INFO  : Context for processor 'ps7_cortexa9_0' is selected.
20:33:06 INFO  : The application 'C:/openTCSPC3/SRC/vitis/zedboard_real_microscope/app/Debug/app.elf' is downloaded to processor 'ps7_cortexa9_0'.
20:33:06 INFO  : 'configparams force-mem-access 0' command is executed.
20:33:06 INFO  : ----------------XSDB Script----------------
connect -url tcp:127.0.0.1:3121
targets -set -nocase -filter {name =~"APU*"}
rst -system
after 3000
targets -set -filter {jtag_cable_name =~ "Digilent Zed 210248BD1333" && level==0 && jtag_device_ctx=="jsn-Zed-210248BD1333-23727093-0"}
fpga -file C:/openTCSPC3/SRC/vitis/zedboard_real_microscope/app/_ide/bitstream/emulated_microscope_wrapper6.bit
targets -set -nocase -filter {name =~"APU*"}
loadhw -hw C:/openTCSPC3/SRC/vitis/zedboard_real_microscope/platform/export/platform/hw/emulated_microscope_wrapper6.xsa -mem-ranges [list {0x40000000 0xbfffffff}] -regs
configparams force-mem-access 1
targets -set -nocase -filter {name =~"APU*"}
source C:/openTCSPC3/SRC/vitis/zedboard_real_microscope/app/_ide/psinit/ps7_init.tcl
ps7_init
ps7_post_config
targets -set -nocase -filter {name =~ "*A9*#0"}
dow C:/openTCSPC3/SRC/vitis/zedboard_real_microscope/app/Debug/app.elf
configparams force-mem-access 0
----------------End of Script----------------

20:33:07 INFO  : Context for processor 'ps7_cortexa9_0' is selected.
20:33:07 INFO  : 'con' command is executed.
20:33:07 INFO  : ----------------XSDB Script (After Launch)----------------
targets -set -nocase -filter {name =~ "*A9*#0"}
con
----------------End of Script----------------

20:33:07 INFO  : Launch script is exported to file 'C:\openTCSPC3\SRC\vitis\zedboard_real_microscope\app_system\_ide\scripts\systemdebugger_app_system_standalone.tcl'
20:37:43 INFO  : Checking for BSP changes to sync application flags for project 'app'...
20:39:11 INFO  : Checking for BSP changes to sync application flags for project 'app'...
20:39:21 INFO  : Checking for BSP changes to sync application flags for project 'app'...
20:39:25 INFO  : Disconnected from the channel tcfchan#2.
20:39:25 INFO  : Connected to target on host '127.0.0.1' and port '3121'.
20:39:25 INFO  : Jtag cable 'Digilent Zed 210248BD1333' is selected.
20:39:25 INFO  : 'jtag frequency' command is executed.
20:39:25 INFO  : Context for 'APU' is selected.
20:39:25 INFO  : System reset is completed.
20:39:28 INFO  : 'after 3000' command is executed.
20:39:28 INFO  : 'targets -set -filter {jtag_cable_name =~ "Digilent Zed 210248BD1333" && level==0 && jtag_device_ctx=="jsn-Zed-210248BD1333-23727093-0"}' command is executed.
20:39:31 INFO  : Device configured successfully with "C:/openTCSPC3/SRC/vitis/zedboard_real_microscope/app/_ide/bitstream/emulated_microscope_wrapper6.bit"
20:39:31 INFO  : Context for 'APU' is selected.
20:39:31 INFO  : Hardware design and registers information is loaded from 'C:/openTCSPC3/SRC/vitis/zedboard_real_microscope/platform/export/platform/hw/emulated_microscope_wrapper6.xsa'.
20:39:31 INFO  : 'configparams force-mem-access 1' command is executed.
20:39:31 INFO  : Context for 'APU' is selected.
20:39:31 INFO  : Sourcing of 'C:/openTCSPC3/SRC/vitis/zedboard_real_microscope/app/_ide/psinit/ps7_init.tcl' is done.
20:39:31 INFO  : 'ps7_init' command is executed.
20:39:31 INFO  : 'ps7_post_config' command is executed.
20:39:31 INFO  : Context for processor 'ps7_cortexa9_0' is selected.
20:39:38 INFO  : The application 'C:/openTCSPC3/SRC/vitis/zedboard_real_microscope/app/Debug/app.elf' is downloaded to processor 'ps7_cortexa9_0'.
20:39:38 INFO  : 'configparams force-mem-access 0' command is executed.
20:39:38 INFO  : ----------------XSDB Script----------------
connect -url tcp:127.0.0.1:3121
targets -set -nocase -filter {name =~"APU*"}
rst -system
after 3000
targets -set -filter {jtag_cable_name =~ "Digilent Zed 210248BD1333" && level==0 && jtag_device_ctx=="jsn-Zed-210248BD1333-23727093-0"}
fpga -file C:/openTCSPC3/SRC/vitis/zedboard_real_microscope/app/_ide/bitstream/emulated_microscope_wrapper6.bit
targets -set -nocase -filter {name =~"APU*"}
loadhw -hw C:/openTCSPC3/SRC/vitis/zedboard_real_microscope/platform/export/platform/hw/emulated_microscope_wrapper6.xsa -mem-ranges [list {0x40000000 0xbfffffff}] -regs
configparams force-mem-access 1
targets -set -nocase -filter {name =~"APU*"}
source C:/openTCSPC3/SRC/vitis/zedboard_real_microscope/app/_ide/psinit/ps7_init.tcl
ps7_init
ps7_post_config
targets -set -nocase -filter {name =~ "*A9*#0"}
dow C:/openTCSPC3/SRC/vitis/zedboard_real_microscope/app/Debug/app.elf
configparams force-mem-access 0
----------------End of Script----------------

20:39:38 INFO  : Context for processor 'ps7_cortexa9_0' is selected.
20:39:38 INFO  : 'con' command is executed.
20:39:38 INFO  : ----------------XSDB Script (After Launch)----------------
targets -set -nocase -filter {name =~ "*A9*#0"}
con
----------------End of Script----------------

20:39:38 INFO  : Launch script is exported to file 'C:\openTCSPC3\SRC\vitis\zedboard_real_microscope\app_system\_ide\scripts\systemdebugger_app_system_standalone.tcl'
20:39:59 INFO  : Checking for BSP changes to sync application flags for project 'app'...
20:40:53 INFO  : Disconnected from the channel tcfchan#3.
20:40:53 INFO  : Connected to target on host '127.0.0.1' and port '3121'.
20:40:54 INFO  : Jtag cable 'Digilent Zed 210248BD1333' is selected.
20:40:54 INFO  : 'jtag frequency' command is executed.
20:40:54 INFO  : Context for 'APU' is selected.
20:40:54 INFO  : System reset is completed.
20:40:57 INFO  : 'after 3000' command is executed.
20:40:57 INFO  : 'targets -set -filter {jtag_cable_name =~ "Digilent Zed 210248BD1333" && level==0 && jtag_device_ctx=="jsn-Zed-210248BD1333-23727093-0"}' command is executed.
20:40:59 INFO  : Device configured successfully with "C:/openTCSPC3/SRC/vitis/zedboard_real_microscope/app/_ide/bitstream/emulated_microscope_wrapper6.bit"
20:40:59 INFO  : Context for 'APU' is selected.
20:40:59 INFO  : Hardware design and registers information is loaded from 'C:/openTCSPC3/SRC/vitis/zedboard_real_microscope/platform/export/platform/hw/emulated_microscope_wrapper6.xsa'.
20:40:59 INFO  : 'configparams force-mem-access 1' command is executed.
20:40:59 INFO  : Context for 'APU' is selected.
20:40:59 INFO  : Sourcing of 'C:/openTCSPC3/SRC/vitis/zedboard_real_microscope/app/_ide/psinit/ps7_init.tcl' is done.
20:40:59 INFO  : 'ps7_init' command is executed.
20:40:59 INFO  : 'ps7_post_config' command is executed.
20:40:59 INFO  : Context for processor 'ps7_cortexa9_0' is selected.
20:41:06 INFO  : The application 'C:/openTCSPC3/SRC/vitis/zedboard_real_microscope/app/Debug/app.elf' is downloaded to processor 'ps7_cortexa9_0'.
20:41:06 INFO  : 'configparams force-mem-access 0' command is executed.
20:41:06 INFO  : ----------------XSDB Script----------------
connect -url tcp:127.0.0.1:3121
targets -set -nocase -filter {name =~"APU*"}
rst -system
after 3000
targets -set -filter {jtag_cable_name =~ "Digilent Zed 210248BD1333" && level==0 && jtag_device_ctx=="jsn-Zed-210248BD1333-23727093-0"}
fpga -file C:/openTCSPC3/SRC/vitis/zedboard_real_microscope/app/_ide/bitstream/emulated_microscope_wrapper6.bit
targets -set -nocase -filter {name =~"APU*"}
loadhw -hw C:/openTCSPC3/SRC/vitis/zedboard_real_microscope/platform/export/platform/hw/emulated_microscope_wrapper6.xsa -mem-ranges [list {0x40000000 0xbfffffff}] -regs
configparams force-mem-access 1
targets -set -nocase -filter {name =~"APU*"}
source C:/openTCSPC3/SRC/vitis/zedboard_real_microscope/app/_ide/psinit/ps7_init.tcl
ps7_init
ps7_post_config
targets -set -nocase -filter {name =~ "*A9*#0"}
dow C:/openTCSPC3/SRC/vitis/zedboard_real_microscope/app/Debug/app.elf
configparams force-mem-access 0
----------------End of Script----------------

20:41:06 INFO  : Context for processor 'ps7_cortexa9_0' is selected.
20:41:06 INFO  : 'con' command is executed.
20:41:06 INFO  : ----------------XSDB Script (After Launch)----------------
targets -set -nocase -filter {name =~ "*A9*#0"}
con
----------------End of Script----------------

20:41:06 INFO  : Launch script is exported to file 'C:\openTCSPC3\SRC\vitis\zedboard_real_microscope\app_system\_ide\scripts\systemdebugger_app_system_standalone.tcl'
20:42:41 INFO  : Checking for BSP changes to sync application flags for project 'app'...
20:42:51 INFO  : Disconnected from the channel tcfchan#4.
20:42:51 INFO  : Connected to target on host '127.0.0.1' and port '3121'.
20:42:51 INFO  : Jtag cable 'Digilent Zed 210248BD1333' is selected.
20:42:51 INFO  : 'jtag frequency' command is executed.
20:42:51 INFO  : Context for 'APU' is selected.
20:42:52 INFO  : System reset is completed.
20:42:55 INFO  : 'after 3000' command is executed.
20:42:55 INFO  : 'targets -set -filter {jtag_cable_name =~ "Digilent Zed 210248BD1333" && level==0 && jtag_device_ctx=="jsn-Zed-210248BD1333-23727093-0"}' command is executed.
20:42:57 INFO  : Device configured successfully with "C:/openTCSPC3/SRC/vitis/zedboard_real_microscope/app/_ide/bitstream/emulated_microscope_wrapper6.bit"
20:42:57 INFO  : Context for 'APU' is selected.
20:42:57 INFO  : Hardware design and registers information is loaded from 'C:/openTCSPC3/SRC/vitis/zedboard_real_microscope/platform/export/platform/hw/emulated_microscope_wrapper6.xsa'.
20:42:57 INFO  : 'configparams force-mem-access 1' command is executed.
20:42:57 INFO  : Context for 'APU' is selected.
20:42:57 INFO  : Sourcing of 'C:/openTCSPC3/SRC/vitis/zedboard_real_microscope/app/_ide/psinit/ps7_init.tcl' is done.
20:42:57 INFO  : 'ps7_init' command is executed.
20:42:57 INFO  : 'ps7_post_config' command is executed.
20:42:57 INFO  : Context for processor 'ps7_cortexa9_0' is selected.
20:43:04 INFO  : The application 'C:/openTCSPC3/SRC/vitis/zedboard_real_microscope/app/Debug/app.elf' is downloaded to processor 'ps7_cortexa9_0'.
20:43:04 INFO  : 'configparams force-mem-access 0' command is executed.
20:43:04 INFO  : ----------------XSDB Script----------------
connect -url tcp:127.0.0.1:3121
targets -set -nocase -filter {name =~"APU*"}
rst -system
after 3000
targets -set -filter {jtag_cable_name =~ "Digilent Zed 210248BD1333" && level==0 && jtag_device_ctx=="jsn-Zed-210248BD1333-23727093-0"}
fpga -file C:/openTCSPC3/SRC/vitis/zedboard_real_microscope/app/_ide/bitstream/emulated_microscope_wrapper6.bit
targets -set -nocase -filter {name =~"APU*"}
loadhw -hw C:/openTCSPC3/SRC/vitis/zedboard_real_microscope/platform/export/platform/hw/emulated_microscope_wrapper6.xsa -mem-ranges [list {0x40000000 0xbfffffff}] -regs
configparams force-mem-access 1
targets -set -nocase -filter {name =~"APU*"}
source C:/openTCSPC3/SRC/vitis/zedboard_real_microscope/app/_ide/psinit/ps7_init.tcl
ps7_init
ps7_post_config
targets -set -nocase -filter {name =~ "*A9*#0"}
dow C:/openTCSPC3/SRC/vitis/zedboard_real_microscope/app/Debug/app.elf
configparams force-mem-access 0
----------------End of Script----------------

20:43:04 INFO  : Context for processor 'ps7_cortexa9_0' is selected.
20:43:04 INFO  : 'con' command is executed.
20:43:04 INFO  : ----------------XSDB Script (After Launch)----------------
targets -set -nocase -filter {name =~ "*A9*#0"}
con
----------------End of Script----------------

20:43:04 INFO  : Launch script is exported to file 'C:\openTCSPC3\SRC\vitis\zedboard_real_microscope\app_system\_ide\scripts\systemdebugger_app_system_standalone.tcl'
20:43:40 INFO  : Checking for BSP changes to sync application flags for project 'app'...
20:43:44 INFO  : Disconnected from the channel tcfchan#5.
20:43:44 INFO  : Connected to target on host '127.0.0.1' and port '3121'.
20:43:44 INFO  : Jtag cable 'Digilent Zed 210248BD1333' is selected.
20:43:44 INFO  : 'jtag frequency' command is executed.
20:43:44 INFO  : Context for 'APU' is selected.
20:43:45 INFO  : System reset is completed.
20:43:48 INFO  : 'after 3000' command is executed.
20:43:48 INFO  : 'targets -set -filter {jtag_cable_name =~ "Digilent Zed 210248BD1333" && level==0 && jtag_device_ctx=="jsn-Zed-210248BD1333-23727093-0"}' command is executed.
20:43:50 INFO  : Device configured successfully with "C:/openTCSPC3/SRC/vitis/zedboard_real_microscope/app/_ide/bitstream/emulated_microscope_wrapper6.bit"
20:43:50 INFO  : Context for 'APU' is selected.
20:43:50 INFO  : Hardware design and registers information is loaded from 'C:/openTCSPC3/SRC/vitis/zedboard_real_microscope/platform/export/platform/hw/emulated_microscope_wrapper6.xsa'.
20:43:50 INFO  : 'configparams force-mem-access 1' command is executed.
20:43:50 INFO  : Context for 'APU' is selected.
20:43:50 INFO  : Sourcing of 'C:/openTCSPC3/SRC/vitis/zedboard_real_microscope/app/_ide/psinit/ps7_init.tcl' is done.
20:43:50 INFO  : 'ps7_init' command is executed.
20:43:50 INFO  : 'ps7_post_config' command is executed.
20:43:50 INFO  : Context for processor 'ps7_cortexa9_0' is selected.
20:43:57 INFO  : The application 'C:/openTCSPC3/SRC/vitis/zedboard_real_microscope/app/Debug/app.elf' is downloaded to processor 'ps7_cortexa9_0'.
20:43:57 INFO  : 'configparams force-mem-access 0' command is executed.
20:43:57 INFO  : ----------------XSDB Script----------------
connect -url tcp:127.0.0.1:3121
targets -set -nocase -filter {name =~"APU*"}
rst -system
after 3000
targets -set -filter {jtag_cable_name =~ "Digilent Zed 210248BD1333" && level==0 && jtag_device_ctx=="jsn-Zed-210248BD1333-23727093-0"}
fpga -file C:/openTCSPC3/SRC/vitis/zedboard_real_microscope/app/_ide/bitstream/emulated_microscope_wrapper6.bit
targets -set -nocase -filter {name =~"APU*"}
loadhw -hw C:/openTCSPC3/SRC/vitis/zedboard_real_microscope/platform/export/platform/hw/emulated_microscope_wrapper6.xsa -mem-ranges [list {0x40000000 0xbfffffff}] -regs
configparams force-mem-access 1
targets -set -nocase -filter {name =~"APU*"}
source C:/openTCSPC3/SRC/vitis/zedboard_real_microscope/app/_ide/psinit/ps7_init.tcl
ps7_init
ps7_post_config
targets -set -nocase -filter {name =~ "*A9*#0"}
dow C:/openTCSPC3/SRC/vitis/zedboard_real_microscope/app/Debug/app.elf
configparams force-mem-access 0
----------------End of Script----------------

20:43:57 INFO  : Context for processor 'ps7_cortexa9_0' is selected.
20:43:57 INFO  : 'con' command is executed.
20:43:57 INFO  : ----------------XSDB Script (After Launch)----------------
targets -set -nocase -filter {name =~ "*A9*#0"}
con
----------------End of Script----------------

20:43:57 INFO  : Launch script is exported to file 'C:\openTCSPC3\SRC\vitis\zedboard_real_microscope\app_system\_ide\scripts\systemdebugger_app_system_standalone.tcl'
10:24:15 DEBUG : Logs will be stored at 'C:/openTCSPC3/SRC/vitis/zedboard_real_microscope/IDE.log'.
10:24:16 INFO  : Launching XSCT server: xsct.bat -n  -interactive C:\openTCSPC3\SRC\vitis\zedboard_real_microscope\temp_xsdb_launch_script.tcl
10:24:25 INFO  : XSCT server has started successfully.
10:24:25 INFO  : plnx-install-location is set to ''
10:24:26 INFO  : Platform repository initialization has completed.
10:24:26 INFO  : Registering command handlers for Vitis TCF services
10:24:35 INFO  : Successfully done setting XSCT server connection channel  
10:24:35 INFO  : Successfully done query RDI_DATADIR 
10:24:35 INFO  : Successfully done setting workspace for the tool. 
15:39:46 DEBUG : Logs will be stored at 'C:/openTCSPC3/SRC/vitis/zedboard_real_microscope/IDE.log'.
15:39:47 INFO  : Launching XSCT server: xsct.bat -n  -interactive C:\openTCSPC3\SRC\vitis\zedboard_real_microscope\temp_xsdb_launch_script.tcl
15:39:52 INFO  : XSCT server has started successfully.
15:39:53 INFO  : Platform repository initialization has completed.
15:39:53 INFO  : Registering command handlers for Vitis TCF services
15:39:57 INFO  : Successfully done setting XSCT server connection channel  
15:39:57 INFO  : plnx-install-location is set to ''
15:39:57 INFO  : Successfully done query RDI_DATADIR 
15:39:57 INFO  : Successfully done setting workspace for the tool. 
16:44:56 DEBUG : Logs will be stored at 'C:/openTCSPC3/SRC/vitis/zedboard_real_microscope/IDE.log'.
16:44:57 INFO  : Launching XSCT server: xsct.bat -n  -interactive C:\openTCSPC3\SRC\vitis\zedboard_real_microscope\temp_xsdb_launch_script.tcl
16:45:02 INFO  : Platform repository initialization has completed.
16:45:02 INFO  : XSCT server has started successfully.
16:45:02 INFO  : plnx-install-location is set to ''
16:45:02 INFO  : Registering command handlers for Vitis TCF services
16:45:06 INFO  : Successfully done setting XSCT server connection channel  
16:45:06 INFO  : Successfully done query RDI_DATADIR 
16:45:06 INFO  : Successfully done setting workspace for the tool. 
17:06:36 INFO  : Result from executing command 'getProjects': platform
17:06:36 INFO  : Result from executing command 'getPlatforms': platform|C:/openTCSPC3/SRC/vitis/zedboard_real_microscope/platform/export/platform/platform.xpfm;xilinx_zcu102_base_202420_1|C:/Xilinx/Vitis/2024.2/base_platforms/xilinx_zcu102_base_202420_1/xilinx_zcu102_base_202420_1.xpfm;xilinx_zcu102_base_dfx_202420_1|C:/Xilinx/Vitis/2024.2/base_platforms/xilinx_zcu102_base_dfx_202420_1/xilinx_zcu102_base_dfx_202420_1.xpfm;xilinx_zcu104_base_202420_1|C:/Xilinx/Vitis/2024.2/base_platforms/xilinx_zcu104_base_202420_1/xilinx_zcu104_base_202420_1.xpfm
17:06:36 INFO  : Checking for BSP changes to sync application flags for project 'app'...
