16:46:26 DEBUG : Logs will be stored at 'C:/openTCSPC3/SRC/zedboard_real_microscope/vitis/IDE.log'.
16:46:29 INFO  : Launching XSCT server: xsct.bat -n  -interactive C:\openTCSPC3\SRC\zedboard_real_microscope\vitis\temp_xsdb_launch_script.tcl
16:46:29 INFO  : Registering command handlers for Vitis TCF services
16:46:30 INFO  : Platform repository initialization has completed.
16:46:32 INFO  : XSCT server has started successfully.
16:46:33 INFO  : Successfully done setting XSCT server connection channel  
16:46:33 INFO  : plnx-install-location is set to ''
16:46:33 INFO  : Successfully done query RDI_DATADIR 
16:46:33 INFO  : Successfully done setting workspace for the tool. 
16:54:46 INFO  : Result from executing command 'getProjects': platform
16:54:46 INFO  : Result from executing command 'getPlatforms': xilinx_zcu102_base_202420_1|C:/Xilinx/Vitis/2024.2/base_platforms/xilinx_zcu102_base_202420_1/xilinx_zcu102_base_202420_1.xpfm;xilinx_zcu102_base_dfx_202420_1|C:/Xilinx/Vitis/2024.2/base_platforms/xilinx_zcu102_base_dfx_202420_1/xilinx_zcu102_base_dfx_202420_1.xpfm;xilinx_zcu104_base_202420_1|C:/Xilinx/Vitis/2024.2/base_platforms/xilinx_zcu104_base_202420_1/xilinx_zcu104_base_202420_1.xpfm
17:01:50 INFO  : Result from executing command 'getProjects': platform
17:01:50 INFO  : Result from executing command 'getPlatforms': platform|C:/openTCSPC3/SRC/zedboard_real_microscope/vitis/platform/export/platform/platform.xpfm;xilinx_zcu102_base_202420_1|C:/Xilinx/Vitis/2024.2/base_platforms/xilinx_zcu102_base_202420_1/xilinx_zcu102_base_202420_1.xpfm;xilinx_zcu102_base_dfx_202420_1|C:/Xilinx/Vitis/2024.2/base_platforms/xilinx_zcu102_base_dfx_202420_1/xilinx_zcu102_base_dfx_202420_1.xpfm;xilinx_zcu104_base_202420_1|C:/Xilinx/Vitis/2024.2/base_platforms/xilinx_zcu104_base_202420_1/xilinx_zcu104_base_202420_1.xpfm
17:04:56 INFO  : Checking for BSP changes to sync application flags for project 'app'...
17:10:58 INFO  : Result from executing command 'getProjects': platform
17:10:58 INFO  : Result from executing command 'getPlatforms': platform|C:/openTCSPC3/SRC/zedboard_real_microscope/vitis/platform/export/platform/platform.xpfm;xilinx_zcu102_base_202420_1|C:/Xilinx/Vitis/2024.2/base_platforms/xilinx_zcu102_base_202420_1/xilinx_zcu102_base_202420_1.xpfm;xilinx_zcu102_base_dfx_202420_1|C:/Xilinx/Vitis/2024.2/base_platforms/xilinx_zcu102_base_dfx_202420_1/xilinx_zcu102_base_dfx_202420_1.xpfm;xilinx_zcu104_base_202420_1|C:/Xilinx/Vitis/2024.2/base_platforms/xilinx_zcu104_base_202420_1/xilinx_zcu104_base_202420_1.xpfm
17:10:59 INFO  : Checking for BSP changes to sync application flags for project 'app'...
17:10:59 INFO  : Updating application flags with new BSP settings...
17:10:59 INFO  : Successfully updated application flags for project app.
17:14:37 INFO  : Connected to target on host '127.0.0.1' and port '3121'.
17:14:38 INFO  : Jtag cable 'Digilent Zed 210248BD1333' is selected.
17:14:38 INFO  : 'jtag frequency' command is executed.
17:14:38 INFO  : Context for 'APU' is selected.
17:14:39 INFO  : System reset is completed.
17:14:42 INFO  : 'after 3000' command is executed.
17:14:42 INFO  : 'targets -set -filter {jtag_cable_name =~ "Digilent Zed 210248BD1333" && level==0 && jtag_device_ctx=="jsn-Zed-210248BD1333-23727093-0"}' command is executed.
17:14:44 INFO  : Device configured successfully with "C:/openTCSPC3/SRC/zedboard_real_microscope/vitis/app/_ide/bitstream/zedboard_real_microscope_wrapper.bit"
17:14:44 INFO  : Context for 'APU' is selected.
17:14:44 INFO  : Hardware design and registers information is loaded from 'C:/openTCSPC3/SRC/zedboard_real_microscope/vitis/platform/export/platform/hw/zedboard_real_microscope_wrapper.xsa'.
17:14:44 INFO  : 'configparams force-mem-access 1' command is executed.
17:14:44 INFO  : Context for 'APU' is selected.
17:14:44 INFO  : Sourcing of 'C:/openTCSPC3/SRC/zedboard_real_microscope/vitis/app/_ide/psinit/ps7_init.tcl' is done.
17:14:45 INFO  : 'ps7_init' command is executed.
17:14:45 INFO  : 'ps7_post_config' command is executed.
17:14:45 INFO  : Context for processor 'ps7_cortexa9_0' is selected.
17:14:52 INFO  : The application 'C:/openTCSPC3/SRC/zedboard_real_microscope/vitis/app/Debug/app.elf' is downloaded to processor 'ps7_cortexa9_0'.
17:14:52 INFO  : 'configparams force-mem-access 0' command is executed.
17:14:52 INFO  : ----------------XSDB Script----------------
connect -url tcp:127.0.0.1:3121
targets -set -nocase -filter {name =~"APU*"}
rst -system
after 3000
targets -set -filter {jtag_cable_name =~ "Digilent Zed 210248BD1333" && level==0 && jtag_device_ctx=="jsn-Zed-210248BD1333-23727093-0"}
fpga -file C:/openTCSPC3/SRC/zedboard_real_microscope/vitis/app/_ide/bitstream/zedboard_real_microscope_wrapper.bit
targets -set -nocase -filter {name =~"APU*"}
loadhw -hw C:/openTCSPC3/SRC/zedboard_real_microscope/vitis/platform/export/platform/hw/zedboard_real_microscope_wrapper.xsa -mem-ranges [list {0x40000000 0xbfffffff}] -regs
configparams force-mem-access 1
targets -set -nocase -filter {name =~"APU*"}
source C:/openTCSPC3/SRC/zedboard_real_microscope/vitis/app/_ide/psinit/ps7_init.tcl
ps7_init
ps7_post_config
targets -set -nocase -filter {name =~ "*A9*#0"}
dow C:/openTCSPC3/SRC/zedboard_real_microscope/vitis/app/Debug/app.elf
configparams force-mem-access 0
----------------End of Script----------------

17:14:52 INFO  : Context for processor 'ps7_cortexa9_0' is selected.
17:14:52 INFO  : 'con' command is executed.
17:14:52 INFO  : ----------------XSDB Script (After Launch)----------------
targets -set -nocase -filter {name =~ "*A9*#0"}
con
----------------End of Script----------------

17:14:52 INFO  : Launch script is exported to file 'C:\openTCSPC3\SRC\zedboard_real_microscope\vitis\app_system\_ide\scripts\systemdebugger_app_system_standalone.tcl'
17:19:44 INFO  : Disconnected from the channel tcfchan#4.
17:19:44 INFO  : Connected to target on host '127.0.0.1' and port '3121'.
17:19:44 INFO  : Jtag cable 'Digilent Zed 210248BD1333' is selected.
17:19:44 INFO  : 'jtag frequency' command is executed.
17:19:44 INFO  : Context for 'APU' is selected.
17:19:44 INFO  : System reset is completed.
17:19:47 INFO  : 'after 3000' command is executed.
17:19:47 INFO  : 'targets -set -filter {jtag_cable_name =~ "Digilent Zed 210248BD1333" && level==0 && jtag_device_ctx=="jsn-Zed-210248BD1333-23727093-0"}' command is executed.
17:19:49 INFO  : Device configured successfully with "C:/openTCSPC3/SRC/zedboard_real_microscope/vitis/app/_ide/bitstream/zedboard_real_microscope_wrapper.bit"
17:19:49 INFO  : Context for 'APU' is selected.
17:19:50 INFO  : Hardware design and registers information is loaded from 'C:/openTCSPC3/SRC/zedboard_real_microscope/vitis/platform/export/platform/hw/zedboard_real_microscope_wrapper.xsa'.
17:19:50 INFO  : 'configparams force-mem-access 1' command is executed.
17:19:50 INFO  : Context for 'APU' is selected.
17:19:50 INFO  : Sourcing of 'C:/openTCSPC3/SRC/zedboard_real_microscope/vitis/app/_ide/psinit/ps7_init.tcl' is done.
17:19:50 INFO  : 'ps7_init' command is executed.
17:19:50 INFO  : 'ps7_post_config' command is executed.
17:19:50 INFO  : Context for processor 'ps7_cortexa9_0' is selected.
17:19:57 INFO  : The application 'C:/openTCSPC3/SRC/zedboard_real_microscope/vitis/app/Debug/app.elf' is downloaded to processor 'ps7_cortexa9_0'.
17:19:57 INFO  : 'configparams force-mem-access 0' command is executed.
17:19:57 INFO  : ----------------XSDB Script----------------
connect -url tcp:127.0.0.1:3121
targets -set -nocase -filter {name =~"APU*"}
rst -system
after 3000
targets -set -filter {jtag_cable_name =~ "Digilent Zed 210248BD1333" && level==0 && jtag_device_ctx=="jsn-Zed-210248BD1333-23727093-0"}
fpga -file C:/openTCSPC3/SRC/zedboard_real_microscope/vitis/app/_ide/bitstream/zedboard_real_microscope_wrapper.bit
targets -set -nocase -filter {name =~"APU*"}
loadhw -hw C:/openTCSPC3/SRC/zedboard_real_microscope/vitis/platform/export/platform/hw/zedboard_real_microscope_wrapper.xsa -mem-ranges [list {0x40000000 0xbfffffff}] -regs
configparams force-mem-access 1
targets -set -nocase -filter {name =~"APU*"}
source C:/openTCSPC3/SRC/zedboard_real_microscope/vitis/app/_ide/psinit/ps7_init.tcl
ps7_init
ps7_post_config
targets -set -nocase -filter {name =~ "*A9*#0"}
dow C:/openTCSPC3/SRC/zedboard_real_microscope/vitis/app/Debug/app.elf
configparams force-mem-access 0
----------------End of Script----------------

17:19:57 INFO  : Context for processor 'ps7_cortexa9_0' is selected.
17:19:57 INFO  : 'con' command is executed.
17:19:57 INFO  : ----------------XSDB Script (After Launch)----------------
targets -set -nocase -filter {name =~ "*A9*#0"}
con
----------------End of Script----------------

17:19:57 INFO  : Launch script is exported to file 'C:\openTCSPC3\SRC\zedboard_real_microscope\vitis\app_system\_ide\scripts\systemdebugger_app_system_standalone.tcl'
17:41:45 INFO  : Checking for BSP changes to sync application flags for project 'app'...
17:42:06 INFO  : Disconnected from the channel tcfchan#5.
17:42:06 INFO  : Connected to target on host '127.0.0.1' and port '3121'.
17:42:06 INFO  : Jtag cable 'Digilent Zed 210248BD1333' is selected.
17:42:06 INFO  : 'jtag frequency' command is executed.
17:42:06 INFO  : Context for 'APU' is selected.
17:42:06 INFO  : System reset is completed.
17:42:09 INFO  : 'after 3000' command is executed.
17:42:09 INFO  : 'targets -set -filter {jtag_cable_name =~ "Digilent Zed 210248BD1333" && level==0 && jtag_device_ctx=="jsn-Zed-210248BD1333-23727093-0"}' command is executed.
17:42:11 INFO  : Device configured successfully with "C:/openTCSPC3/SRC/zedboard_real_microscope/vitis/app/_ide/bitstream/zedboard_real_microscope_wrapper.bit"
17:42:11 INFO  : Context for 'APU' is selected.
17:42:11 INFO  : Hardware design and registers information is loaded from 'C:/openTCSPC3/SRC/zedboard_real_microscope/vitis/platform/export/platform/hw/zedboard_real_microscope_wrapper.xsa'.
17:42:11 INFO  : 'configparams force-mem-access 1' command is executed.
17:42:11 INFO  : Context for 'APU' is selected.
17:42:11 INFO  : Sourcing of 'C:/openTCSPC3/SRC/zedboard_real_microscope/vitis/app/_ide/psinit/ps7_init.tcl' is done.
17:42:12 INFO  : 'ps7_init' command is executed.
17:42:12 INFO  : 'ps7_post_config' command is executed.
17:42:12 INFO  : Context for processor 'ps7_cortexa9_0' is selected.
17:42:18 INFO  : The application 'C:/openTCSPC3/SRC/zedboard_real_microscope/vitis/app/Debug/app.elf' is downloaded to processor 'ps7_cortexa9_0'.
17:42:18 INFO  : 'configparams force-mem-access 0' command is executed.
17:42:18 INFO  : ----------------XSDB Script----------------
connect -url tcp:127.0.0.1:3121
targets -set -nocase -filter {name =~"APU*"}
rst -system
after 3000
targets -set -filter {jtag_cable_name =~ "Digilent Zed 210248BD1333" && level==0 && jtag_device_ctx=="jsn-Zed-210248BD1333-23727093-0"}
fpga -file C:/openTCSPC3/SRC/zedboard_real_microscope/vitis/app/_ide/bitstream/zedboard_real_microscope_wrapper.bit
targets -set -nocase -filter {name =~"APU*"}
loadhw -hw C:/openTCSPC3/SRC/zedboard_real_microscope/vitis/platform/export/platform/hw/zedboard_real_microscope_wrapper.xsa -mem-ranges [list {0x40000000 0xbfffffff}] -regs
configparams force-mem-access 1
targets -set -nocase -filter {name =~"APU*"}
source C:/openTCSPC3/SRC/zedboard_real_microscope/vitis/app/_ide/psinit/ps7_init.tcl
ps7_init
ps7_post_config
targets -set -nocase -filter {name =~ "*A9*#0"}
dow C:/openTCSPC3/SRC/zedboard_real_microscope/vitis/app/Debug/app.elf
configparams force-mem-access 0
----------------End of Script----------------

17:42:19 INFO  : Context for processor 'ps7_cortexa9_0' is selected.
17:42:19 INFO  : 'con' command is executed.
17:42:19 INFO  : ----------------XSDB Script (After Launch)----------------
targets -set -nocase -filter {name =~ "*A9*#0"}
con
----------------End of Script----------------

17:42:19 INFO  : Launch script is exported to file 'C:\openTCSPC3\SRC\zedboard_real_microscope\vitis\app_system\_ide\scripts\systemdebugger_app_system_standalone.tcl'
17:45:40 INFO  : Checking for BSP changes to sync application flags for project 'app'...
17:45:46 INFO  : Disconnected from the channel tcfchan#6.
17:45:46 INFO  : Connected to target on host '127.0.0.1' and port '3121'.
17:45:46 INFO  : Jtag cable 'Digilent Zed 210248BD1333' is selected.
17:45:46 INFO  : 'jtag frequency' command is executed.
17:45:46 INFO  : Context for 'APU' is selected.
17:45:46 INFO  : System reset is completed.
17:45:49 INFO  : 'after 3000' command is executed.
17:45:49 INFO  : 'targets -set -filter {jtag_cable_name =~ "Digilent Zed 210248BD1333" && level==0 && jtag_device_ctx=="jsn-Zed-210248BD1333-23727093-0"}' command is executed.
17:45:52 INFO  : Device configured successfully with "C:/openTCSPC3/SRC/zedboard_real_microscope/vitis/app/_ide/bitstream/zedboard_real_microscope_wrapper.bit"
17:45:52 INFO  : Context for 'APU' is selected.
17:45:52 INFO  : Hardware design and registers information is loaded from 'C:/openTCSPC3/SRC/zedboard_real_microscope/vitis/platform/export/platform/hw/zedboard_real_microscope_wrapper.xsa'.
17:45:52 INFO  : 'configparams force-mem-access 1' command is executed.
17:45:52 INFO  : Context for 'APU' is selected.
17:45:52 INFO  : Sourcing of 'C:/openTCSPC3/SRC/zedboard_real_microscope/vitis/app/_ide/psinit/ps7_init.tcl' is done.
17:45:52 INFO  : 'ps7_init' command is executed.
17:45:52 INFO  : 'ps7_post_config' command is executed.
17:45:52 INFO  : Context for processor 'ps7_cortexa9_0' is selected.
17:45:59 INFO  : The application 'C:/openTCSPC3/SRC/zedboard_real_microscope/vitis/app/Debug/app.elf' is downloaded to processor 'ps7_cortexa9_0'.
17:45:59 INFO  : 'configparams force-mem-access 0' command is executed.
17:45:59 INFO  : ----------------XSDB Script----------------
connect -url tcp:127.0.0.1:3121
targets -set -nocase -filter {name =~"APU*"}
rst -system
after 3000
targets -set -filter {jtag_cable_name =~ "Digilent Zed 210248BD1333" && level==0 && jtag_device_ctx=="jsn-Zed-210248BD1333-23727093-0"}
fpga -file C:/openTCSPC3/SRC/zedboard_real_microscope/vitis/app/_ide/bitstream/zedboard_real_microscope_wrapper.bit
targets -set -nocase -filter {name =~"APU*"}
loadhw -hw C:/openTCSPC3/SRC/zedboard_real_microscope/vitis/platform/export/platform/hw/zedboard_real_microscope_wrapper.xsa -mem-ranges [list {0x40000000 0xbfffffff}] -regs
configparams force-mem-access 1
targets -set -nocase -filter {name =~"APU*"}
source C:/openTCSPC3/SRC/zedboard_real_microscope/vitis/app/_ide/psinit/ps7_init.tcl
ps7_init
ps7_post_config
targets -set -nocase -filter {name =~ "*A9*#0"}
dow C:/openTCSPC3/SRC/zedboard_real_microscope/vitis/app/Debug/app.elf
configparams force-mem-access 0
----------------End of Script----------------

17:45:59 INFO  : Context for processor 'ps7_cortexa9_0' is selected.
17:45:59 INFO  : 'con' command is executed.
17:45:59 INFO  : ----------------XSDB Script (After Launch)----------------
targets -set -nocase -filter {name =~ "*A9*#0"}
con
----------------End of Script----------------

17:45:59 INFO  : Launch script is exported to file 'C:\openTCSPC3\SRC\zedboard_real_microscope\vitis\app_system\_ide\scripts\systemdebugger_app_system_standalone.tcl'
17:46:54 INFO  : Disconnected from the channel tcfchan#7.
17:46:54 INFO  : Connected to target on host '127.0.0.1' and port '3121'.
17:46:54 INFO  : Jtag cable 'Digilent Zed 210248BD1333' is selected.
17:46:54 INFO  : 'jtag frequency' command is executed.
17:46:54 INFO  : Context for 'APU' is selected.
17:46:54 INFO  : System reset is completed.
17:46:57 INFO  : 'after 3000' command is executed.
17:46:57 INFO  : 'targets -set -filter {jtag_cable_name =~ "Digilent Zed 210248BD1333" && level==0 && jtag_device_ctx=="jsn-Zed-210248BD1333-23727093-0"}' command is executed.
17:47:00 INFO  : Device configured successfully with "C:/openTCSPC3/SRC/zedboard_real_microscope/vitis/app/_ide/bitstream/zedboard_real_microscope_wrapper.bit"
17:47:00 INFO  : Context for 'APU' is selected.
17:47:00 INFO  : Hardware design and registers information is loaded from 'C:/openTCSPC3/SRC/zedboard_real_microscope/vitis/platform/export/platform/hw/zedboard_real_microscope_wrapper.xsa'.
17:47:00 INFO  : 'configparams force-mem-access 1' command is executed.
17:47:00 INFO  : Context for 'APU' is selected.
17:47:00 INFO  : Sourcing of 'C:/openTCSPC3/SRC/zedboard_real_microscope/vitis/app/_ide/psinit/ps7_init.tcl' is done.
17:47:00 INFO  : 'ps7_init' command is executed.
17:47:00 INFO  : 'ps7_post_config' command is executed.
17:47:00 INFO  : Context for processor 'ps7_cortexa9_0' is selected.
17:47:07 INFO  : The application 'C:/openTCSPC3/SRC/zedboard_real_microscope/vitis/app/Debug/app.elf' is downloaded to processor 'ps7_cortexa9_0'.
17:47:07 INFO  : 'configparams force-mem-access 0' command is executed.
17:47:07 INFO  : ----------------XSDB Script----------------
connect -url tcp:127.0.0.1:3121
targets -set -nocase -filter {name =~"APU*"}
rst -system
after 3000
targets -set -filter {jtag_cable_name =~ "Digilent Zed 210248BD1333" && level==0 && jtag_device_ctx=="jsn-Zed-210248BD1333-23727093-0"}
fpga -file C:/openTCSPC3/SRC/zedboard_real_microscope/vitis/app/_ide/bitstream/zedboard_real_microscope_wrapper.bit
targets -set -nocase -filter {name =~"APU*"}
loadhw -hw C:/openTCSPC3/SRC/zedboard_real_microscope/vitis/platform/export/platform/hw/zedboard_real_microscope_wrapper.xsa -mem-ranges [list {0x40000000 0xbfffffff}] -regs
configparams force-mem-access 1
targets -set -nocase -filter {name =~"APU*"}
source C:/openTCSPC3/SRC/zedboard_real_microscope/vitis/app/_ide/psinit/ps7_init.tcl
ps7_init
ps7_post_config
targets -set -nocase -filter {name =~ "*A9*#0"}
dow C:/openTCSPC3/SRC/zedboard_real_microscope/vitis/app/Debug/app.elf
configparams force-mem-access 0
----------------End of Script----------------

17:47:07 INFO  : Context for processor 'ps7_cortexa9_0' is selected.
17:47:07 INFO  : 'con' command is executed.
17:47:07 INFO  : ----------------XSDB Script (After Launch)----------------
targets -set -nocase -filter {name =~ "*A9*#0"}
con
----------------End of Script----------------

17:47:07 INFO  : Launch script is exported to file 'C:\openTCSPC3\SRC\zedboard_real_microscope\vitis\app_system\_ide\scripts\systemdebugger_app_system_standalone.tcl'
19:18:34 INFO  : Checking for BSP changes to sync application flags for project 'app'...
19:18:53 INFO  : Disconnected from the channel tcfchan#8.
19:18:53 INFO  : Connected to target on host '127.0.0.1' and port '3121'.
19:18:53 INFO  : Jtag cable 'Digilent Zed 210248BD1333' is selected.
19:18:53 INFO  : 'jtag frequency' command is executed.
19:18:53 INFO  : Context for 'APU' is selected.
19:18:53 INFO  : System reset is completed.
19:18:56 INFO  : 'after 3000' command is executed.
19:18:56 INFO  : 'targets -set -filter {jtag_cable_name =~ "Digilent Zed 210248BD1333" && level==0 && jtag_device_ctx=="jsn-Zed-210248BD1333-23727093-0"}' command is executed.
19:18:58 INFO  : Device configured successfully with "C:/openTCSPC3/SRC/zedboard_real_microscope/vitis/app/_ide/bitstream/zedboard_real_microscope_wrapper.bit"
19:18:58 INFO  : Context for 'APU' is selected.
19:18:58 INFO  : Hardware design and registers information is loaded from 'C:/openTCSPC3/SRC/zedboard_real_microscope/vitis/platform/export/platform/hw/zedboard_real_microscope_wrapper.xsa'.
19:18:58 INFO  : 'configparams force-mem-access 1' command is executed.
19:18:58 INFO  : Context for 'APU' is selected.
19:18:59 INFO  : Sourcing of 'C:/openTCSPC3/SRC/zedboard_real_microscope/vitis/app/_ide/psinit/ps7_init.tcl' is done.
19:18:59 INFO  : 'ps7_init' command is executed.
19:18:59 INFO  : 'ps7_post_config' command is executed.
19:18:59 INFO  : Context for processor 'ps7_cortexa9_0' is selected.
19:19:06 INFO  : The application 'C:/openTCSPC3/SRC/zedboard_real_microscope/vitis/app/Debug/app.elf' is downloaded to processor 'ps7_cortexa9_0'.
19:19:06 INFO  : 'configparams force-mem-access 0' command is executed.
19:19:06 INFO  : ----------------XSDB Script----------------
connect -url tcp:127.0.0.1:3121
targets -set -nocase -filter {name =~"APU*"}
rst -system
after 3000
targets -set -filter {jtag_cable_name =~ "Digilent Zed 210248BD1333" && level==0 && jtag_device_ctx=="jsn-Zed-210248BD1333-23727093-0"}
fpga -file C:/openTCSPC3/SRC/zedboard_real_microscope/vitis/app/_ide/bitstream/zedboard_real_microscope_wrapper.bit
targets -set -nocase -filter {name =~"APU*"}
loadhw -hw C:/openTCSPC3/SRC/zedboard_real_microscope/vitis/platform/export/platform/hw/zedboard_real_microscope_wrapper.xsa -mem-ranges [list {0x40000000 0xbfffffff}] -regs
configparams force-mem-access 1
targets -set -nocase -filter {name =~"APU*"}
source C:/openTCSPC3/SRC/zedboard_real_microscope/vitis/app/_ide/psinit/ps7_init.tcl
ps7_init
ps7_post_config
targets -set -nocase -filter {name =~ "*A9*#0"}
dow C:/openTCSPC3/SRC/zedboard_real_microscope/vitis/app/Debug/app.elf
configparams force-mem-access 0
----------------End of Script----------------

19:19:06 INFO  : Context for processor 'ps7_cortexa9_0' is selected.
19:19:06 INFO  : 'con' command is executed.
19:19:06 INFO  : ----------------XSDB Script (After Launch)----------------
targets -set -nocase -filter {name =~ "*A9*#0"}
con
----------------End of Script----------------

19:19:06 INFO  : Launch script is exported to file 'C:\openTCSPC3\SRC\zedboard_real_microscope\vitis\app_system\_ide\scripts\systemdebugger_app_system_standalone.tcl'
19:19:31 INFO  : Checking for BSP changes to sync application flags for project 'app'...
19:19:40 INFO  : Disconnected from the channel tcfchan#9.
19:19:40 INFO  : Connected to target on host '127.0.0.1' and port '3121'.
19:19:40 INFO  : Jtag cable 'Digilent Zed 210248BD1333' is selected.
19:19:40 INFO  : 'jtag frequency' command is executed.
19:19:40 INFO  : Context for 'APU' is selected.
19:19:40 INFO  : System reset is completed.
19:19:43 INFO  : 'after 3000' command is executed.
19:19:43 INFO  : 'targets -set -filter {jtag_cable_name =~ "Digilent Zed 210248BD1333" && level==0 && jtag_device_ctx=="jsn-Zed-210248BD1333-23727093-0"}' command is executed.
19:19:45 INFO  : Device configured successfully with "C:/openTCSPC3/SRC/zedboard_real_microscope/vitis/app/_ide/bitstream/zedboard_real_microscope_wrapper.bit"
19:19:45 INFO  : Context for 'APU' is selected.
19:19:46 INFO  : Hardware design and registers information is loaded from 'C:/openTCSPC3/SRC/zedboard_real_microscope/vitis/platform/export/platform/hw/zedboard_real_microscope_wrapper.xsa'.
19:19:46 INFO  : 'configparams force-mem-access 1' command is executed.
19:19:46 INFO  : Context for 'APU' is selected.
19:19:46 INFO  : Sourcing of 'C:/openTCSPC3/SRC/zedboard_real_microscope/vitis/app/_ide/psinit/ps7_init.tcl' is done.
19:19:46 INFO  : 'ps7_init' command is executed.
19:19:46 INFO  : 'ps7_post_config' command is executed.
19:19:46 INFO  : Context for processor 'ps7_cortexa9_0' is selected.
19:19:53 INFO  : The application 'C:/openTCSPC3/SRC/zedboard_real_microscope/vitis/app/Debug/app.elf' is downloaded to processor 'ps7_cortexa9_0'.
19:19:53 INFO  : 'configparams force-mem-access 0' command is executed.
19:19:53 INFO  : ----------------XSDB Script----------------
connect -url tcp:127.0.0.1:3121
targets -set -nocase -filter {name =~"APU*"}
rst -system
after 3000
targets -set -filter {jtag_cable_name =~ "Digilent Zed 210248BD1333" && level==0 && jtag_device_ctx=="jsn-Zed-210248BD1333-23727093-0"}
fpga -file C:/openTCSPC3/SRC/zedboard_real_microscope/vitis/app/_ide/bitstream/zedboard_real_microscope_wrapper.bit
targets -set -nocase -filter {name =~"APU*"}
loadhw -hw C:/openTCSPC3/SRC/zedboard_real_microscope/vitis/platform/export/platform/hw/zedboard_real_microscope_wrapper.xsa -mem-ranges [list {0x40000000 0xbfffffff}] -regs
configparams force-mem-access 1
targets -set -nocase -filter {name =~"APU*"}
source C:/openTCSPC3/SRC/zedboard_real_microscope/vitis/app/_ide/psinit/ps7_init.tcl
ps7_init
ps7_post_config
targets -set -nocase -filter {name =~ "*A9*#0"}
dow C:/openTCSPC3/SRC/zedboard_real_microscope/vitis/app/Debug/app.elf
configparams force-mem-access 0
----------------End of Script----------------

19:19:53 INFO  : Context for processor 'ps7_cortexa9_0' is selected.
19:19:53 INFO  : 'con' command is executed.
19:19:53 INFO  : ----------------XSDB Script (After Launch)----------------
targets -set -nocase -filter {name =~ "*A9*#0"}
con
----------------End of Script----------------

19:19:53 INFO  : Launch script is exported to file 'C:\openTCSPC3\SRC\zedboard_real_microscope\vitis\app_system\_ide\scripts\systemdebugger_app_system_standalone.tcl'
19:20:50 INFO  : Disconnected from the channel tcfchan#10.
19:20:50 INFO  : Connected to target on host '127.0.0.1' and port '3121'.
19:20:50 INFO  : Jtag cable 'Digilent Zed 210248BD1333' is selected.
19:20:50 INFO  : 'jtag frequency' command is executed.
19:20:50 INFO  : Context for 'APU' is selected.
19:20:50 INFO  : System reset is completed.
19:20:53 INFO  : 'after 3000' command is executed.
19:20:53 INFO  : 'targets -set -filter {jtag_cable_name =~ "Digilent Zed 210248BD1333" && level==0 && jtag_device_ctx=="jsn-Zed-210248BD1333-23727093-0"}' command is executed.
19:20:55 INFO  : Device configured successfully with "C:/openTCSPC3/SRC/zedboard_real_microscope/vitis/app/_ide/bitstream/zedboard_real_microscope_wrapper.bit"
19:20:55 INFO  : Context for 'APU' is selected.
19:20:55 INFO  : Hardware design and registers information is loaded from 'C:/openTCSPC3/SRC/zedboard_real_microscope/vitis/platform/export/platform/hw/zedboard_real_microscope_wrapper.xsa'.
19:20:55 INFO  : 'configparams force-mem-access 1' command is executed.
19:20:55 INFO  : Context for 'APU' is selected.
19:20:55 INFO  : Sourcing of 'C:/openTCSPC3/SRC/zedboard_real_microscope/vitis/app/_ide/psinit/ps7_init.tcl' is done.
19:20:56 INFO  : 'ps7_init' command is executed.
19:20:56 INFO  : 'ps7_post_config' command is executed.
19:20:56 INFO  : Context for processor 'ps7_cortexa9_0' is selected.
19:21:03 INFO  : The application 'C:/openTCSPC3/SRC/zedboard_real_microscope/vitis/app/Debug/app.elf' is downloaded to processor 'ps7_cortexa9_0'.
19:21:03 INFO  : 'configparams force-mem-access 0' command is executed.
19:21:03 INFO  : ----------------XSDB Script----------------
connect -url tcp:127.0.0.1:3121
targets -set -nocase -filter {name =~"APU*"}
rst -system
after 3000
targets -set -filter {jtag_cable_name =~ "Digilent Zed 210248BD1333" && level==0 && jtag_device_ctx=="jsn-Zed-210248BD1333-23727093-0"}
fpga -file C:/openTCSPC3/SRC/zedboard_real_microscope/vitis/app/_ide/bitstream/zedboard_real_microscope_wrapper.bit
targets -set -nocase -filter {name =~"APU*"}
loadhw -hw C:/openTCSPC3/SRC/zedboard_real_microscope/vitis/platform/export/platform/hw/zedboard_real_microscope_wrapper.xsa -mem-ranges [list {0x40000000 0xbfffffff}] -regs
configparams force-mem-access 1
targets -set -nocase -filter {name =~"APU*"}
source C:/openTCSPC3/SRC/zedboard_real_microscope/vitis/app/_ide/psinit/ps7_init.tcl
ps7_init
ps7_post_config
targets -set -nocase -filter {name =~ "*A9*#0"}
dow C:/openTCSPC3/SRC/zedboard_real_microscope/vitis/app/Debug/app.elf
configparams force-mem-access 0
----------------End of Script----------------

19:21:03 INFO  : Context for processor 'ps7_cortexa9_0' is selected.
19:21:03 INFO  : 'con' command is executed.
19:21:03 INFO  : ----------------XSDB Script (After Launch)----------------
targets -set -nocase -filter {name =~ "*A9*#0"}
con
----------------End of Script----------------

19:21:03 INFO  : Launch script is exported to file 'C:\openTCSPC3\SRC\zedboard_real_microscope\vitis\app_system\_ide\scripts\systemdebugger_app_system_standalone.tcl'
19:32:59 INFO  : Disconnected from the channel tcfchan#11.
19:33:00 ERROR : (XRT Server)C:/Xilinx/Vitis/2024.2/bin/unwrapped/win64.o/xrt_server.exe: error: illegal option '-'
Usage: agent [OPTION]...
Start Target Communication Framework agent.
  -d               run in daemon mode (output is sent to system logger)
  -i               run in interactive mode
  -L<file>         enable logging, use -L- to send log to stderr
  -l<level>        set log level, the level is comma separated list of:
      alloc        memory allocation and deallocation (0x1)
      eventcore    main event queue (0x2)
      waitpid      waitpid() events (0x4)
      events       low-level debugger events (0x8)
      protocol     communication protocol (0x20)
      context      debug context actions (0x40)
      children     debug context children (0x10)
      discovery    discovery (0x80)
      asyncreq     async I/O (0x100)
      proxy        proxy state (0x200)
      tcflog       proxy traffic (0x400)
      elf          ELF reader (0x800)
      stack        stack trace service (0x2000)
      plugin       plugins (0x4000)
      shutdown     shutdown of subsystems (0x8000)
      disasm       disassembly service (0x10000)
  -s<url>          set agent listening port and protocol, default is tcp::0
  -S               print server properties in Json format to stdout
  -g<port>         start GDB Remote Serial Protocol server at the specified TCP port
  -I<idle-seconds> exit if there are no connections for the specified time

19:34:00 ERROR : Timed out. 60 seconds have elapsed while waiting for the XRT server to launch.
19:34:02 INFO  : Connected to target on host '127.0.0.1' and port '3121'.
19:34:03 INFO  : Jtag cable 'Digilent Zed 210248BD1333' is selected.
19:34:03 INFO  : 'jtag frequency' command is executed.
19:34:03 INFO  : Context for 'APU' is selected.
19:34:03 INFO  : System reset is completed.
19:34:06 INFO  : 'after 3000' command is executed.
19:34:06 INFO  : 'targets -set -filter {jtag_cable_name =~ "Digilent Zed 210248BD1333" && level==0 && jtag_device_ctx=="jsn-Zed-210248BD1333-23727093-0"}' command is executed.
19:34:08 INFO  : Device configured successfully with "C:/openTCSPC3/SRC/zedboard_real_microscope/vitis/app/_ide/bitstream/zedboard_real_microscope_wrapper.bit"
19:34:08 INFO  : Context for 'APU' is selected.
19:34:08 INFO  : Hardware design and registers information is loaded from 'C:/openTCSPC3/SRC/zedboard_real_microscope/vitis/platform/export/platform/hw/zedboard_real_microscope_wrapper.xsa'.
19:34:08 INFO  : 'configparams force-mem-access 1' command is executed.
19:34:08 INFO  : Context for 'APU' is selected.
19:34:08 INFO  : Sourcing of 'C:/openTCSPC3/SRC/zedboard_real_microscope/vitis/app/_ide/psinit/ps7_init.tcl' is done.
19:34:09 INFO  : 'ps7_init' command is executed.
19:34:09 INFO  : 'ps7_post_config' command is executed.
19:34:09 INFO  : Context for processor 'ps7_cortexa9_0' is selected.
19:34:15 INFO  : The application 'C:/openTCSPC3/SRC/zedboard_real_microscope/vitis/app/Debug/app.elf' is downloaded to processor 'ps7_cortexa9_0'.
19:34:15 INFO  : 'configparams force-mem-access 0' command is executed.
19:34:15 INFO  : ----------------XSDB Script----------------
connect -url tcp:127.0.0.1:3121
targets -set -nocase -filter {name =~"APU*"}
rst -system
after 3000
targets -set -filter {jtag_cable_name =~ "Digilent Zed 210248BD1333" && level==0 && jtag_device_ctx=="jsn-Zed-210248BD1333-23727093-0"}
fpga -file C:/openTCSPC3/SRC/zedboard_real_microscope/vitis/app/_ide/bitstream/zedboard_real_microscope_wrapper.bit
targets -set -nocase -filter {name =~"APU*"}
loadhw -hw C:/openTCSPC3/SRC/zedboard_real_microscope/vitis/platform/export/platform/hw/zedboard_real_microscope_wrapper.xsa -mem-ranges [list {0x40000000 0xbfffffff}] -regs
configparams force-mem-access 1
targets -set -nocase -filter {name =~"APU*"}
source C:/openTCSPC3/SRC/zedboard_real_microscope/vitis/app/_ide/psinit/ps7_init.tcl
ps7_init
ps7_post_config
targets -set -nocase -filter {name =~ "*A9*#0"}
dow C:/openTCSPC3/SRC/zedboard_real_microscope/vitis/app/Debug/app.elf
configparams force-mem-access 0
----------------End of Script----------------

19:34:16 INFO  : Context for processor 'ps7_cortexa9_0' is selected.
19:34:16 INFO  : 'con' command is executed.
19:34:16 INFO  : ----------------XSDB Script (After Launch)----------------
targets -set -nocase -filter {name =~ "*A9*#0"}
con
----------------End of Script----------------

19:34:16 INFO  : Launch script is exported to file 'C:\openTCSPC3\SRC\zedboard_real_microscope\vitis\app_system\_ide\scripts\systemdebugger_app_system_standalone.tcl'
21:00:49 INFO  : Checking for BSP changes to sync application flags for project 'app'...
21:01:33 INFO  : Checking for BSP changes to sync application flags for project 'app'...
21:01:48 INFO  : Disconnected from the channel tcfchan#12.
21:01:48 INFO  : Connected to target on host '127.0.0.1' and port '3121'.
21:01:48 INFO  : Jtag cable 'Digilent Zed 210248BD1333' is selected.
21:01:48 INFO  : 'jtag frequency' command is executed.
21:01:48 INFO  : Context for 'APU' is selected.
21:01:49 INFO  : System reset is completed.
21:01:52 INFO  : 'after 3000' command is executed.
21:01:52 INFO  : 'targets -set -filter {jtag_cable_name =~ "Digilent Zed 210248BD1333" && level==0 && jtag_device_ctx=="jsn-Zed-210248BD1333-23727093-0"}' command is executed.
21:01:54 INFO  : Device configured successfully with "C:/openTCSPC3/SRC/zedboard_real_microscope/vitis/app/_ide/bitstream/zedboard_real_microscope_wrapper.bit"
21:01:54 INFO  : Context for 'APU' is selected.
21:01:54 INFO  : Hardware design and registers information is loaded from 'C:/openTCSPC3/SRC/zedboard_real_microscope/vitis/platform/export/platform/hw/zedboard_real_microscope_wrapper.xsa'.
21:01:54 INFO  : 'configparams force-mem-access 1' command is executed.
21:01:54 INFO  : Context for 'APU' is selected.
21:01:54 INFO  : Sourcing of 'C:/openTCSPC3/SRC/zedboard_real_microscope/vitis/app/_ide/psinit/ps7_init.tcl' is done.
21:01:54 INFO  : 'ps7_init' command is executed.
21:01:54 INFO  : 'ps7_post_config' command is executed.
21:01:54 INFO  : Context for processor 'ps7_cortexa9_0' is selected.
21:02:01 INFO  : The application 'C:/openTCSPC3/SRC/zedboard_real_microscope/vitis/app/Debug/app.elf' is downloaded to processor 'ps7_cortexa9_0'.
21:02:01 INFO  : 'configparams force-mem-access 0' command is executed.
21:02:01 INFO  : ----------------XSDB Script----------------
connect -url tcp:127.0.0.1:3121
targets -set -nocase -filter {name =~"APU*"}
rst -system
after 3000
targets -set -filter {jtag_cable_name =~ "Digilent Zed 210248BD1333" && level==0 && jtag_device_ctx=="jsn-Zed-210248BD1333-23727093-0"}
fpga -file C:/openTCSPC3/SRC/zedboard_real_microscope/vitis/app/_ide/bitstream/zedboard_real_microscope_wrapper.bit
targets -set -nocase -filter {name =~"APU*"}
loadhw -hw C:/openTCSPC3/SRC/zedboard_real_microscope/vitis/platform/export/platform/hw/zedboard_real_microscope_wrapper.xsa -mem-ranges [list {0x40000000 0xbfffffff}] -regs
configparams force-mem-access 1
targets -set -nocase -filter {name =~"APU*"}
source C:/openTCSPC3/SRC/zedboard_real_microscope/vitis/app/_ide/psinit/ps7_init.tcl
ps7_init
ps7_post_config
targets -set -nocase -filter {name =~ "*A9*#0"}
dow C:/openTCSPC3/SRC/zedboard_real_microscope/vitis/app/Debug/app.elf
configparams force-mem-access 0
----------------End of Script----------------

21:02:02 INFO  : Context for processor 'ps7_cortexa9_0' is selected.
21:02:02 INFO  : 'con' command is executed.
21:02:02 INFO  : ----------------XSDB Script (After Launch)----------------
targets -set -nocase -filter {name =~ "*A9*#0"}
con
----------------End of Script----------------

21:02:02 INFO  : Launch script is exported to file 'C:\openTCSPC3\SRC\zedboard_real_microscope\vitis\app_system\_ide\scripts\systemdebugger_app_system_standalone.tcl'
21:02:43 INFO  : Disconnected from the channel tcfchan#13.
21:02:43 INFO  : Connected to target on host '127.0.0.1' and port '3121'.
21:02:43 INFO  : Jtag cable 'Digilent Zed 210248BD1333' is selected.
21:02:43 INFO  : 'jtag frequency' command is executed.
21:02:44 INFO  : Context for 'APU' is selected.
21:02:44 INFO  : System reset is completed.
21:02:47 INFO  : 'after 3000' command is executed.
21:02:47 INFO  : 'targets -set -filter {jtag_cable_name =~ "Digilent Zed 210248BD1333" && level==0 && jtag_device_ctx=="jsn-Zed-210248BD1333-23727093-0"}' command is executed.
21:02:49 INFO  : Device configured successfully with "C:/openTCSPC3/SRC/zedboard_real_microscope/vitis/app/_ide/bitstream/zedboard_real_microscope_wrapper.bit"
21:02:49 INFO  : Context for 'APU' is selected.
21:02:49 INFO  : Hardware design and registers information is loaded from 'C:/openTCSPC3/SRC/zedboard_real_microscope/vitis/platform/export/platform/hw/zedboard_real_microscope_wrapper.xsa'.
21:02:49 INFO  : 'configparams force-mem-access 1' command is executed.
21:02:49 INFO  : Context for 'APU' is selected.
21:02:49 INFO  : Sourcing of 'C:/openTCSPC3/SRC/zedboard_real_microscope/vitis/app/_ide/psinit/ps7_init.tcl' is done.
21:02:49 INFO  : 'ps7_init' command is executed.
21:02:49 INFO  : 'ps7_post_config' command is executed.
21:02:49 INFO  : Context for processor 'ps7_cortexa9_0' is selected.
21:02:56 INFO  : The application 'C:/openTCSPC3/SRC/zedboard_real_microscope/vitis/app/Debug/app.elf' is downloaded to processor 'ps7_cortexa9_0'.
21:02:56 INFO  : 'configparams force-mem-access 0' command is executed.
21:02:56 INFO  : ----------------XSDB Script----------------
connect -url tcp:127.0.0.1:3121
targets -set -nocase -filter {name =~"APU*"}
rst -system
after 3000
targets -set -filter {jtag_cable_name =~ "Digilent Zed 210248BD1333" && level==0 && jtag_device_ctx=="jsn-Zed-210248BD1333-23727093-0"}
fpga -file C:/openTCSPC3/SRC/zedboard_real_microscope/vitis/app/_ide/bitstream/zedboard_real_microscope_wrapper.bit
targets -set -nocase -filter {name =~"APU*"}
loadhw -hw C:/openTCSPC3/SRC/zedboard_real_microscope/vitis/platform/export/platform/hw/zedboard_real_microscope_wrapper.xsa -mem-ranges [list {0x40000000 0xbfffffff}] -regs
configparams force-mem-access 1
targets -set -nocase -filter {name =~"APU*"}
source C:/openTCSPC3/SRC/zedboard_real_microscope/vitis/app/_ide/psinit/ps7_init.tcl
ps7_init
ps7_post_config
targets -set -nocase -filter {name =~ "*A9*#0"}
dow C:/openTCSPC3/SRC/zedboard_real_microscope/vitis/app/Debug/app.elf
configparams force-mem-access 0
----------------End of Script----------------

21:02:56 INFO  : Context for processor 'ps7_cortexa9_0' is selected.
21:02:56 INFO  : 'con' command is executed.
21:02:56 INFO  : ----------------XSDB Script (After Launch)----------------
targets -set -nocase -filter {name =~ "*A9*#0"}
con
----------------End of Script----------------

21:02:56 INFO  : Launch script is exported to file 'C:\openTCSPC3\SRC\zedboard_real_microscope\vitis\app_system\_ide\scripts\systemdebugger_app_system_standalone.tcl'
21:05:30 INFO  : Checking for BSP changes to sync application flags for project 'app'...
21:07:21 INFO  : Checking for BSP changes to sync application flags for project 'app'...
21:08:03 INFO  : Disconnected from the channel tcfchan#14.
21:08:03 INFO  : Connected to target on host '127.0.0.1' and port '3121'.
21:08:04 INFO  : Jtag cable 'Digilent Zed 210248BD1333' is selected.
21:08:04 INFO  : 'jtag frequency' command is executed.
21:08:04 INFO  : Context for 'APU' is selected.
21:08:04 INFO  : System reset is completed.
21:08:07 INFO  : 'after 3000' command is executed.
21:08:07 INFO  : 'targets -set -filter {jtag_cable_name =~ "Digilent Zed 210248BD1333" && level==0 && jtag_device_ctx=="jsn-Zed-210248BD1333-23727093-0"}' command is executed.
21:08:09 INFO  : Device configured successfully with "C:/openTCSPC3/SRC/zedboard_real_microscope/vitis/app/_ide/bitstream/zedboard_real_microscope_wrapper.bit"
21:08:09 INFO  : Context for 'APU' is selected.
21:08:09 INFO  : Hardware design and registers information is loaded from 'C:/openTCSPC3/SRC/zedboard_real_microscope/vitis/platform/export/platform/hw/zedboard_real_microscope_wrapper.xsa'.
21:08:09 INFO  : 'configparams force-mem-access 1' command is executed.
21:08:09 INFO  : Context for 'APU' is selected.
21:08:09 INFO  : Sourcing of 'C:/openTCSPC3/SRC/zedboard_real_microscope/vitis/app/_ide/psinit/ps7_init.tcl' is done.
21:08:10 INFO  : 'ps7_init' command is executed.
21:08:10 INFO  : 'ps7_post_config' command is executed.
21:08:10 INFO  : Context for processor 'ps7_cortexa9_0' is selected.
21:08:16 INFO  : The application 'C:/openTCSPC3/SRC/zedboard_real_microscope/vitis/app/Debug/app.elf' is downloaded to processor 'ps7_cortexa9_0'.
21:08:17 INFO  : 'configparams force-mem-access 0' command is executed.
21:08:17 INFO  : ----------------XSDB Script----------------
connect -url tcp:127.0.0.1:3121
targets -set -nocase -filter {name =~"APU*"}
rst -system
after 3000
targets -set -filter {jtag_cable_name =~ "Digilent Zed 210248BD1333" && level==0 && jtag_device_ctx=="jsn-Zed-210248BD1333-23727093-0"}
fpga -file C:/openTCSPC3/SRC/zedboard_real_microscope/vitis/app/_ide/bitstream/zedboard_real_microscope_wrapper.bit
targets -set -nocase -filter {name =~"APU*"}
loadhw -hw C:/openTCSPC3/SRC/zedboard_real_microscope/vitis/platform/export/platform/hw/zedboard_real_microscope_wrapper.xsa -mem-ranges [list {0x40000000 0xbfffffff}] -regs
configparams force-mem-access 1
targets -set -nocase -filter {name =~"APU*"}
source C:/openTCSPC3/SRC/zedboard_real_microscope/vitis/app/_ide/psinit/ps7_init.tcl
ps7_init
ps7_post_config
targets -set -nocase -filter {name =~ "*A9*#0"}
dow C:/openTCSPC3/SRC/zedboard_real_microscope/vitis/app/Debug/app.elf
configparams force-mem-access 0
----------------End of Script----------------

21:08:17 INFO  : Context for processor 'ps7_cortexa9_0' is selected.
21:08:17 INFO  : 'con' command is executed.
21:08:17 INFO  : ----------------XSDB Script (After Launch)----------------
targets -set -nocase -filter {name =~ "*A9*#0"}
con
----------------End of Script----------------

21:08:17 INFO  : Launch script is exported to file 'C:\openTCSPC3\SRC\zedboard_real_microscope\vitis\app_system\_ide\scripts\systemdebugger_app_system_standalone.tcl'
21:10:52 INFO  : Checking for BSP changes to sync application flags for project 'app'...
21:10:59 INFO  : Disconnected from the channel tcfchan#15.
21:10:59 INFO  : Connected to target on host '127.0.0.1' and port '3121'.
21:10:59 INFO  : Jtag cable 'Digilent Zed 210248BD1333' is selected.
21:10:59 INFO  : 'jtag frequency' command is executed.
21:10:59 INFO  : Context for 'APU' is selected.
21:10:59 INFO  : System reset is completed.
21:11:02 INFO  : 'after 3000' command is executed.
21:11:02 INFO  : 'targets -set -filter {jtag_cable_name =~ "Digilent Zed 210248BD1333" && level==0 && jtag_device_ctx=="jsn-Zed-210248BD1333-23727093-0"}' command is executed.
21:11:05 INFO  : Device configured successfully with "C:/openTCSPC3/SRC/zedboard_real_microscope/vitis/app/_ide/bitstream/zedboard_real_microscope_wrapper.bit"
21:11:05 INFO  : Context for 'APU' is selected.
21:11:05 INFO  : Hardware design and registers information is loaded from 'C:/openTCSPC3/SRC/zedboard_real_microscope/vitis/platform/export/platform/hw/zedboard_real_microscope_wrapper.xsa'.
21:11:05 INFO  : 'configparams force-mem-access 1' command is executed.
21:11:05 INFO  : Context for 'APU' is selected.
21:11:05 INFO  : Sourcing of 'C:/openTCSPC3/SRC/zedboard_real_microscope/vitis/app/_ide/psinit/ps7_init.tcl' is done.
21:11:05 INFO  : 'ps7_init' command is executed.
21:11:05 INFO  : 'ps7_post_config' command is executed.
21:11:05 INFO  : Context for processor 'ps7_cortexa9_0' is selected.
21:11:12 INFO  : The application 'C:/openTCSPC3/SRC/zedboard_real_microscope/vitis/app/Debug/app.elf' is downloaded to processor 'ps7_cortexa9_0'.
21:11:12 INFO  : 'configparams force-mem-access 0' command is executed.
21:11:12 INFO  : ----------------XSDB Script----------------
connect -url tcp:127.0.0.1:3121
targets -set -nocase -filter {name =~"APU*"}
rst -system
after 3000
targets -set -filter {jtag_cable_name =~ "Digilent Zed 210248BD1333" && level==0 && jtag_device_ctx=="jsn-Zed-210248BD1333-23727093-0"}
fpga -file C:/openTCSPC3/SRC/zedboard_real_microscope/vitis/app/_ide/bitstream/zedboard_real_microscope_wrapper.bit
targets -set -nocase -filter {name =~"APU*"}
loadhw -hw C:/openTCSPC3/SRC/zedboard_real_microscope/vitis/platform/export/platform/hw/zedboard_real_microscope_wrapper.xsa -mem-ranges [list {0x40000000 0xbfffffff}] -regs
configparams force-mem-access 1
targets -set -nocase -filter {name =~"APU*"}
source C:/openTCSPC3/SRC/zedboard_real_microscope/vitis/app/_ide/psinit/ps7_init.tcl
ps7_init
ps7_post_config
targets -set -nocase -filter {name =~ "*A9*#0"}
dow C:/openTCSPC3/SRC/zedboard_real_microscope/vitis/app/Debug/app.elf
configparams force-mem-access 0
----------------End of Script----------------

21:11:12 INFO  : Context for processor 'ps7_cortexa9_0' is selected.
21:11:12 INFO  : 'con' command is executed.
21:11:12 INFO  : ----------------XSDB Script (After Launch)----------------
targets -set -nocase -filter {name =~ "*A9*#0"}
con
----------------End of Script----------------

21:11:12 INFO  : Launch script is exported to file 'C:\openTCSPC3\SRC\zedboard_real_microscope\vitis\app_system\_ide\scripts\systemdebugger_app_system_standalone.tcl'
21:12:55 INFO  : Checking for BSP changes to sync application flags for project 'app'...
21:13:05 INFO  : Disconnected from the channel tcfchan#16.
21:13:05 INFO  : Connected to target on host '127.0.0.1' and port '3121'.
21:13:05 INFO  : Jtag cable 'Digilent Zed 210248BD1333' is selected.
21:13:05 INFO  : 'jtag frequency' command is executed.
21:13:05 INFO  : Context for 'APU' is selected.
21:13:05 INFO  : System reset is completed.
21:13:08 INFO  : 'after 3000' command is executed.
21:13:08 INFO  : 'targets -set -filter {jtag_cable_name =~ "Digilent Zed 210248BD1333" && level==0 && jtag_device_ctx=="jsn-Zed-210248BD1333-23727093-0"}' command is executed.
21:13:11 INFO  : Device configured successfully with "C:/openTCSPC3/SRC/zedboard_real_microscope/vitis/app/_ide/bitstream/zedboard_real_microscope_wrapper.bit"
21:13:11 INFO  : Context for 'APU' is selected.
21:13:11 INFO  : Hardware design and registers information is loaded from 'C:/openTCSPC3/SRC/zedboard_real_microscope/vitis/platform/export/platform/hw/zedboard_real_microscope_wrapper.xsa'.
21:13:11 INFO  : 'configparams force-mem-access 1' command is executed.
21:13:11 INFO  : Context for 'APU' is selected.
21:13:11 INFO  : Sourcing of 'C:/openTCSPC3/SRC/zedboard_real_microscope/vitis/app/_ide/psinit/ps7_init.tcl' is done.
21:13:11 INFO  : 'ps7_init' command is executed.
21:13:11 INFO  : 'ps7_post_config' command is executed.
21:13:11 INFO  : Context for processor 'ps7_cortexa9_0' is selected.
21:13:18 INFO  : The application 'C:/openTCSPC3/SRC/zedboard_real_microscope/vitis/app/Debug/app.elf' is downloaded to processor 'ps7_cortexa9_0'.
21:13:18 INFO  : 'configparams force-mem-access 0' command is executed.
21:13:18 INFO  : ----------------XSDB Script----------------
connect -url tcp:127.0.0.1:3121
targets -set -nocase -filter {name =~"APU*"}
rst -system
after 3000
targets -set -filter {jtag_cable_name =~ "Digilent Zed 210248BD1333" && level==0 && jtag_device_ctx=="jsn-Zed-210248BD1333-23727093-0"}
fpga -file C:/openTCSPC3/SRC/zedboard_real_microscope/vitis/app/_ide/bitstream/zedboard_real_microscope_wrapper.bit
targets -set -nocase -filter {name =~"APU*"}
loadhw -hw C:/openTCSPC3/SRC/zedboard_real_microscope/vitis/platform/export/platform/hw/zedboard_real_microscope_wrapper.xsa -mem-ranges [list {0x40000000 0xbfffffff}] -regs
configparams force-mem-access 1
targets -set -nocase -filter {name =~"APU*"}
source C:/openTCSPC3/SRC/zedboard_real_microscope/vitis/app/_ide/psinit/ps7_init.tcl
ps7_init
ps7_post_config
targets -set -nocase -filter {name =~ "*A9*#0"}
dow C:/openTCSPC3/SRC/zedboard_real_microscope/vitis/app/Debug/app.elf
configparams force-mem-access 0
----------------End of Script----------------

21:13:18 INFO  : Context for processor 'ps7_cortexa9_0' is selected.
21:13:18 INFO  : 'con' command is executed.
21:13:18 INFO  : ----------------XSDB Script (After Launch)----------------
targets -set -nocase -filter {name =~ "*A9*#0"}
con
----------------End of Script----------------

21:13:18 INFO  : Launch script is exported to file 'C:\openTCSPC3\SRC\zedboard_real_microscope\vitis\app_system\_ide\scripts\systemdebugger_app_system_standalone.tcl'
21:14:48 INFO  : Checking for BSP changes to sync application flags for project 'app'...
21:15:05 INFO  : Disconnected from the channel tcfchan#17.
21:15:05 INFO  : Connected to target on host '127.0.0.1' and port '3121'.
21:15:06 INFO  : Jtag cable 'Digilent Zed 210248BD1333' is selected.
21:15:06 INFO  : 'jtag frequency' command is executed.
21:15:06 INFO  : Context for 'APU' is selected.
21:15:06 INFO  : System reset is completed.
21:15:09 INFO  : 'after 3000' command is executed.
21:15:09 INFO  : 'targets -set -filter {jtag_cable_name =~ "Digilent Zed 210248BD1333" && level==0 && jtag_device_ctx=="jsn-Zed-210248BD1333-23727093-0"}' command is executed.
21:15:11 INFO  : Device configured successfully with "C:/openTCSPC3/SRC/zedboard_real_microscope/vitis/app/_ide/bitstream/zedboard_real_microscope_wrapper.bit"
21:15:11 INFO  : Context for 'APU' is selected.
21:15:11 INFO  : Hardware design and registers information is loaded from 'C:/openTCSPC3/SRC/zedboard_real_microscope/vitis/platform/export/platform/hw/zedboard_real_microscope_wrapper.xsa'.
21:15:11 INFO  : 'configparams force-mem-access 1' command is executed.
21:15:11 INFO  : Context for 'APU' is selected.
21:15:11 INFO  : Sourcing of 'C:/openTCSPC3/SRC/zedboard_real_microscope/vitis/app/_ide/psinit/ps7_init.tcl' is done.
21:15:12 INFO  : 'ps7_init' command is executed.
21:15:12 INFO  : 'ps7_post_config' command is executed.
21:15:12 INFO  : Context for processor 'ps7_cortexa9_0' is selected.
21:15:18 INFO  : The application 'C:/openTCSPC3/SRC/zedboard_real_microscope/vitis/app/Debug/app.elf' is downloaded to processor 'ps7_cortexa9_0'.
21:15:18 INFO  : 'configparams force-mem-access 0' command is executed.
21:15:18 INFO  : ----------------XSDB Script----------------
connect -url tcp:127.0.0.1:3121
targets -set -nocase -filter {name =~"APU*"}
rst -system
after 3000
targets -set -filter {jtag_cable_name =~ "Digilent Zed 210248BD1333" && level==0 && jtag_device_ctx=="jsn-Zed-210248BD1333-23727093-0"}
fpga -file C:/openTCSPC3/SRC/zedboard_real_microscope/vitis/app/_ide/bitstream/zedboard_real_microscope_wrapper.bit
targets -set -nocase -filter {name =~"APU*"}
loadhw -hw C:/openTCSPC3/SRC/zedboard_real_microscope/vitis/platform/export/platform/hw/zedboard_real_microscope_wrapper.xsa -mem-ranges [list {0x40000000 0xbfffffff}] -regs
configparams force-mem-access 1
targets -set -nocase -filter {name =~"APU*"}
source C:/openTCSPC3/SRC/zedboard_real_microscope/vitis/app/_ide/psinit/ps7_init.tcl
ps7_init
ps7_post_config
targets -set -nocase -filter {name =~ "*A9*#0"}
dow C:/openTCSPC3/SRC/zedboard_real_microscope/vitis/app/Debug/app.elf
configparams force-mem-access 0
----------------End of Script----------------

21:15:19 INFO  : Context for processor 'ps7_cortexa9_0' is selected.
21:15:19 INFO  : 'con' command is executed.
21:15:19 INFO  : ----------------XSDB Script (After Launch)----------------
targets -set -nocase -filter {name =~ "*A9*#0"}
con
----------------End of Script----------------

21:15:19 INFO  : Launch script is exported to file 'C:\openTCSPC3\SRC\zedboard_real_microscope\vitis\app_system\_ide\scripts\systemdebugger_app_system_standalone.tcl'
21:22:03 INFO  : Disconnected from the channel tcfchan#18.
21:22:04 ERROR : (XRT Server)C:/Xilinx/Vitis/2024.2/bin/unwrapped/win64.o/xrt_server.exe: error: illegal option '-'
Usage: agent [OPTION]...
Start Target Communication Framework agent.
  -d               run in daemon mode (output is sent to system logger)
  -i               run in interactive mode
  -L<file>         enable logging, use -L- to send log to stderr
  -l<level>        set log level, the level is comma separated list of:
      alloc        memory allocation and deallocation (0x1)
      eventcore    main event queue (0x2)
      waitpid      waitpid() events (0x4)
      events       low-level debugger events (0x8)
      protocol     communication protocol (0x20)
      context      debug context actions (0x40)
      children     debug context children (0x10)
      discovery    discovery (0x80)
      asyncreq     async I/O (0x100)
      proxy        proxy state (0x200)
      tcflog       proxy traffic (0x400)
      elf          ELF reader (0x800)
      stack        stack trace service (0x2000)
      plugin       plugins (0x4000)
      shutdown     shutdown of subsystems (0x8000)
      disasm       disassembly service (0x10000)
  -s<url>          set agent listening port and protocol, default is tcp::0
  -S               print server properties in Json format to stdout
  -g<port>         start GDB Remote Serial Protocol server at the specified TCP port
  -I<idle-seconds> exit if there are no connections for the specified time

21:23:04 ERROR : Timed out. 60 seconds have elapsed while waiting for the XRT server to launch.
21:23:06 INFO  : Connected to target on host '127.0.0.1' and port '3121'.
21:23:07 INFO  : Jtag cable 'Digilent Zed 210248BD1333' is selected.
21:23:07 INFO  : 'jtag frequency' command is executed.
21:23:07 INFO  : Context for 'APU' is selected.
21:23:07 INFO  : System reset is completed.
21:23:10 INFO  : 'after 3000' command is executed.
21:23:10 INFO  : 'targets -set -filter {jtag_cable_name =~ "Digilent Zed 210248BD1333" && level==0 && jtag_device_ctx=="jsn-Zed-210248BD1333-23727093-0"}' command is executed.
21:23:12 INFO  : Device configured successfully with "C:/openTCSPC3/SRC/zedboard_real_microscope/vitis/app/_ide/bitstream/zedboard_real_microscope_wrapper.bit"
21:23:12 INFO  : Context for 'APU' is selected.
21:23:13 INFO  : Hardware design and registers information is loaded from 'C:/openTCSPC3/SRC/zedboard_real_microscope/vitis/platform/export/platform/hw/zedboard_real_microscope_wrapper.xsa'.
21:23:13 INFO  : 'configparams force-mem-access 1' command is executed.
21:23:13 INFO  : Context for 'APU' is selected.
21:23:13 INFO  : Sourcing of 'C:/openTCSPC3/SRC/zedboard_real_microscope/vitis/app/_ide/psinit/ps7_init.tcl' is done.
21:23:13 INFO  : 'ps7_init' command is executed.
21:23:13 INFO  : 'ps7_post_config' command is executed.
21:23:13 INFO  : Context for processor 'ps7_cortexa9_0' is selected.
21:23:20 INFO  : The application 'C:/openTCSPC3/SRC/zedboard_real_microscope/vitis/app/Debug/app.elf' is downloaded to processor 'ps7_cortexa9_0'.
21:23:20 INFO  : 'configparams force-mem-access 0' command is executed.
21:23:20 INFO  : ----------------XSDB Script----------------
connect -url tcp:127.0.0.1:3121
targets -set -nocase -filter {name =~"APU*"}
rst -system
after 3000
targets -set -filter {jtag_cable_name =~ "Digilent Zed 210248BD1333" && level==0 && jtag_device_ctx=="jsn-Zed-210248BD1333-23727093-0"}
fpga -file C:/openTCSPC3/SRC/zedboard_real_microscope/vitis/app/_ide/bitstream/zedboard_real_microscope_wrapper.bit
targets -set -nocase -filter {name =~"APU*"}
loadhw -hw C:/openTCSPC3/SRC/zedboard_real_microscope/vitis/platform/export/platform/hw/zedboard_real_microscope_wrapper.xsa -mem-ranges [list {0x40000000 0xbfffffff}] -regs
configparams force-mem-access 1
targets -set -nocase -filter {name =~"APU*"}
source C:/openTCSPC3/SRC/zedboard_real_microscope/vitis/app/_ide/psinit/ps7_init.tcl
ps7_init
ps7_post_config
targets -set -nocase -filter {name =~ "*A9*#0"}
dow C:/openTCSPC3/SRC/zedboard_real_microscope/vitis/app/Debug/app.elf
configparams force-mem-access 0
----------------End of Script----------------

21:23:20 INFO  : Context for processor 'ps7_cortexa9_0' is selected.
21:23:20 INFO  : 'con' command is executed.
21:23:20 INFO  : ----------------XSDB Script (After Launch)----------------
targets -set -nocase -filter {name =~ "*A9*#0"}
con
----------------End of Script----------------

21:23:20 INFO  : Launch script is exported to file 'C:\openTCSPC3\SRC\zedboard_real_microscope\vitis\app_system\_ide\scripts\systemdebugger_app_system_standalone.tcl'
21:25:01 INFO  : Checking for BSP changes to sync application flags for project 'app'...
21:25:14 INFO  : Disconnected from the channel tcfchan#19.
21:25:15 INFO  : Connected to target on host '127.0.0.1' and port '3121'.
21:25:15 INFO  : Jtag cable 'Digilent Zed 210248BD1333' is selected.
21:25:15 INFO  : 'jtag frequency' command is executed.
21:25:15 INFO  : Context for 'APU' is selected.
21:25:15 INFO  : System reset is completed.
21:25:18 INFO  : 'after 3000' command is executed.
21:25:18 INFO  : 'targets -set -filter {jtag_cable_name =~ "Digilent Zed 210248BD1333" && level==0 && jtag_device_ctx=="jsn-Zed-210248BD1333-23727093-0"}' command is executed.
21:25:20 INFO  : Device configured successfully with "C:/openTCSPC3/SRC/zedboard_real_microscope/vitis/app/_ide/bitstream/zedboard_real_microscope_wrapper.bit"
21:25:20 INFO  : Context for 'APU' is selected.
21:25:20 INFO  : Hardware design and registers information is loaded from 'C:/openTCSPC3/SRC/zedboard_real_microscope/vitis/platform/export/platform/hw/zedboard_real_microscope_wrapper.xsa'.
21:25:20 INFO  : 'configparams force-mem-access 1' command is executed.
21:25:20 INFO  : Context for 'APU' is selected.
21:25:20 INFO  : Sourcing of 'C:/openTCSPC3/SRC/zedboard_real_microscope/vitis/app/_ide/psinit/ps7_init.tcl' is done.
21:25:21 INFO  : 'ps7_init' command is executed.
21:25:21 INFO  : 'ps7_post_config' command is executed.
21:25:21 INFO  : Context for processor 'ps7_cortexa9_0' is selected.
21:25:27 INFO  : The application 'C:/openTCSPC3/SRC/zedboard_real_microscope/vitis/app/Debug/app.elf' is downloaded to processor 'ps7_cortexa9_0'.
21:25:28 INFO  : 'configparams force-mem-access 0' command is executed.
21:25:28 INFO  : ----------------XSDB Script----------------
connect -url tcp:127.0.0.1:3121
targets -set -nocase -filter {name =~"APU*"}
rst -system
after 3000
targets -set -filter {jtag_cable_name =~ "Digilent Zed 210248BD1333" && level==0 && jtag_device_ctx=="jsn-Zed-210248BD1333-23727093-0"}
fpga -file C:/openTCSPC3/SRC/zedboard_real_microscope/vitis/app/_ide/bitstream/zedboard_real_microscope_wrapper.bit
targets -set -nocase -filter {name =~"APU*"}
loadhw -hw C:/openTCSPC3/SRC/zedboard_real_microscope/vitis/platform/export/platform/hw/zedboard_real_microscope_wrapper.xsa -mem-ranges [list {0x40000000 0xbfffffff}] -regs
configparams force-mem-access 1
targets -set -nocase -filter {name =~"APU*"}
source C:/openTCSPC3/SRC/zedboard_real_microscope/vitis/app/_ide/psinit/ps7_init.tcl
ps7_init
ps7_post_config
targets -set -nocase -filter {name =~ "*A9*#0"}
dow C:/openTCSPC3/SRC/zedboard_real_microscope/vitis/app/Debug/app.elf
configparams force-mem-access 0
----------------End of Script----------------

21:25:28 INFO  : Context for processor 'ps7_cortexa9_0' is selected.
21:25:28 INFO  : 'con' command is executed.
21:25:28 INFO  : ----------------XSDB Script (After Launch)----------------
targets -set -nocase -filter {name =~ "*A9*#0"}
con
----------------End of Script----------------

21:25:28 INFO  : Launch script is exported to file 'C:\openTCSPC3\SRC\zedboard_real_microscope\vitis\app_system\_ide\scripts\systemdebugger_app_system_standalone.tcl'
21:26:52 INFO  : Checking for BSP changes to sync application flags for project 'app'...
21:27:07 INFO  : Disconnected from the channel tcfchan#20.
21:27:08 ERROR : (XRT Server)C:/Xilinx/Vitis/2024.2/bin/unwrapped/win64.o/xrt_server.exe: error: illegal option '-'
Usage: agent [OPTION]...
Start Target Communication Framework agent.
  -d               run in daemon mode (output is sent to system logger)
  -i               run in interactive mode
  -L<file>         enable logging, use -L- to send log to stderr
  -l<level>        set log level, the level is comma separated list of:
      alloc        memory allocation and deallocation (0x1)
      eventcore    main event queue (0x2)
      waitpid      waitpid() events (0x4)
      events       low-level debugger events (0x8)
      protocol     communication protocol (0x20)
      context      debug context actions (0x40)
      children     debug context children (0x10)
      discovery    discovery (0x80)
      asyncreq     async I/O (0x100)
      proxy        proxy state (0x200)
      tcflog       proxy traffic (0x400)
      elf          ELF reader (0x800)
      stack        stack trace service (0x2000)
      plugin       plugins (0x4000)
      shutdown     shutdown of subsystems (0x8000)
      disasm       disassembly service (0x10000)
  -s<url>          set agent listening port and protocol, default is tcp::0
  -S               print server properties in Json format to stdout
  -g<port>         start GDB Remote Serial Protocol server at the specified TCP port
  -I<idle-seconds> exit if there are no connections for the specified time

21:28:08 ERROR : Timed out. 60 seconds have elapsed while waiting for the XRT server to launch.
21:28:10 INFO  : Connected to target on host '127.0.0.1' and port '3121'.
21:28:11 INFO  : Jtag cable 'Digilent Zed 210248BD1333' is selected.
21:28:11 INFO  : 'jtag frequency' command is executed.
21:28:11 INFO  : Context for 'APU' is selected.
21:28:11 INFO  : System reset is completed.
21:28:14 INFO  : 'after 3000' command is executed.
21:28:14 INFO  : 'targets -set -filter {jtag_cable_name =~ "Digilent Zed 210248BD1333" && level==0 && jtag_device_ctx=="jsn-Zed-210248BD1333-23727093-0"}' command is executed.
21:28:16 INFO  : Device configured successfully with "C:/openTCSPC3/SRC/zedboard_real_microscope/vitis/app/_ide/bitstream/zedboard_real_microscope_wrapper.bit"
21:28:16 INFO  : Context for 'APU' is selected.
21:28:16 INFO  : Hardware design and registers information is loaded from 'C:/openTCSPC3/SRC/zedboard_real_microscope/vitis/platform/export/platform/hw/zedboard_real_microscope_wrapper.xsa'.
21:28:16 INFO  : 'configparams force-mem-access 1' command is executed.
21:28:16 INFO  : Context for 'APU' is selected.
21:28:16 INFO  : Sourcing of 'C:/openTCSPC3/SRC/zedboard_real_microscope/vitis/app/_ide/psinit/ps7_init.tcl' is done.
21:28:17 INFO  : 'ps7_init' command is executed.
21:28:17 INFO  : 'ps7_post_config' command is executed.
21:28:17 INFO  : Context for processor 'ps7_cortexa9_0' is selected.
21:28:24 INFO  : The application 'C:/openTCSPC3/SRC/zedboard_real_microscope/vitis/app/Debug/app.elf' is downloaded to processor 'ps7_cortexa9_0'.
21:28:24 INFO  : 'configparams force-mem-access 0' command is executed.
21:28:24 INFO  : ----------------XSDB Script----------------
connect -url tcp:127.0.0.1:3121
targets -set -nocase -filter {name =~"APU*"}
rst -system
after 3000
targets -set -filter {jtag_cable_name =~ "Digilent Zed 210248BD1333" && level==0 && jtag_device_ctx=="jsn-Zed-210248BD1333-23727093-0"}
fpga -file C:/openTCSPC3/SRC/zedboard_real_microscope/vitis/app/_ide/bitstream/zedboard_real_microscope_wrapper.bit
targets -set -nocase -filter {name =~"APU*"}
loadhw -hw C:/openTCSPC3/SRC/zedboard_real_microscope/vitis/platform/export/platform/hw/zedboard_real_microscope_wrapper.xsa -mem-ranges [list {0x40000000 0xbfffffff}] -regs
configparams force-mem-access 1
targets -set -nocase -filter {name =~"APU*"}
source C:/openTCSPC3/SRC/zedboard_real_microscope/vitis/app/_ide/psinit/ps7_init.tcl
ps7_init
ps7_post_config
targets -set -nocase -filter {name =~ "*A9*#0"}
dow C:/openTCSPC3/SRC/zedboard_real_microscope/vitis/app/Debug/app.elf
configparams force-mem-access 0
----------------End of Script----------------

21:28:24 INFO  : Context for processor 'ps7_cortexa9_0' is selected.
21:28:24 INFO  : 'con' command is executed.
21:28:24 INFO  : ----------------XSDB Script (After Launch)----------------
targets -set -nocase -filter {name =~ "*A9*#0"}
con
----------------End of Script----------------

21:28:24 INFO  : Launch script is exported to file 'C:\openTCSPC3\SRC\zedboard_real_microscope\vitis\app_system\_ide\scripts\systemdebugger_app_system_standalone.tcl'
21:28:34 INFO  : Disconnected from the channel tcfchan#21.
21:28:34 INFO  : Connected to target on host '127.0.0.1' and port '3121'.
21:28:34 INFO  : Jtag cable 'Digilent Zed 210248BD1333' is selected.
21:28:34 INFO  : 'jtag frequency' command is executed.
21:28:34 INFO  : Context for 'APU' is selected.
21:28:34 INFO  : System reset is completed.
21:28:37 INFO  : 'after 3000' command is executed.
21:28:37 INFO  : 'targets -set -filter {jtag_cable_name =~ "Digilent Zed 210248BD1333" && level==0 && jtag_device_ctx=="jsn-Zed-210248BD1333-23727093-0"}' command is executed.
21:28:40 INFO  : Device configured successfully with "C:/openTCSPC3/SRC/zedboard_real_microscope/vitis/app/_ide/bitstream/zedboard_real_microscope_wrapper.bit"
21:28:40 INFO  : Context for 'APU' is selected.
21:28:40 INFO  : Hardware design and registers information is loaded from 'C:/openTCSPC3/SRC/zedboard_real_microscope/vitis/platform/export/platform/hw/zedboard_real_microscope_wrapper.xsa'.
21:28:40 INFO  : 'configparams force-mem-access 1' command is executed.
21:28:40 INFO  : Context for 'APU' is selected.
21:28:40 INFO  : Sourcing of 'C:/openTCSPC3/SRC/zedboard_real_microscope/vitis/app/_ide/psinit/ps7_init.tcl' is done.
21:28:40 INFO  : 'ps7_init' command is executed.
21:28:40 INFO  : 'ps7_post_config' command is executed.
21:28:40 INFO  : Context for processor 'ps7_cortexa9_0' is selected.
21:28:47 INFO  : The application 'C:/openTCSPC3/SRC/zedboard_real_microscope/vitis/app/Debug/app.elf' is downloaded to processor 'ps7_cortexa9_0'.
21:28:47 INFO  : 'configparams force-mem-access 0' command is executed.
21:28:47 INFO  : ----------------XSDB Script----------------
connect -url tcp:127.0.0.1:3121
targets -set -nocase -filter {name =~"APU*"}
rst -system
after 3000
targets -set -filter {jtag_cable_name =~ "Digilent Zed 210248BD1333" && level==0 && jtag_device_ctx=="jsn-Zed-210248BD1333-23727093-0"}
fpga -file C:/openTCSPC3/SRC/zedboard_real_microscope/vitis/app/_ide/bitstream/zedboard_real_microscope_wrapper.bit
targets -set -nocase -filter {name =~"APU*"}
loadhw -hw C:/openTCSPC3/SRC/zedboard_real_microscope/vitis/platform/export/platform/hw/zedboard_real_microscope_wrapper.xsa -mem-ranges [list {0x40000000 0xbfffffff}] -regs
configparams force-mem-access 1
targets -set -nocase -filter {name =~"APU*"}
source C:/openTCSPC3/SRC/zedboard_real_microscope/vitis/app/_ide/psinit/ps7_init.tcl
ps7_init
ps7_post_config
targets -set -nocase -filter {name =~ "*A9*#0"}
dow C:/openTCSPC3/SRC/zedboard_real_microscope/vitis/app/Debug/app.elf
configparams force-mem-access 0
----------------End of Script----------------

21:28:47 INFO  : Context for processor 'ps7_cortexa9_0' is selected.
21:28:47 INFO  : 'con' command is executed.
21:28:47 INFO  : ----------------XSDB Script (After Launch)----------------
targets -set -nocase -filter {name =~ "*A9*#0"}
con
----------------End of Script----------------

21:28:47 INFO  : Launch script is exported to file 'C:\openTCSPC3\SRC\zedboard_real_microscope\vitis\app_system\_ide\scripts\systemdebugger_app_system_standalone.tcl'
21:30:47 INFO  : Checking for BSP changes to sync application flags for project 'app'...
21:30:53 INFO  : Disconnected from the channel tcfchan#22.
21:30:54 ERROR : (XRT Server)C:/Xilinx/Vitis/2024.2/bin/unwrapped/win64.o/xrt_server.exe: error: illegal option '-'
Usage: agent [OPTION]...
Start Target Communication Framework agent.
  -d               run in daemon mode (output is sent to system logger)
  -i               run in interactive mode
  -L<file>         enable logging, use -L- to send log to stderr
  -l<level>        set log level, the level is comma separated list of:
      alloc        memory allocation and deallocation (0x1)
      eventcore    main event queue (0x2)
      waitpid      waitpid() events (0x4)
      events       low-level debugger events (0x8)
      protocol     communication protocol (0x20)
      context      debug context actions (0x40)
      children     debug context children (0x10)
      discovery    discovery (0x80)
      asyncreq     async I/O (0x100)
      proxy        proxy state (0x200)
      tcflog       proxy traffic (0x400)
      elf          ELF reader (0x800)
      stack        stack trace service (0x2000)
      plugin       plugins (0x4000)
      shutdown     shutdown of subsystems (0x8000)
      disasm       disassembly service (0x10000)
  -s<url>          set agent listening port and protocol, default is tcp::0
  -S               print server properties in Json format to stdout
  -g<port>         start GDB Remote Serial Protocol server at the specified TCP port
  -I<idle-seconds> exit if there are no connections for the specified time

21:31:54 ERROR : Timed out. 60 seconds have elapsed while waiting for the XRT server to launch.
21:31:54 INFO  : Connected to target on host '127.0.0.1' and port '3121'.
21:31:54 INFO  : Jtag cable 'Digilent Zed 210248BD1333' is selected.
21:31:54 INFO  : 'jtag frequency' command is executed.
21:31:54 INFO  : Context for 'APU' is selected.
21:31:54 INFO  : System reset is completed.
21:31:57 INFO  : 'after 3000' command is executed.
21:31:57 INFO  : 'targets -set -filter {jtag_cable_name =~ "Digilent Zed 210248BD1333" && level==0 && jtag_device_ctx=="jsn-Zed-210248BD1333-23727093-0"}' command is executed.
21:32:00 INFO  : Device configured successfully with "C:/openTCSPC3/SRC/zedboard_real_microscope/vitis/app/_ide/bitstream/zedboard_real_microscope_wrapper.bit"
21:32:00 INFO  : Context for 'APU' is selected.
21:32:00 INFO  : Hardware design and registers information is loaded from 'C:/openTCSPC3/SRC/zedboard_real_microscope/vitis/platform/export/platform/hw/zedboard_real_microscope_wrapper.xsa'.
21:32:00 INFO  : 'configparams force-mem-access 1' command is executed.
21:32:00 INFO  : Context for 'APU' is selected.
21:32:00 INFO  : Sourcing of 'C:/openTCSPC3/SRC/zedboard_real_microscope/vitis/app/_ide/psinit/ps7_init.tcl' is done.
21:32:00 INFO  : 'ps7_init' command is executed.
21:32:00 INFO  : 'ps7_post_config' command is executed.
21:32:00 INFO  : Context for processor 'ps7_cortexa9_0' is selected.
21:32:07 INFO  : The application 'C:/openTCSPC3/SRC/zedboard_real_microscope/vitis/app/Debug/app.elf' is downloaded to processor 'ps7_cortexa9_0'.
21:32:07 INFO  : 'configparams force-mem-access 0' command is executed.
21:32:07 INFO  : ----------------XSDB Script----------------
connect -url tcp:127.0.0.1:3121
targets -set -nocase -filter {name =~"APU*"}
rst -system
after 3000
targets -set -filter {jtag_cable_name =~ "Digilent Zed 210248BD1333" && level==0 && jtag_device_ctx=="jsn-Zed-210248BD1333-23727093-0"}
fpga -file C:/openTCSPC3/SRC/zedboard_real_microscope/vitis/app/_ide/bitstream/zedboard_real_microscope_wrapper.bit
targets -set -nocase -filter {name =~"APU*"}
loadhw -hw C:/openTCSPC3/SRC/zedboard_real_microscope/vitis/platform/export/platform/hw/zedboard_real_microscope_wrapper.xsa -mem-ranges [list {0x40000000 0xbfffffff}] -regs
configparams force-mem-access 1
targets -set -nocase -filter {name =~"APU*"}
source C:/openTCSPC3/SRC/zedboard_real_microscope/vitis/app/_ide/psinit/ps7_init.tcl
ps7_init
ps7_post_config
targets -set -nocase -filter {name =~ "*A9*#0"}
dow C:/openTCSPC3/SRC/zedboard_real_microscope/vitis/app/Debug/app.elf
configparams force-mem-access 0
----------------End of Script----------------

21:32:07 INFO  : Context for processor 'ps7_cortexa9_0' is selected.
21:32:07 INFO  : 'con' command is executed.
21:32:07 INFO  : ----------------XSDB Script (After Launch)----------------
targets -set -nocase -filter {name =~ "*A9*#0"}
con
----------------End of Script----------------

21:32:07 INFO  : Launch script is exported to file 'C:\openTCSPC3\SRC\zedboard_real_microscope\vitis\app_system\_ide\scripts\systemdebugger_app_system_standalone.tcl'
21:36:06 INFO  : Disconnected from the channel tcfchan#23.
21:36:07 ERROR : (XRT Server)C:/Xilinx/Vitis/2024.2/bin/unwrapped/win64.o/xrt_server.exe: error: illegal option '-'
Usage: agent [OPTION]...
Start Target Communication Framework agent.
  -d               run in daemon mode (output is sent to system logger)
  -i               run in interactive mode
  -L<file>         enable logging, use -L- to send log to stderr
  -l<level>        set log level, the level is comma separated list of:
      alloc        memory allocation and deallocation (0x1)
      eventcore    main event queue (0x2)
      waitpid      waitpid() events (0x4)
      events       low-level debugger events (0x8)
      protocol     communication protocol (0x20)
      context      debug context actions (0x40)
      children     debug context children (0x10)
      discovery    discovery (0x80)
      asyncreq     async I/O (0x100)
      proxy        proxy state (0x200)
      tcflog       proxy traffic (0x400)
      elf          ELF reader (0x800)
      stack        stack trace service (0x2000)
      plugin       plugins (0x4000)
      shutdown     shutdown of subsystems (0x8000)
      disasm       disassembly service (0x10000)
  -s<url>          set agent listening port and protocol, default is tcp::0
  -S               print server properties in Json format to stdout
  -g<port>         start GDB Remote Serial Protocol server at the specified TCP port
  -I<idle-seconds> exit if there are no connections for the specified time

21:37:07 ERROR : Timed out. 60 seconds have elapsed while waiting for the XRT server to launch.
21:37:07 INFO  : Connected to target on host '127.0.0.1' and port '3121'.
21:37:07 INFO  : Jtag cable 'Digilent Zed 210248BD1333' is selected.
21:37:07 INFO  : 'jtag frequency' command is executed.
21:37:07 INFO  : Context for 'APU' is selected.
21:37:07 INFO  : System reset is completed.
21:37:10 INFO  : 'after 3000' command is executed.
21:37:10 INFO  : 'targets -set -filter {jtag_cable_name =~ "Digilent Zed 210248BD1333" && level==0 && jtag_device_ctx=="jsn-Zed-210248BD1333-23727093-0"}' command is executed.
21:37:13 INFO  : Device configured successfully with "C:/openTCSPC3/SRC/zedboard_real_microscope/vitis/app/_ide/bitstream/zedboard_real_microscope_wrapper.bit"
21:37:13 INFO  : Context for 'APU' is selected.
21:37:13 INFO  : Hardware design and registers information is loaded from 'C:/openTCSPC3/SRC/zedboard_real_microscope/vitis/platform/export/platform/hw/zedboard_real_microscope_wrapper.xsa'.
21:37:13 INFO  : 'configparams force-mem-access 1' command is executed.
21:37:13 INFO  : Context for 'APU' is selected.
21:37:13 INFO  : Sourcing of 'C:/openTCSPC3/SRC/zedboard_real_microscope/vitis/app/_ide/psinit/ps7_init.tcl' is done.
21:37:13 INFO  : 'ps7_init' command is executed.
21:37:13 INFO  : 'ps7_post_config' command is executed.
21:37:13 INFO  : Context for processor 'ps7_cortexa9_0' is selected.
21:37:20 INFO  : The application 'C:/openTCSPC3/SRC/zedboard_real_microscope/vitis/app/Debug/app.elf' is downloaded to processor 'ps7_cortexa9_0'.
21:37:20 INFO  : 'configparams force-mem-access 0' command is executed.
21:37:20 INFO  : ----------------XSDB Script----------------
connect -url tcp:127.0.0.1:3121
targets -set -nocase -filter {name =~"APU*"}
rst -system
after 3000
targets -set -filter {jtag_cable_name =~ "Digilent Zed 210248BD1333" && level==0 && jtag_device_ctx=="jsn-Zed-210248BD1333-23727093-0"}
fpga -file C:/openTCSPC3/SRC/zedboard_real_microscope/vitis/app/_ide/bitstream/zedboard_real_microscope_wrapper.bit
targets -set -nocase -filter {name =~"APU*"}
loadhw -hw C:/openTCSPC3/SRC/zedboard_real_microscope/vitis/platform/export/platform/hw/zedboard_real_microscope_wrapper.xsa -mem-ranges [list {0x40000000 0xbfffffff}] -regs
configparams force-mem-access 1
targets -set -nocase -filter {name =~"APU*"}
source C:/openTCSPC3/SRC/zedboard_real_microscope/vitis/app/_ide/psinit/ps7_init.tcl
ps7_init
ps7_post_config
targets -set -nocase -filter {name =~ "*A9*#0"}
dow C:/openTCSPC3/SRC/zedboard_real_microscope/vitis/app/Debug/app.elf
configparams force-mem-access 0
----------------End of Script----------------

21:37:20 INFO  : Context for processor 'ps7_cortexa9_0' is selected.
21:37:20 INFO  : 'con' command is executed.
21:37:20 INFO  : ----------------XSDB Script (After Launch)----------------
targets -set -nocase -filter {name =~ "*A9*#0"}
con
----------------End of Script----------------

21:37:20 INFO  : Launch script is exported to file 'C:\openTCSPC3\SRC\zedboard_real_microscope\vitis\app_system\_ide\scripts\systemdebugger_app_system_standalone.tcl'
21:38:21 INFO  : Checking for BSP changes to sync application flags for project 'app'...
21:38:44 INFO  : Disconnected from the channel tcfchan#24.
21:38:44 INFO  : Connected to target on host '127.0.0.1' and port '3121'.
21:38:44 INFO  : Jtag cable 'Digilent Zed 210248BD1333' is selected.
21:38:44 INFO  : 'jtag frequency' command is executed.
21:38:44 INFO  : Context for 'APU' is selected.
21:38:44 INFO  : System reset is completed.
21:38:47 INFO  : 'after 3000' command is executed.
21:38:47 INFO  : 'targets -set -filter {jtag_cable_name =~ "Digilent Zed 210248BD1333" && level==0 && jtag_device_ctx=="jsn-Zed-210248BD1333-23727093-0"}' command is executed.
21:38:50 INFO  : Device configured successfully with "C:/openTCSPC3/SRC/zedboard_real_microscope/vitis/app/_ide/bitstream/zedboard_real_microscope_wrapper.bit"
21:38:50 INFO  : Context for 'APU' is selected.
21:38:50 INFO  : Hardware design and registers information is loaded from 'C:/openTCSPC3/SRC/zedboard_real_microscope/vitis/platform/export/platform/hw/zedboard_real_microscope_wrapper.xsa'.
21:38:50 INFO  : 'configparams force-mem-access 1' command is executed.
21:38:50 INFO  : Context for 'APU' is selected.
21:38:50 INFO  : Sourcing of 'C:/openTCSPC3/SRC/zedboard_real_microscope/vitis/app/_ide/psinit/ps7_init.tcl' is done.
21:38:50 INFO  : 'ps7_init' command is executed.
21:38:50 INFO  : 'ps7_post_config' command is executed.
21:38:50 INFO  : Context for processor 'ps7_cortexa9_0' is selected.
21:38:57 INFO  : The application 'C:/openTCSPC3/SRC/zedboard_real_microscope/vitis/app/Debug/app.elf' is downloaded to processor 'ps7_cortexa9_0'.
21:38:57 INFO  : 'configparams force-mem-access 0' command is executed.
21:38:57 INFO  : ----------------XSDB Script----------------
connect -url tcp:127.0.0.1:3121
targets -set -nocase -filter {name =~"APU*"}
rst -system
after 3000
targets -set -filter {jtag_cable_name =~ "Digilent Zed 210248BD1333" && level==0 && jtag_device_ctx=="jsn-Zed-210248BD1333-23727093-0"}
fpga -file C:/openTCSPC3/SRC/zedboard_real_microscope/vitis/app/_ide/bitstream/zedboard_real_microscope_wrapper.bit
targets -set -nocase -filter {name =~"APU*"}
loadhw -hw C:/openTCSPC3/SRC/zedboard_real_microscope/vitis/platform/export/platform/hw/zedboard_real_microscope_wrapper.xsa -mem-ranges [list {0x40000000 0xbfffffff}] -regs
configparams force-mem-access 1
targets -set -nocase -filter {name =~"APU*"}
source C:/openTCSPC3/SRC/zedboard_real_microscope/vitis/app/_ide/psinit/ps7_init.tcl
ps7_init
ps7_post_config
targets -set -nocase -filter {name =~ "*A9*#0"}
dow C:/openTCSPC3/SRC/zedboard_real_microscope/vitis/app/Debug/app.elf
configparams force-mem-access 0
----------------End of Script----------------

21:38:57 INFO  : Context for processor 'ps7_cortexa9_0' is selected.
21:38:57 INFO  : 'con' command is executed.
21:38:57 INFO  : ----------------XSDB Script (After Launch)----------------
targets -set -nocase -filter {name =~ "*A9*#0"}
con
----------------End of Script----------------

21:38:57 INFO  : Launch script is exported to file 'C:\openTCSPC3\SRC\zedboard_real_microscope\vitis\app_system\_ide\scripts\systemdebugger_app_system_standalone.tcl'
21:50:42 INFO  : Disconnected from the channel tcfchan#25.
21:50:43 ERROR : (XRT Server)C:/Xilinx/Vitis/2024.2/bin/unwrapped/win64.o/xrt_server.exe: error: illegal option '-'
Usage: agent [OPTION]...
Start Target Communication Framework agent.
  -d               run in daemon mode (output is sent to system logger)
  -i               run in interactive mode
  -L<file>         enable logging, use -L- to send log to stderr
  -l<level>        set log level, the level is comma separated list of:
      alloc        memory allocation and deallocation (0x1)
      eventcore    main event queue (0x2)
      waitpid      waitpid() events (0x4)
      events       low-level debugger events (0x8)
      protocol     communication protocol (0x20)
      context      debug context actions (0x40)
      children     debug context children (0x10)
      discovery    discovery (0x80)
      asyncreq     async I/O (0x100)
      proxy        proxy state (0x200)
      tcflog       proxy traffic (0x400)
      elf          ELF reader (0x800)
      stack        stack trace service (0x2000)
      plugin       plugins (0x4000)
      shutdown     shutdown of subsystems (0x8000)
      disasm       disassembly service (0x10000)
  -s<url>          set agent listening port and protocol, default is tcp::0
  -S               print server properties in Json format to stdout
  -g<port>         start GDB Remote Serial Protocol server at the specified TCP port
  -I<idle-seconds> exit if there are no connections for the specified time

21:51:42 ERROR : Timed out. 60 seconds have elapsed while waiting for the XRT server to launch.
21:51:42 INFO  : Connected to target on host '127.0.0.1' and port '3121'.
21:51:43 INFO  : Jtag cable 'Digilent Zed 210248BD1333' is selected.
21:51:43 INFO  : 'jtag frequency' command is executed.
21:51:43 INFO  : Context for 'APU' is selected.
21:51:43 INFO  : System reset is completed.
21:51:46 INFO  : 'after 3000' command is executed.
21:51:46 INFO  : 'targets -set -filter {jtag_cable_name =~ "Digilent Zed 210248BD1333" && level==0 && jtag_device_ctx=="jsn-Zed-210248BD1333-23727093-0"}' command is executed.
21:51:48 INFO  : Device configured successfully with "C:/openTCSPC3/SRC/zedboard_real_microscope/vitis/app/_ide/bitstream/zedboard_real_microscope_wrapper.bit"
21:51:48 INFO  : Context for 'APU' is selected.
21:51:48 INFO  : Hardware design and registers information is loaded from 'C:/openTCSPC3/SRC/zedboard_real_microscope/vitis/platform/export/platform/hw/zedboard_real_microscope_wrapper.xsa'.
21:51:48 INFO  : 'configparams force-mem-access 1' command is executed.
21:51:48 INFO  : Context for 'APU' is selected.
21:51:48 INFO  : Sourcing of 'C:/openTCSPC3/SRC/zedboard_real_microscope/vitis/app/_ide/psinit/ps7_init.tcl' is done.
21:51:49 INFO  : 'ps7_init' command is executed.
21:51:49 INFO  : 'ps7_post_config' command is executed.
21:51:49 INFO  : Context for processor 'ps7_cortexa9_0' is selected.
21:51:55 INFO  : The application 'C:/openTCSPC3/SRC/zedboard_real_microscope/vitis/app/Debug/app.elf' is downloaded to processor 'ps7_cortexa9_0'.
21:51:55 INFO  : 'configparams force-mem-access 0' command is executed.
21:51:55 INFO  : ----------------XSDB Script----------------
connect -url tcp:127.0.0.1:3121
targets -set -nocase -filter {name =~"APU*"}
rst -system
after 3000
targets -set -filter {jtag_cable_name =~ "Digilent Zed 210248BD1333" && level==0 && jtag_device_ctx=="jsn-Zed-210248BD1333-23727093-0"}
fpga -file C:/openTCSPC3/SRC/zedboard_real_microscope/vitis/app/_ide/bitstream/zedboard_real_microscope_wrapper.bit
targets -set -nocase -filter {name =~"APU*"}
loadhw -hw C:/openTCSPC3/SRC/zedboard_real_microscope/vitis/platform/export/platform/hw/zedboard_real_microscope_wrapper.xsa -mem-ranges [list {0x40000000 0xbfffffff}] -regs
configparams force-mem-access 1
targets -set -nocase -filter {name =~"APU*"}
source C:/openTCSPC3/SRC/zedboard_real_microscope/vitis/app/_ide/psinit/ps7_init.tcl
ps7_init
ps7_post_config
targets -set -nocase -filter {name =~ "*A9*#0"}
dow C:/openTCSPC3/SRC/zedboard_real_microscope/vitis/app/Debug/app.elf
configparams force-mem-access 0
----------------End of Script----------------

21:51:56 INFO  : Context for processor 'ps7_cortexa9_0' is selected.
21:51:56 INFO  : 'con' command is executed.
21:51:56 INFO  : ----------------XSDB Script (After Launch)----------------
targets -set -nocase -filter {name =~ "*A9*#0"}
con
----------------End of Script----------------

21:51:56 INFO  : Launch script is exported to file 'C:\openTCSPC3\SRC\zedboard_real_microscope\vitis\app_system\_ide\scripts\systemdebugger_app_system_standalone.tcl'
21:57:29 INFO  : Checking for BSP changes to sync application flags for project 'app'...
21:57:37 INFO  : Disconnected from the channel tcfchan#26.
21:57:38 ERROR : (XRT Server)C:/Xilinx/Vitis/2024.2/bin/unwrapped/win64.o/xrt_server.exe: error: illegal option '-'
Usage: agent [OPTION]...
Start Target Communication Framework agent.
  -d               run in daemon mode (output is sent to system logger)
  -i               run in interactive mode
  -L<file>         enable logging, use -L- to send log to stderr
  -l<level>        set log level, the level is comma separated list of:
      alloc        memory allocation and deallocation (0x1)
      eventcore    main event queue (0x2)
      waitpid      waitpid() events (0x4)
      events       low-level debugger events (0x8)
      protocol     communication protocol (0x20)
      context      debug context actions (0x40)
      children     debug context children (0x10)
      discovery    discovery (0x80)
      asyncreq     async I/O (0x100)
      proxy        proxy state (0x200)
      tcflog       proxy traffic (0x400)
      elf          ELF reader (0x800)
      stack        stack trace service (0x2000)
      plugin       plugins (0x4000)
      shutdown     shutdown of subsystems (0x8000)
      disasm       disassembly service (0x10000)
  -s<url>          set agent listening port and protocol, default is tcp::0
  -S               print server properties in Json format to stdout
  -g<port>         start GDB Remote Serial Protocol server at the specified TCP port
  -I<idle-seconds> exit if there are no connections for the specified time

21:58:37 ERROR : Timed out. 60 seconds have elapsed while waiting for the XRT server to launch.
21:58:37 INFO  : Connected to target on host '127.0.0.1' and port '3121'.
21:58:37 INFO  : Jtag cable 'Digilent Zed 210248BD1333' is selected.
21:58:37 INFO  : 'jtag frequency' command is executed.
21:58:37 INFO  : Context for 'APU' is selected.
21:58:38 INFO  : System reset is completed.
21:58:41 INFO  : 'after 3000' command is executed.
21:58:41 INFO  : 'targets -set -filter {jtag_cable_name =~ "Digilent Zed 210248BD1333" && level==0 && jtag_device_ctx=="jsn-Zed-210248BD1333-23727093-0"}' command is executed.
21:58:43 INFO  : Device configured successfully with "C:/openTCSPC3/SRC/zedboard_real_microscope/vitis/app/_ide/bitstream/zedboard_real_microscope_wrapper.bit"
21:58:43 INFO  : Context for 'APU' is selected.
21:58:43 INFO  : Hardware design and registers information is loaded from 'C:/openTCSPC3/SRC/zedboard_real_microscope/vitis/platform/export/platform/hw/zedboard_real_microscope_wrapper.xsa'.
21:58:43 INFO  : 'configparams force-mem-access 1' command is executed.
21:58:43 INFO  : Context for 'APU' is selected.
21:58:43 INFO  : Sourcing of 'C:/openTCSPC3/SRC/zedboard_real_microscope/vitis/app/_ide/psinit/ps7_init.tcl' is done.
21:58:44 INFO  : 'ps7_init' command is executed.
21:58:44 INFO  : 'ps7_post_config' command is executed.
21:58:44 INFO  : Context for processor 'ps7_cortexa9_0' is selected.
21:58:50 INFO  : The application 'C:/openTCSPC3/SRC/zedboard_real_microscope/vitis/app/Debug/app.elf' is downloaded to processor 'ps7_cortexa9_0'.
21:58:50 INFO  : 'configparams force-mem-access 0' command is executed.
21:58:50 INFO  : ----------------XSDB Script----------------
connect -url tcp:127.0.0.1:3121
targets -set -nocase -filter {name =~"APU*"}
rst -system
after 3000
targets -set -filter {jtag_cable_name =~ "Digilent Zed 210248BD1333" && level==0 && jtag_device_ctx=="jsn-Zed-210248BD1333-23727093-0"}
fpga -file C:/openTCSPC3/SRC/zedboard_real_microscope/vitis/app/_ide/bitstream/zedboard_real_microscope_wrapper.bit
targets -set -nocase -filter {name =~"APU*"}
loadhw -hw C:/openTCSPC3/SRC/zedboard_real_microscope/vitis/platform/export/platform/hw/zedboard_real_microscope_wrapper.xsa -mem-ranges [list {0x40000000 0xbfffffff}] -regs
configparams force-mem-access 1
targets -set -nocase -filter {name =~"APU*"}
source C:/openTCSPC3/SRC/zedboard_real_microscope/vitis/app/_ide/psinit/ps7_init.tcl
ps7_init
ps7_post_config
targets -set -nocase -filter {name =~ "*A9*#0"}
dow C:/openTCSPC3/SRC/zedboard_real_microscope/vitis/app/Debug/app.elf
configparams force-mem-access 0
----------------End of Script----------------

21:58:51 INFO  : Context for processor 'ps7_cortexa9_0' is selected.
21:58:51 INFO  : 'con' command is executed.
21:58:51 INFO  : ----------------XSDB Script (After Launch)----------------
targets -set -nocase -filter {name =~ "*A9*#0"}
con
----------------End of Script----------------

21:58:51 INFO  : Launch script is exported to file 'C:\openTCSPC3\SRC\zedboard_real_microscope\vitis\app_system\_ide\scripts\systemdebugger_app_system_standalone.tcl'
22:00:00 INFO  : Disconnected from the channel tcfchan#27.
22:00:01 INFO  : Connected to target on host '127.0.0.1' and port '3121'.
22:00:01 INFO  : Jtag cable 'Digilent Zed 210248BD1333' is selected.
22:00:01 INFO  : 'jtag frequency' command is executed.
22:00:01 INFO  : Context for 'APU' is selected.
22:00:01 INFO  : System reset is completed.
22:00:04 INFO  : 'after 3000' command is executed.
22:00:04 INFO  : 'targets -set -filter {jtag_cable_name =~ "Digilent Zed 210248BD1333" && level==0 && jtag_device_ctx=="jsn-Zed-210248BD1333-23727093-0"}' command is executed.
22:00:06 INFO  : Device configured successfully with "C:/openTCSPC3/SRC/zedboard_real_microscope/vitis/app/_ide/bitstream/zedboard_real_microscope_wrapper.bit"
22:00:06 INFO  : Context for 'APU' is selected.
22:00:06 INFO  : Hardware design and registers information is loaded from 'C:/openTCSPC3/SRC/zedboard_real_microscope/vitis/platform/export/platform/hw/zedboard_real_microscope_wrapper.xsa'.
22:00:06 INFO  : 'configparams force-mem-access 1' command is executed.
22:00:06 INFO  : Context for 'APU' is selected.
22:00:06 INFO  : Sourcing of 'C:/openTCSPC3/SRC/zedboard_real_microscope/vitis/app/_ide/psinit/ps7_init.tcl' is done.
22:00:07 INFO  : 'ps7_init' command is executed.
22:00:07 INFO  : 'ps7_post_config' command is executed.
22:00:07 INFO  : Context for processor 'ps7_cortexa9_0' is selected.
22:00:14 INFO  : The application 'C:/openTCSPC3/SRC/zedboard_real_microscope/vitis/app/Debug/app.elf' is downloaded to processor 'ps7_cortexa9_0'.
22:00:14 INFO  : 'configparams force-mem-access 0' command is executed.
22:00:14 INFO  : ----------------XSDB Script----------------
connect -url tcp:127.0.0.1:3121
targets -set -nocase -filter {name =~"APU*"}
rst -system
after 3000
targets -set -filter {jtag_cable_name =~ "Digilent Zed 210248BD1333" && level==0 && jtag_device_ctx=="jsn-Zed-210248BD1333-23727093-0"}
fpga -file C:/openTCSPC3/SRC/zedboard_real_microscope/vitis/app/_ide/bitstream/zedboard_real_microscope_wrapper.bit
targets -set -nocase -filter {name =~"APU*"}
loadhw -hw C:/openTCSPC3/SRC/zedboard_real_microscope/vitis/platform/export/platform/hw/zedboard_real_microscope_wrapper.xsa -mem-ranges [list {0x40000000 0xbfffffff}] -regs
configparams force-mem-access 1
targets -set -nocase -filter {name =~"APU*"}
source C:/openTCSPC3/SRC/zedboard_real_microscope/vitis/app/_ide/psinit/ps7_init.tcl
ps7_init
ps7_post_config
targets -set -nocase -filter {name =~ "*A9*#0"}
dow C:/openTCSPC3/SRC/zedboard_real_microscope/vitis/app/Debug/app.elf
configparams force-mem-access 0
----------------End of Script----------------

22:00:14 INFO  : Context for processor 'ps7_cortexa9_0' is selected.
22:00:14 INFO  : 'con' command is executed.
22:00:14 INFO  : ----------------XSDB Script (After Launch)----------------
targets -set -nocase -filter {name =~ "*A9*#0"}
con
----------------End of Script----------------

22:00:14 INFO  : Launch script is exported to file 'C:\openTCSPC3\SRC\zedboard_real_microscope\vitis\app_system\_ide\scripts\systemdebugger_app_system_standalone.tcl'
22:06:35 INFO  : Checking for BSP changes to sync application flags for project 'app'...
22:07:15 INFO  : Disconnected from the channel tcfchan#28.
22:07:15 INFO  : Connected to target on host '127.0.0.1' and port '3121'.
22:07:15 INFO  : Jtag cable 'Digilent Zed 210248BD1333' is selected.
22:07:15 INFO  : 'jtag frequency' command is executed.
22:07:15 INFO  : Context for 'APU' is selected.
22:07:15 INFO  : System reset is completed.
22:07:18 INFO  : 'after 3000' command is executed.
22:07:18 INFO  : 'targets -set -filter {jtag_cable_name =~ "Digilent Zed 210248BD1333" && level==0 && jtag_device_ctx=="jsn-Zed-210248BD1333-23727093-0"}' command is executed.
22:07:21 INFO  : Device configured successfully with "C:/openTCSPC3/SRC/zedboard_real_microscope/vitis/app/_ide/bitstream/zedboard_real_microscope_wrapper.bit"
22:07:21 INFO  : Context for 'APU' is selected.
22:07:21 INFO  : Hardware design and registers information is loaded from 'C:/openTCSPC3/SRC/zedboard_real_microscope/vitis/platform/export/platform/hw/zedboard_real_microscope_wrapper.xsa'.
22:07:21 INFO  : 'configparams force-mem-access 1' command is executed.
22:07:21 INFO  : Context for 'APU' is selected.
22:07:21 INFO  : Sourcing of 'C:/openTCSPC3/SRC/zedboard_real_microscope/vitis/app/_ide/psinit/ps7_init.tcl' is done.
22:07:21 INFO  : 'ps7_init' command is executed.
22:07:21 INFO  : 'ps7_post_config' command is executed.
22:07:21 INFO  : Context for processor 'ps7_cortexa9_0' is selected.
22:07:29 INFO  : The application 'C:/openTCSPC3/SRC/zedboard_real_microscope/vitis/app/Debug/app.elf' is downloaded to processor 'ps7_cortexa9_0'.
22:07:29 INFO  : 'configparams force-mem-access 0' command is executed.
22:07:29 INFO  : ----------------XSDB Script----------------
connect -url tcp:127.0.0.1:3121
targets -set -nocase -filter {name =~"APU*"}
rst -system
after 3000
targets -set -filter {jtag_cable_name =~ "Digilent Zed 210248BD1333" && level==0 && jtag_device_ctx=="jsn-Zed-210248BD1333-23727093-0"}
fpga -file C:/openTCSPC3/SRC/zedboard_real_microscope/vitis/app/_ide/bitstream/zedboard_real_microscope_wrapper.bit
targets -set -nocase -filter {name =~"APU*"}
loadhw -hw C:/openTCSPC3/SRC/zedboard_real_microscope/vitis/platform/export/platform/hw/zedboard_real_microscope_wrapper.xsa -mem-ranges [list {0x40000000 0xbfffffff}] -regs
configparams force-mem-access 1
targets -set -nocase -filter {name =~"APU*"}
source C:/openTCSPC3/SRC/zedboard_real_microscope/vitis/app/_ide/psinit/ps7_init.tcl
ps7_init
ps7_post_config
targets -set -nocase -filter {name =~ "*A9*#0"}
dow C:/openTCSPC3/SRC/zedboard_real_microscope/vitis/app/Debug/app.elf
configparams force-mem-access 0
----------------End of Script----------------

22:07:29 INFO  : Context for processor 'ps7_cortexa9_0' is selected.
22:07:29 INFO  : 'con' command is executed.
22:07:29 INFO  : ----------------XSDB Script (After Launch)----------------
targets -set -nocase -filter {name =~ "*A9*#0"}
con
----------------End of Script----------------

22:07:29 INFO  : Launch script is exported to file 'C:\openTCSPC3\SRC\zedboard_real_microscope\vitis\app_system\_ide\scripts\systemdebugger_app_system_standalone.tcl'
22:08:58 INFO  : Checking for BSP changes to sync application flags for project 'app'...
22:09:40 INFO  : Disconnected from the channel tcfchan#29.
22:09:40 INFO  : Connected to target on host '127.0.0.1' and port '3121'.
22:09:41 INFO  : Jtag cable 'Digilent Zed 210248BD1333' is selected.
22:09:41 INFO  : 'jtag frequency' command is executed.
22:09:41 INFO  : Context for 'APU' is selected.
22:09:41 INFO  : System reset is completed.
22:09:44 INFO  : 'after 3000' command is executed.
22:09:44 INFO  : 'targets -set -filter {jtag_cable_name =~ "Digilent Zed 210248BD1333" && level==0 && jtag_device_ctx=="jsn-Zed-210248BD1333-23727093-0"}' command is executed.
22:09:46 INFO  : Device configured successfully with "C:/openTCSPC3/SRC/zedboard_real_microscope/vitis/app/_ide/bitstream/zedboard_real_microscope_wrapper.bit"
22:09:46 INFO  : Context for 'APU' is selected.
22:09:46 INFO  : Hardware design and registers information is loaded from 'C:/openTCSPC3/SRC/zedboard_real_microscope/vitis/platform/export/platform/hw/zedboard_real_microscope_wrapper.xsa'.
22:09:46 INFO  : 'configparams force-mem-access 1' command is executed.
22:09:46 INFO  : Context for 'APU' is selected.
22:09:46 INFO  : Sourcing of 'C:/openTCSPC3/SRC/zedboard_real_microscope/vitis/app/_ide/psinit/ps7_init.tcl' is done.
22:09:47 INFO  : 'ps7_init' command is executed.
22:09:47 INFO  : 'ps7_post_config' command is executed.
22:09:47 INFO  : Context for processor 'ps7_cortexa9_0' is selected.
22:09:54 INFO  : The application 'C:/openTCSPC3/SRC/zedboard_real_microscope/vitis/app/Debug/app.elf' is downloaded to processor 'ps7_cortexa9_0'.
22:09:54 INFO  : 'configparams force-mem-access 0' command is executed.
22:09:54 INFO  : ----------------XSDB Script----------------
connect -url tcp:127.0.0.1:3121
targets -set -nocase -filter {name =~"APU*"}
rst -system
after 3000
targets -set -filter {jtag_cable_name =~ "Digilent Zed 210248BD1333" && level==0 && jtag_device_ctx=="jsn-Zed-210248BD1333-23727093-0"}
fpga -file C:/openTCSPC3/SRC/zedboard_real_microscope/vitis/app/_ide/bitstream/zedboard_real_microscope_wrapper.bit
targets -set -nocase -filter {name =~"APU*"}
loadhw -hw C:/openTCSPC3/SRC/zedboard_real_microscope/vitis/platform/export/platform/hw/zedboard_real_microscope_wrapper.xsa -mem-ranges [list {0x40000000 0xbfffffff}] -regs
configparams force-mem-access 1
targets -set -nocase -filter {name =~"APU*"}
source C:/openTCSPC3/SRC/zedboard_real_microscope/vitis/app/_ide/psinit/ps7_init.tcl
ps7_init
ps7_post_config
targets -set -nocase -filter {name =~ "*A9*#0"}
dow C:/openTCSPC3/SRC/zedboard_real_microscope/vitis/app/Debug/app.elf
configparams force-mem-access 0
----------------End of Script----------------

22:09:54 INFO  : Context for processor 'ps7_cortexa9_0' is selected.
22:09:54 INFO  : 'con' command is executed.
22:09:54 INFO  : ----------------XSDB Script (After Launch)----------------
targets -set -nocase -filter {name =~ "*A9*#0"}
con
----------------End of Script----------------

22:09:54 INFO  : Launch script is exported to file 'C:\openTCSPC3\SRC\zedboard_real_microscope\vitis\app_system\_ide\scripts\systemdebugger_app_system_standalone.tcl'
22:11:23 INFO  : Disconnected from the channel tcfchan#30.
22:11:24 ERROR : (XRT Server)C:/Xilinx/Vitis/2024.2/bin/unwrapped/win64.o/xrt_server.exe: error: illegal option '-'
Usage: agent [OPTION]...
Start Target Communication Framework agent.
  -d               run in daemon mode (output is sent to system logger)
  -i               run in interactive mode
  -L<file>         enable logging, use -L- to send log to stderr
  -l<level>        set log level, the level is comma separated list of:
      alloc        memory allocation and deallocation (0x1)
      eventcore    main event queue (0x2)
      waitpid      waitpid() events (0x4)
      events       low-level debugger events (0x8)
      protocol     communication protocol (0x20)
      context      debug context actions (0x40)
      children     debug context children (0x10)
      discovery    discovery (0x80)
      asyncreq     async I/O (0x100)
      proxy        proxy state (0x200)
      tcflog       proxy traffic (0x400)
      elf          ELF reader (0x800)
      stack        stack trace service (0x2000)
      plugin       plugins (0x4000)
      shutdown     shutdown of subsystems (0x8000)
      disasm       disassembly service (0x10000)
  -s<url>          set agent listening port and protocol, default is tcp::0
  -S               print server properties in Json format to stdout
  -g<port>         start GDB Remote Serial Protocol server at the specified TCP port
  -I<idle-seconds> exit if there are no connections for the specified time

22:11:32 INFO  : Checking for BSP changes to sync application flags for project 'app'...
22:12:23 ERROR : Timed out. 60 seconds have elapsed while waiting for the XRT server to launch.
22:14:02 INFO  : Connected to target on host '127.0.0.1' and port '3121'.
22:14:02 INFO  : Jtag cable 'Digilent Zed 210248BD1333' is selected.
22:14:02 INFO  : 'jtag frequency' command is executed.
22:14:02 INFO  : Context for 'APU' is selected.
22:14:02 INFO  : System reset is completed.
22:14:05 INFO  : 'after 3000' command is executed.
22:14:05 INFO  : 'targets -set -filter {jtag_cable_name =~ "Digilent Zed 210248BD1333" && level==0 && jtag_device_ctx=="jsn-Zed-210248BD1333-23727093-0"}' command is executed.
22:14:08 INFO  : Device configured successfully with "C:/openTCSPC3/SRC/zedboard_real_microscope/vitis/app/_ide/bitstream/zedboard_real_microscope_wrapper.bit"
22:14:08 INFO  : Context for 'APU' is selected.
22:14:08 INFO  : Hardware design and registers information is loaded from 'C:/openTCSPC3/SRC/zedboard_real_microscope/vitis/platform/export/platform/hw/zedboard_real_microscope_wrapper.xsa'.
22:14:08 INFO  : 'configparams force-mem-access 1' command is executed.
22:14:08 INFO  : Context for 'APU' is selected.
22:14:08 INFO  : Sourcing of 'C:/openTCSPC3/SRC/zedboard_real_microscope/vitis/app/_ide/psinit/ps7_init.tcl' is done.
22:14:08 INFO  : 'ps7_init' command is executed.
22:14:08 INFO  : 'ps7_post_config' command is executed.
22:14:08 INFO  : Context for processor 'ps7_cortexa9_0' is selected.
22:14:15 INFO  : The application 'C:/openTCSPC3/SRC/zedboard_real_microscope/vitis/app/Debug/app.elf' is downloaded to processor 'ps7_cortexa9_0'.
22:14:16 INFO  : 'configparams force-mem-access 0' command is executed.
22:14:16 INFO  : ----------------XSDB Script----------------
connect -url tcp:127.0.0.1:3121
targets -set -nocase -filter {name =~"APU*"}
rst -system
after 3000
targets -set -filter {jtag_cable_name =~ "Digilent Zed 210248BD1333" && level==0 && jtag_device_ctx=="jsn-Zed-210248BD1333-23727093-0"}
fpga -file C:/openTCSPC3/SRC/zedboard_real_microscope/vitis/app/_ide/bitstream/zedboard_real_microscope_wrapper.bit
targets -set -nocase -filter {name =~"APU*"}
loadhw -hw C:/openTCSPC3/SRC/zedboard_real_microscope/vitis/platform/export/platform/hw/zedboard_real_microscope_wrapper.xsa -mem-ranges [list {0x40000000 0xbfffffff}] -regs
configparams force-mem-access 1
targets -set -nocase -filter {name =~"APU*"}
source C:/openTCSPC3/SRC/zedboard_real_microscope/vitis/app/_ide/psinit/ps7_init.tcl
ps7_init
ps7_post_config
targets -set -nocase -filter {name =~ "*A9*#0"}
dow C:/openTCSPC3/SRC/zedboard_real_microscope/vitis/app/Debug/app.elf
configparams force-mem-access 0
----------------End of Script----------------

22:14:16 INFO  : Context for processor 'ps7_cortexa9_0' is selected.
22:14:16 INFO  : 'con' command is executed.
22:14:16 INFO  : ----------------XSDB Script (After Launch)----------------
targets -set -nocase -filter {name =~ "*A9*#0"}
con
----------------End of Script----------------

22:14:16 INFO  : Launch script is exported to file 'C:\openTCSPC3\SRC\zedboard_real_microscope\vitis\app_system\_ide\scripts\systemdebugger_app_system_standalone.tcl'
22:22:09 INFO  : Checking for BSP changes to sync application flags for project 'app'...
22:22:16 INFO  : Disconnected from the channel tcfchan#31.
22:22:16 INFO  : Connected to target on host '127.0.0.1' and port '3121'.
22:22:16 INFO  : Jtag cable 'Digilent Zed 210248BD1333' is selected.
22:22:16 INFO  : 'jtag frequency' command is executed.
22:22:16 INFO  : Context for 'APU' is selected.
22:22:16 INFO  : System reset is completed.
22:22:19 INFO  : 'after 3000' command is executed.
22:22:19 INFO  : 'targets -set -filter {jtag_cable_name =~ "Digilent Zed 210248BD1333" && level==0 && jtag_device_ctx=="jsn-Zed-210248BD1333-23727093-0"}' command is executed.
22:22:22 INFO  : Device configured successfully with "C:/openTCSPC3/SRC/zedboard_real_microscope/vitis/app/_ide/bitstream/zedboard_real_microscope_wrapper.bit"
22:22:22 INFO  : Context for 'APU' is selected.
22:22:22 INFO  : Hardware design and registers information is loaded from 'C:/openTCSPC3/SRC/zedboard_real_microscope/vitis/platform/export/platform/hw/zedboard_real_microscope_wrapper.xsa'.
22:22:22 INFO  : 'configparams force-mem-access 1' command is executed.
22:22:22 INFO  : Context for 'APU' is selected.
22:22:22 INFO  : Sourcing of 'C:/openTCSPC3/SRC/zedboard_real_microscope/vitis/app/_ide/psinit/ps7_init.tcl' is done.
22:22:22 INFO  : 'ps7_init' command is executed.
22:22:22 INFO  : 'ps7_post_config' command is executed.
22:22:22 INFO  : Context for processor 'ps7_cortexa9_0' is selected.
22:22:29 INFO  : The application 'C:/openTCSPC3/SRC/zedboard_real_microscope/vitis/app/Debug/app.elf' is downloaded to processor 'ps7_cortexa9_0'.
22:22:29 INFO  : 'configparams force-mem-access 0' command is executed.
22:22:29 INFO  : ----------------XSDB Script----------------
connect -url tcp:127.0.0.1:3121
targets -set -nocase -filter {name =~"APU*"}
rst -system
after 3000
targets -set -filter {jtag_cable_name =~ "Digilent Zed 210248BD1333" && level==0 && jtag_device_ctx=="jsn-Zed-210248BD1333-23727093-0"}
fpga -file C:/openTCSPC3/SRC/zedboard_real_microscope/vitis/app/_ide/bitstream/zedboard_real_microscope_wrapper.bit
targets -set -nocase -filter {name =~"APU*"}
loadhw -hw C:/openTCSPC3/SRC/zedboard_real_microscope/vitis/platform/export/platform/hw/zedboard_real_microscope_wrapper.xsa -mem-ranges [list {0x40000000 0xbfffffff}] -regs
configparams force-mem-access 1
targets -set -nocase -filter {name =~"APU*"}
source C:/openTCSPC3/SRC/zedboard_real_microscope/vitis/app/_ide/psinit/ps7_init.tcl
ps7_init
ps7_post_config
targets -set -nocase -filter {name =~ "*A9*#0"}
dow C:/openTCSPC3/SRC/zedboard_real_microscope/vitis/app/Debug/app.elf
configparams force-mem-access 0
----------------End of Script----------------

22:22:29 INFO  : Context for processor 'ps7_cortexa9_0' is selected.
22:22:29 INFO  : 'con' command is executed.
22:22:29 INFO  : ----------------XSDB Script (After Launch)----------------
targets -set -nocase -filter {name =~ "*A9*#0"}
con
----------------End of Script----------------

22:22:29 INFO  : Launch script is exported to file 'C:\openTCSPC3\SRC\zedboard_real_microscope\vitis\app_system\_ide\scripts\systemdebugger_app_system_standalone.tcl'
22:25:57 INFO  : Disconnected from the channel tcfchan#32.
22:25:58 INFO  : Connected to target on host '127.0.0.1' and port '3121'.
22:25:58 INFO  : Jtag cable 'Digilent Zed 210248BD1333' is selected.
22:25:58 INFO  : 'jtag frequency' command is executed.
22:25:58 INFO  : Context for 'APU' is selected.
22:25:58 INFO  : System reset is completed.
22:26:01 INFO  : 'after 3000' command is executed.
22:26:01 INFO  : 'targets -set -filter {jtag_cable_name =~ "Digilent Zed 210248BD1333" && level==0 && jtag_device_ctx=="jsn-Zed-210248BD1333-23727093-0"}' command is executed.
22:26:03 INFO  : Device configured successfully with "C:/openTCSPC3/SRC/zedboard_real_microscope/vitis/app/_ide/bitstream/zedboard_real_microscope_wrapper.bit"
22:26:03 INFO  : Context for 'APU' is selected.
22:26:03 INFO  : Hardware design and registers information is loaded from 'C:/openTCSPC3/SRC/zedboard_real_microscope/vitis/platform/export/platform/hw/zedboard_real_microscope_wrapper.xsa'.
22:26:03 INFO  : 'configparams force-mem-access 1' command is executed.
22:26:03 INFO  : Context for 'APU' is selected.
22:26:03 INFO  : Sourcing of 'C:/openTCSPC3/SRC/zedboard_real_microscope/vitis/app/_ide/psinit/ps7_init.tcl' is done.
22:26:04 INFO  : 'ps7_init' command is executed.
22:26:04 INFO  : 'ps7_post_config' command is executed.
22:26:04 INFO  : Context for processor 'ps7_cortexa9_0' is selected.
22:26:11 INFO  : The application 'C:/openTCSPC3/SRC/zedboard_real_microscope/vitis/app/Debug/app.elf' is downloaded to processor 'ps7_cortexa9_0'.
22:26:11 INFO  : 'configparams force-mem-access 0' command is executed.
22:26:11 INFO  : ----------------XSDB Script----------------
connect -url tcp:127.0.0.1:3121
targets -set -nocase -filter {name =~"APU*"}
rst -system
after 3000
targets -set -filter {jtag_cable_name =~ "Digilent Zed 210248BD1333" && level==0 && jtag_device_ctx=="jsn-Zed-210248BD1333-23727093-0"}
fpga -file C:/openTCSPC3/SRC/zedboard_real_microscope/vitis/app/_ide/bitstream/zedboard_real_microscope_wrapper.bit
targets -set -nocase -filter {name =~"APU*"}
loadhw -hw C:/openTCSPC3/SRC/zedboard_real_microscope/vitis/platform/export/platform/hw/zedboard_real_microscope_wrapper.xsa -mem-ranges [list {0x40000000 0xbfffffff}] -regs
configparams force-mem-access 1
targets -set -nocase -filter {name =~"APU*"}
source C:/openTCSPC3/SRC/zedboard_real_microscope/vitis/app/_ide/psinit/ps7_init.tcl
ps7_init
ps7_post_config
targets -set -nocase -filter {name =~ "*A9*#0"}
dow C:/openTCSPC3/SRC/zedboard_real_microscope/vitis/app/Debug/app.elf
configparams force-mem-access 0
----------------End of Script----------------

22:26:11 INFO  : Context for processor 'ps7_cortexa9_0' is selected.
22:26:11 INFO  : 'con' command is executed.
22:26:11 INFO  : ----------------XSDB Script (After Launch)----------------
targets -set -nocase -filter {name =~ "*A9*#0"}
con
----------------End of Script----------------

22:26:11 INFO  : Launch script is exported to file 'C:\openTCSPC3\SRC\zedboard_real_microscope\vitis\app_system\_ide\scripts\systemdebugger_app_system_standalone.tcl'
22:27:07 INFO  : Disconnected from the channel tcfchan#33.
22:27:07 INFO  : Connected to target on host '127.0.0.1' and port '3121'.
22:27:07 INFO  : Jtag cable 'Digilent Zed 210248BD1333' is selected.
22:27:07 INFO  : 'jtag frequency' command is executed.
22:27:07 INFO  : Context for 'APU' is selected.
22:27:07 INFO  : System reset is completed.
22:27:10 INFO  : 'after 3000' command is executed.
22:27:10 INFO  : 'targets -set -filter {jtag_cable_name =~ "Digilent Zed 210248BD1333" && level==0 && jtag_device_ctx=="jsn-Zed-210248BD1333-23727093-0"}' command is executed.
22:27:13 INFO  : Device configured successfully with "C:/openTCSPC3/SRC/zedboard_real_microscope/vitis/app/_ide/bitstream/zedboard_real_microscope_wrapper.bit"
22:27:13 INFO  : Context for 'APU' is selected.
22:27:13 INFO  : Hardware design and registers information is loaded from 'C:/openTCSPC3/SRC/zedboard_real_microscope/vitis/platform/export/platform/hw/zedboard_real_microscope_wrapper.xsa'.
22:27:13 INFO  : 'configparams force-mem-access 1' command is executed.
22:27:13 INFO  : Context for 'APU' is selected.
22:27:13 INFO  : Sourcing of 'C:/openTCSPC3/SRC/zedboard_real_microscope/vitis/app/_ide/psinit/ps7_init.tcl' is done.
22:27:13 INFO  : 'ps7_init' command is executed.
22:27:13 INFO  : 'ps7_post_config' command is executed.
22:27:13 INFO  : Context for processor 'ps7_cortexa9_0' is selected.
22:27:20 INFO  : The application 'C:/openTCSPC3/SRC/zedboard_real_microscope/vitis/app/Debug/app.elf' is downloaded to processor 'ps7_cortexa9_0'.
22:27:20 INFO  : 'configparams force-mem-access 0' command is executed.
22:27:20 INFO  : ----------------XSDB Script----------------
connect -url tcp:127.0.0.1:3121
targets -set -nocase -filter {name =~"APU*"}
rst -system
after 3000
targets -set -filter {jtag_cable_name =~ "Digilent Zed 210248BD1333" && level==0 && jtag_device_ctx=="jsn-Zed-210248BD1333-23727093-0"}
fpga -file C:/openTCSPC3/SRC/zedboard_real_microscope/vitis/app/_ide/bitstream/zedboard_real_microscope_wrapper.bit
targets -set -nocase -filter {name =~"APU*"}
loadhw -hw C:/openTCSPC3/SRC/zedboard_real_microscope/vitis/platform/export/platform/hw/zedboard_real_microscope_wrapper.xsa -mem-ranges [list {0x40000000 0xbfffffff}] -regs
configparams force-mem-access 1
targets -set -nocase -filter {name =~"APU*"}
source C:/openTCSPC3/SRC/zedboard_real_microscope/vitis/app/_ide/psinit/ps7_init.tcl
ps7_init
ps7_post_config
targets -set -nocase -filter {name =~ "*A9*#0"}
dow C:/openTCSPC3/SRC/zedboard_real_microscope/vitis/app/Debug/app.elf
configparams force-mem-access 0
----------------End of Script----------------

22:27:20 INFO  : Context for processor 'ps7_cortexa9_0' is selected.
22:27:20 INFO  : 'con' command is executed.
22:27:20 INFO  : ----------------XSDB Script (After Launch)----------------
targets -set -nocase -filter {name =~ "*A9*#0"}
con
----------------End of Script----------------

22:27:20 INFO  : Launch script is exported to file 'C:\openTCSPC3\SRC\zedboard_real_microscope\vitis\app_system\_ide\scripts\systemdebugger_app_system_standalone.tcl'
22:30:45 INFO  : Checking for BSP changes to sync application flags for project 'app'...
22:31:07 INFO  : Disconnected from the channel tcfchan#34.
22:31:08 INFO  : Connected to target on host '127.0.0.1' and port '3121'.
22:31:08 INFO  : Jtag cable 'Digilent Zed 210248BD1333' is selected.
22:31:08 INFO  : 'jtag frequency' command is executed.
22:31:08 INFO  : Context for 'APU' is selected.
22:31:08 INFO  : System reset is completed.
22:31:11 INFO  : 'after 3000' command is executed.
22:31:11 INFO  : 'targets -set -filter {jtag_cable_name =~ "Digilent Zed 210248BD1333" && level==0 && jtag_device_ctx=="jsn-Zed-210248BD1333-23727093-0"}' command is executed.
22:31:13 INFO  : Device configured successfully with "C:/openTCSPC3/SRC/zedboard_real_microscope/vitis/app/_ide/bitstream/zedboard_real_microscope_wrapper.bit"
22:31:13 INFO  : Context for 'APU' is selected.
22:31:13 INFO  : Hardware design and registers information is loaded from 'C:/openTCSPC3/SRC/zedboard_real_microscope/vitis/platform/export/platform/hw/zedboard_real_microscope_wrapper.xsa'.
22:31:13 INFO  : 'configparams force-mem-access 1' command is executed.
22:31:13 INFO  : Context for 'APU' is selected.
22:31:14 INFO  : Sourcing of 'C:/openTCSPC3/SRC/zedboard_real_microscope/vitis/app/_ide/psinit/ps7_init.tcl' is done.
22:31:14 INFO  : 'ps7_init' command is executed.
22:31:14 INFO  : 'ps7_post_config' command is executed.
22:31:14 INFO  : Context for processor 'ps7_cortexa9_0' is selected.
22:31:21 INFO  : The application 'C:/openTCSPC3/SRC/zedboard_real_microscope/vitis/app/Debug/app.elf' is downloaded to processor 'ps7_cortexa9_0'.
22:31:21 INFO  : 'configparams force-mem-access 0' command is executed.
22:31:21 INFO  : ----------------XSDB Script----------------
connect -url tcp:127.0.0.1:3121
targets -set -nocase -filter {name =~"APU*"}
rst -system
after 3000
targets -set -filter {jtag_cable_name =~ "Digilent Zed 210248BD1333" && level==0 && jtag_device_ctx=="jsn-Zed-210248BD1333-23727093-0"}
fpga -file C:/openTCSPC3/SRC/zedboard_real_microscope/vitis/app/_ide/bitstream/zedboard_real_microscope_wrapper.bit
targets -set -nocase -filter {name =~"APU*"}
loadhw -hw C:/openTCSPC3/SRC/zedboard_real_microscope/vitis/platform/export/platform/hw/zedboard_real_microscope_wrapper.xsa -mem-ranges [list {0x40000000 0xbfffffff}] -regs
configparams force-mem-access 1
targets -set -nocase -filter {name =~"APU*"}
source C:/openTCSPC3/SRC/zedboard_real_microscope/vitis/app/_ide/psinit/ps7_init.tcl
ps7_init
ps7_post_config
targets -set -nocase -filter {name =~ "*A9*#0"}
dow C:/openTCSPC3/SRC/zedboard_real_microscope/vitis/app/Debug/app.elf
configparams force-mem-access 0
----------------End of Script----------------

22:31:21 INFO  : Context for processor 'ps7_cortexa9_0' is selected.
22:31:21 INFO  : 'con' command is executed.
22:31:21 INFO  : ----------------XSDB Script (After Launch)----------------
targets -set -nocase -filter {name =~ "*A9*#0"}
con
----------------End of Script----------------

22:31:21 INFO  : Launch script is exported to file 'C:\openTCSPC3\SRC\zedboard_real_microscope\vitis\app_system\_ide\scripts\systemdebugger_app_system_standalone.tcl'
08:28:21 INFO  : Checking for BSP changes to sync application flags for project 'app'...
12:12:06 ERROR : Failed to update hardware specification for project 'platform'.
Reason: Failed to execute command 'platform config -updatehw {C:/openTCSPC3/SRC/zedboard_real_microscope/vitis/zedboard_real_microscope_wrapper.xsa}'. Click on details for more information.
12:13:27 INFO  : Hardware specification for platform project 'platform' is updated.
12:14:05 INFO  : Result from executing command 'getProjects': platform
12:14:05 INFO  : Result from executing command 'getPlatforms': platform|C:/openTCSPC3/SRC/zedboard_real_microscope/vitis/platform/export/platform/platform.xpfm;xilinx_zcu102_base_202420_1|C:/Xilinx/Vitis/2024.2/base_platforms/xilinx_zcu102_base_202420_1/xilinx_zcu102_base_202420_1.xpfm;xilinx_zcu102_base_dfx_202420_1|C:/Xilinx/Vitis/2024.2/base_platforms/xilinx_zcu102_base_dfx_202420_1/xilinx_zcu102_base_dfx_202420_1.xpfm;xilinx_zcu104_base_202420_1|C:/Xilinx/Vitis/2024.2/base_platforms/xilinx_zcu104_base_202420_1/xilinx_zcu104_base_202420_1.xpfm
12:15:10 INFO  : Checking for BSP changes to sync application flags for project 'app'...
12:15:39 INFO  : The hardware specification used by project 'app' is out of sync with the platform. Resource files extracted from the hardware specification will be updated.
12:15:39 INFO  : The file 'C:\openTCSPC3\SRC\zedboard_real_microscope\vitis\app\_ide\bitstream\zedboard_real_microscope_wrapper.bit' stored in project is removed.
12:15:39 INFO  : The file 'C:\openTCSPC3\SRC\zedboard_real_microscope\vitis\app\_ide\bitstream\zedboard_real_microscope_wrapper.mmi' stored in project is removed.
12:15:39 INFO  : The updated bitstream files are copied from platform to folder 'C:\openTCSPC3\SRC\zedboard_real_microscope\vitis\app\_ide\bitstream' in project 'app'.
12:15:39 INFO  : The file 'C:\openTCSPC3\SRC\zedboard_real_microscope\vitis\app\_ide\psinit\ps7_init.tcl' stored in project is removed.
12:15:46 INFO  : The updated ps init files are copied from platform to folder 'C:\openTCSPC3\SRC\zedboard_real_microscope\vitis\app\_ide\psinit' in project 'app'.
12:17:13 INFO  : Disconnected from the channel tcfchan#35.
12:17:13 INFO  : Connected to target on host '127.0.0.1' and port '3121'.
12:17:15 INFO  : Jtag cable 'Digilent Zed 210248BD1333' is selected.
12:17:15 INFO  : 'jtag frequency' command is executed.
12:17:15 INFO  : Context for 'APU' is selected.
12:17:15 INFO  : System reset is completed.
12:17:18 INFO  : 'after 3000' command is executed.
12:17:19 INFO  : 'targets -set -filter {jtag_cable_name =~ "Digilent Zed 210248BD1333" && level==0 && jtag_device_ctx=="jsn-Zed-210248BD1333-23727093-0"}' command is executed.
12:17:21 INFO  : Device configured successfully with "C:/openTCSPC3/SRC/zedboard_real_microscope/vitis/app/_ide/bitstream/zedboard_real_microscope_wrapper.bit"
12:17:21 INFO  : Context for 'APU' is selected.
12:17:21 INFO  : Hardware design and registers information is loaded from 'C:/openTCSPC3/SRC/zedboard_real_microscope/vitis/platform/export/platform/hw/zedboard_real_microscope_wrapper2.xsa'.
12:17:21 INFO  : 'configparams force-mem-access 1' command is executed.
12:17:21 INFO  : Context for 'APU' is selected.
12:17:21 INFO  : Sourcing of 'C:/openTCSPC3/SRC/zedboard_real_microscope/vitis/app/_ide/psinit/ps7_init.tcl' is done.
12:17:22 INFO  : 'ps7_init' command is executed.
12:17:22 INFO  : 'ps7_post_config' command is executed.
12:17:22 INFO  : Context for processor 'ps7_cortexa9_0' is selected.
12:17:29 INFO  : The application 'C:/openTCSPC3/SRC/zedboard_real_microscope/vitis/app/Debug/app.elf' is downloaded to processor 'ps7_cortexa9_0'.
12:17:29 INFO  : 'configparams force-mem-access 0' command is executed.
12:17:29 INFO  : ----------------XSDB Script----------------
connect -url tcp:127.0.0.1:3121
targets -set -nocase -filter {name =~"APU*"}
rst -system
after 3000
targets -set -filter {jtag_cable_name =~ "Digilent Zed 210248BD1333" && level==0 && jtag_device_ctx=="jsn-Zed-210248BD1333-23727093-0"}
fpga -file C:/openTCSPC3/SRC/zedboard_real_microscope/vitis/app/_ide/bitstream/zedboard_real_microscope_wrapper.bit
targets -set -nocase -filter {name =~"APU*"}
loadhw -hw C:/openTCSPC3/SRC/zedboard_real_microscope/vitis/platform/export/platform/hw/zedboard_real_microscope_wrapper2.xsa -mem-ranges [list {0x40000000 0xbfffffff}] -regs
configparams force-mem-access 1
targets -set -nocase -filter {name =~"APU*"}
source C:/openTCSPC3/SRC/zedboard_real_microscope/vitis/app/_ide/psinit/ps7_init.tcl
ps7_init
ps7_post_config
targets -set -nocase -filter {name =~ "*A9*#0"}
dow C:/openTCSPC3/SRC/zedboard_real_microscope/vitis/app/Debug/app.elf
configparams force-mem-access 0
----------------End of Script----------------

12:17:29 INFO  : Context for processor 'ps7_cortexa9_0' is selected.
12:17:29 INFO  : 'con' command is executed.
12:17:29 INFO  : ----------------XSDB Script (After Launch)----------------
targets -set -nocase -filter {name =~ "*A9*#0"}
con
----------------End of Script----------------

12:17:29 INFO  : Launch script is exported to file 'C:\openTCSPC3\SRC\zedboard_real_microscope\vitis\app_system\_ide\scripts\systemdebugger_app_system_standalone.tcl'
12:18:02 INFO  : Disconnected from the channel tcfchan#38.
12:18:02 INFO  : Connected to target on host '127.0.0.1' and port '3121'.
12:18:02 INFO  : Jtag cable 'Digilent Zed 210248BD1333' is selected.
12:18:02 INFO  : 'jtag frequency' command is executed.
12:18:02 INFO  : Context for 'APU' is selected.
12:18:02 INFO  : System reset is completed.
12:18:05 INFO  : 'after 3000' command is executed.
12:18:05 INFO  : 'targets -set -filter {jtag_cable_name =~ "Digilent Zed 210248BD1333" && level==0 && jtag_device_ctx=="jsn-Zed-210248BD1333-23727093-0"}' command is executed.
12:18:08 INFO  : Device configured successfully with "C:/openTCSPC3/SRC/zedboard_real_microscope/vitis/app/_ide/bitstream/zedboard_real_microscope_wrapper.bit"
12:18:08 INFO  : Context for 'APU' is selected.
12:18:08 INFO  : Hardware design and registers information is loaded from 'C:/openTCSPC3/SRC/zedboard_real_microscope/vitis/platform/export/platform/hw/zedboard_real_microscope_wrapper2.xsa'.
12:18:08 INFO  : 'configparams force-mem-access 1' command is executed.
12:18:08 INFO  : Context for 'APU' is selected.
12:18:08 INFO  : Sourcing of 'C:/openTCSPC3/SRC/zedboard_real_microscope/vitis/app/_ide/psinit/ps7_init.tcl' is done.
12:18:08 INFO  : 'ps7_init' command is executed.
12:18:08 INFO  : 'ps7_post_config' command is executed.
12:18:08 INFO  : Context for processor 'ps7_cortexa9_0' is selected.
12:18:16 INFO  : The application 'C:/openTCSPC3/SRC/zedboard_real_microscope/vitis/app/Debug/app.elf' is downloaded to processor 'ps7_cortexa9_0'.
12:18:16 INFO  : 'configparams force-mem-access 0' command is executed.
12:18:16 INFO  : ----------------XSDB Script----------------
connect -url tcp:127.0.0.1:3121
targets -set -nocase -filter {name =~"APU*"}
rst -system
after 3000
targets -set -filter {jtag_cable_name =~ "Digilent Zed 210248BD1333" && level==0 && jtag_device_ctx=="jsn-Zed-210248BD1333-23727093-0"}
fpga -file C:/openTCSPC3/SRC/zedboard_real_microscope/vitis/app/_ide/bitstream/zedboard_real_microscope_wrapper.bit
targets -set -nocase -filter {name =~"APU*"}
loadhw -hw C:/openTCSPC3/SRC/zedboard_real_microscope/vitis/platform/export/platform/hw/zedboard_real_microscope_wrapper2.xsa -mem-ranges [list {0x40000000 0xbfffffff}] -regs
configparams force-mem-access 1
targets -set -nocase -filter {name =~"APU*"}
source C:/openTCSPC3/SRC/zedboard_real_microscope/vitis/app/_ide/psinit/ps7_init.tcl
ps7_init
ps7_post_config
targets -set -nocase -filter {name =~ "*A9*#0"}
dow C:/openTCSPC3/SRC/zedboard_real_microscope/vitis/app/Debug/app.elf
configparams force-mem-access 0
----------------End of Script----------------

12:18:16 INFO  : Context for processor 'ps7_cortexa9_0' is selected.
12:18:16 INFO  : 'con' command is executed.
12:18:16 INFO  : ----------------XSDB Script (After Launch)----------------
targets -set -nocase -filter {name =~ "*A9*#0"}
con
----------------End of Script----------------

12:18:16 INFO  : Launch script is exported to file 'C:\openTCSPC3\SRC\zedboard_real_microscope\vitis\app_system\_ide\scripts\systemdebugger_app_system_standalone.tcl'
12:32:21 INFO  : Disconnected from the channel tcfchan#39.
12:32:21 INFO  : Connected to target on host '127.0.0.1' and port '3121'.
12:32:22 INFO  : Jtag cable 'Digilent Zed 210248BD1333' is selected.
12:32:22 INFO  : 'jtag frequency' command is executed.
12:32:22 INFO  : Context for 'APU' is selected.
12:32:22 INFO  : System reset is completed.
12:32:25 INFO  : 'after 3000' command is executed.
12:32:25 INFO  : 'targets -set -filter {jtag_cable_name =~ "Digilent Zed 210248BD1333" && level==0 && jtag_device_ctx=="jsn-Zed-210248BD1333-23727093-0"}' command is executed.
12:32:27 INFO  : Device configured successfully with "C:/openTCSPC3/SRC/zedboard_real_microscope/vitis/app/_ide/bitstream/zedboard_real_microscope_wrapper.bit"
12:32:27 INFO  : Context for 'APU' is selected.
12:32:27 INFO  : Hardware design and registers information is loaded from 'C:/openTCSPC3/SRC/zedboard_real_microscope/vitis/platform/export/platform/hw/zedboard_real_microscope_wrapper2.xsa'.
12:32:27 INFO  : 'configparams force-mem-access 1' command is executed.
12:32:27 INFO  : Context for 'APU' is selected.
12:32:27 INFO  : Sourcing of 'C:/openTCSPC3/SRC/zedboard_real_microscope/vitis/app/_ide/psinit/ps7_init.tcl' is done.
12:32:28 INFO  : 'ps7_init' command is executed.
12:32:28 INFO  : 'ps7_post_config' command is executed.
12:32:28 INFO  : Context for processor 'ps7_cortexa9_0' is selected.
12:32:35 INFO  : The application 'C:/openTCSPC3/SRC/zedboard_real_microscope/vitis/app/Debug/app.elf' is downloaded to processor 'ps7_cortexa9_0'.
12:32:35 INFO  : 'configparams force-mem-access 0' command is executed.
12:32:35 INFO  : ----------------XSDB Script----------------
connect -url tcp:127.0.0.1:3121
targets -set -nocase -filter {name =~"APU*"}
rst -system
after 3000
targets -set -filter {jtag_cable_name =~ "Digilent Zed 210248BD1333" && level==0 && jtag_device_ctx=="jsn-Zed-210248BD1333-23727093-0"}
fpga -file C:/openTCSPC3/SRC/zedboard_real_microscope/vitis/app/_ide/bitstream/zedboard_real_microscope_wrapper.bit
targets -set -nocase -filter {name =~"APU*"}
loadhw -hw C:/openTCSPC3/SRC/zedboard_real_microscope/vitis/platform/export/platform/hw/zedboard_real_microscope_wrapper2.xsa -mem-ranges [list {0x40000000 0xbfffffff}] -regs
configparams force-mem-access 1
targets -set -nocase -filter {name =~"APU*"}
source C:/openTCSPC3/SRC/zedboard_real_microscope/vitis/app/_ide/psinit/ps7_init.tcl
ps7_init
ps7_post_config
targets -set -nocase -filter {name =~ "*A9*#0"}
dow C:/openTCSPC3/SRC/zedboard_real_microscope/vitis/app/Debug/app.elf
configparams force-mem-access 0
----------------End of Script----------------

12:32:35 INFO  : Context for processor 'ps7_cortexa9_0' is selected.
12:32:35 INFO  : 'con' command is executed.
12:32:35 INFO  : ----------------XSDB Script (After Launch)----------------
targets -set -nocase -filter {name =~ "*A9*#0"}
con
----------------End of Script----------------

12:32:35 INFO  : Launch script is exported to file 'C:\openTCSPC3\SRC\zedboard_real_microscope\vitis\app_system\_ide\scripts\systemdebugger_app_system_standalone.tcl'
12:33:36 INFO  : Disconnected from the channel tcfchan#40.
12:33:36 INFO  : Connected to target on host '127.0.0.1' and port '3121'.
12:33:37 INFO  : Jtag cable 'Digilent Zed 210248BD1333' is selected.
12:33:37 INFO  : 'jtag frequency' command is executed.
12:33:37 INFO  : Context for 'APU' is selected.
12:33:37 INFO  : System reset is completed.
12:33:40 INFO  : 'after 3000' command is executed.
12:33:40 INFO  : 'targets -set -filter {jtag_cable_name =~ "Digilent Zed 210248BD1333" && level==0 && jtag_device_ctx=="jsn-Zed-210248BD1333-23727093-0"}' command is executed.
12:33:42 INFO  : Device configured successfully with "C:/openTCSPC3/SRC/zedboard_real_microscope/vitis/app/_ide/bitstream/zedboard_real_microscope_wrapper.bit"
12:33:42 INFO  : Context for 'APU' is selected.
12:33:42 INFO  : Hardware design and registers information is loaded from 'C:/openTCSPC3/SRC/zedboard_real_microscope/vitis/platform/export/platform/hw/zedboard_real_microscope_wrapper2.xsa'.
12:33:42 INFO  : 'configparams force-mem-access 1' command is executed.
12:33:42 INFO  : Context for 'APU' is selected.
12:33:42 INFO  : Sourcing of 'C:/openTCSPC3/SRC/zedboard_real_microscope/vitis/app/_ide/psinit/ps7_init.tcl' is done.
12:33:43 INFO  : 'ps7_init' command is executed.
12:33:43 INFO  : 'ps7_post_config' command is executed.
12:33:43 INFO  : Context for processor 'ps7_cortexa9_0' is selected.
12:33:50 INFO  : The application 'C:/openTCSPC3/SRC/zedboard_real_microscope/vitis/app/Debug/app.elf' is downloaded to processor 'ps7_cortexa9_0'.
12:33:50 INFO  : 'configparams force-mem-access 0' command is executed.
12:33:50 INFO  : ----------------XSDB Script----------------
connect -url tcp:127.0.0.1:3121
targets -set -nocase -filter {name =~"APU*"}
rst -system
after 3000
targets -set -filter {jtag_cable_name =~ "Digilent Zed 210248BD1333" && level==0 && jtag_device_ctx=="jsn-Zed-210248BD1333-23727093-0"}
fpga -file C:/openTCSPC3/SRC/zedboard_real_microscope/vitis/app/_ide/bitstream/zedboard_real_microscope_wrapper.bit
targets -set -nocase -filter {name =~"APU*"}
loadhw -hw C:/openTCSPC3/SRC/zedboard_real_microscope/vitis/platform/export/platform/hw/zedboard_real_microscope_wrapper2.xsa -mem-ranges [list {0x40000000 0xbfffffff}] -regs
configparams force-mem-access 1
targets -set -nocase -filter {name =~"APU*"}
source C:/openTCSPC3/SRC/zedboard_real_microscope/vitis/app/_ide/psinit/ps7_init.tcl
ps7_init
ps7_post_config
targets -set -nocase -filter {name =~ "*A9*#0"}
dow C:/openTCSPC3/SRC/zedboard_real_microscope/vitis/app/Debug/app.elf
configparams force-mem-access 0
----------------End of Script----------------

12:33:50 INFO  : Context for processor 'ps7_cortexa9_0' is selected.
12:33:50 INFO  : 'con' command is executed.
12:33:50 INFO  : ----------------XSDB Script (After Launch)----------------
targets -set -nocase -filter {name =~ "*A9*#0"}
con
----------------End of Script----------------

12:33:50 INFO  : Launch script is exported to file 'C:\openTCSPC3\SRC\zedboard_real_microscope\vitis\app_system\_ide\scripts\systemdebugger_app_system_standalone.tcl'
12:34:36 INFO  : Disconnected from the channel tcfchan#41.
12:34:36 INFO  : Connected to target on host '127.0.0.1' and port '3121'.
12:34:37 INFO  : Jtag cable 'Digilent Zed 210248BD1333' is selected.
12:34:37 INFO  : 'jtag frequency' command is executed.
12:34:37 INFO  : Context for 'APU' is selected.
12:34:37 INFO  : System reset is completed.
12:34:40 INFO  : 'after 3000' command is executed.
12:34:40 INFO  : 'targets -set -filter {jtag_cable_name =~ "Digilent Zed 210248BD1333" && level==0 && jtag_device_ctx=="jsn-Zed-210248BD1333-23727093-0"}' command is executed.
12:34:42 INFO  : Device configured successfully with "C:/openTCSPC3/SRC/zedboard_real_microscope/vitis/app/_ide/bitstream/zedboard_real_microscope_wrapper.bit"
12:34:42 INFO  : Context for 'APU' is selected.
12:34:42 INFO  : Hardware design and registers information is loaded from 'C:/openTCSPC3/SRC/zedboard_real_microscope/vitis/platform/export/platform/hw/zedboard_real_microscope_wrapper2.xsa'.
12:34:42 INFO  : 'configparams force-mem-access 1' command is executed.
12:34:42 INFO  : Context for 'APU' is selected.
12:34:42 INFO  : Sourcing of 'C:/openTCSPC3/SRC/zedboard_real_microscope/vitis/app/_ide/psinit/ps7_init.tcl' is done.
12:34:43 INFO  : 'ps7_init' command is executed.
12:34:43 INFO  : 'ps7_post_config' command is executed.
12:34:43 INFO  : Context for processor 'ps7_cortexa9_0' is selected.
12:34:50 INFO  : The application 'C:/openTCSPC3/SRC/zedboard_real_microscope/vitis/app/Debug/app.elf' is downloaded to processor 'ps7_cortexa9_0'.
12:34:50 INFO  : 'configparams force-mem-access 0' command is executed.
12:34:50 INFO  : ----------------XSDB Script----------------
connect -url tcp:127.0.0.1:3121
targets -set -nocase -filter {name =~"APU*"}
rst -system
after 3000
targets -set -filter {jtag_cable_name =~ "Digilent Zed 210248BD1333" && level==0 && jtag_device_ctx=="jsn-Zed-210248BD1333-23727093-0"}
fpga -file C:/openTCSPC3/SRC/zedboard_real_microscope/vitis/app/_ide/bitstream/zedboard_real_microscope_wrapper.bit
targets -set -nocase -filter {name =~"APU*"}
loadhw -hw C:/openTCSPC3/SRC/zedboard_real_microscope/vitis/platform/export/platform/hw/zedboard_real_microscope_wrapper2.xsa -mem-ranges [list {0x40000000 0xbfffffff}] -regs
configparams force-mem-access 1
targets -set -nocase -filter {name =~"APU*"}
source C:/openTCSPC3/SRC/zedboard_real_microscope/vitis/app/_ide/psinit/ps7_init.tcl
ps7_init
ps7_post_config
targets -set -nocase -filter {name =~ "*A9*#0"}
dow C:/openTCSPC3/SRC/zedboard_real_microscope/vitis/app/Debug/app.elf
configparams force-mem-access 0
----------------End of Script----------------

12:34:50 INFO  : Context for processor 'ps7_cortexa9_0' is selected.
12:34:50 INFO  : 'con' command is executed.
12:34:50 INFO  : ----------------XSDB Script (After Launch)----------------
targets -set -nocase -filter {name =~ "*A9*#0"}
con
----------------End of Script----------------

12:34:50 INFO  : Launch script is exported to file 'C:\openTCSPC3\SRC\zedboard_real_microscope\vitis\app_system\_ide\scripts\systemdebugger_app_system_standalone.tcl'
14:05:49 WARN  : channel "tcfchan#42" closed
07:56:33 DEBUG : Logs will be stored at 'C:/openTCSPC3/SRC/zedboard_real_microscope/vitis/IDE.log'.
07:56:34 INFO  : Launching XSCT server: xsct.bat -n  -interactive C:\openTCSPC3\SRC\zedboard_real_microscope\vitis\temp_xsdb_launch_script.tcl
07:56:38 INFO  : XSCT server has started successfully.
07:56:38 INFO  : Successfully done setting XSCT server connection channel  
07:56:38 INFO  : plnx-install-location is set to ''
07:56:38 INFO  : Successfully done setting workspace for the tool. 
07:56:39 INFO  : Platform repository initialization has completed.
07:56:39 INFO  : Registering command handlers for Vitis TCF services
07:56:43 INFO  : Successfully done query RDI_DATADIR 
08:00:10 INFO  : Hardware specification for platform project 'platform' is updated.
08:04:13 INFO  : Result from executing command 'getProjects': platform
08:04:13 INFO  : Result from executing command 'getPlatforms': platform|C:/openTCSPC3/SRC/zedboard_real_microscope/vitis/platform/export/platform/platform.xpfm;xilinx_zcu102_base_202420_1|C:/Xilinx/Vitis/2024.2/base_platforms/xilinx_zcu102_base_202420_1/xilinx_zcu102_base_202420_1.xpfm;xilinx_zcu102_base_dfx_202420_1|C:/Xilinx/Vitis/2024.2/base_platforms/xilinx_zcu102_base_dfx_202420_1/xilinx_zcu102_base_dfx_202420_1.xpfm;xilinx_zcu104_base_202420_1|C:/Xilinx/Vitis/2024.2/base_platforms/xilinx_zcu104_base_202420_1/xilinx_zcu104_base_202420_1.xpfm
08:04:14 INFO  : Checking for BSP changes to sync application flags for project 'app'...
08:08:22 ERROR : (XRT Server)C:/Xilinx/Vitis/2024.2/bin/unwrapped/win64.o/xrt_server.exe: error: illegal option '-'
Usage: agent [OPTION]...
Start Target Communication Framework agent.
  -d               run in daemon mode (output is sent to system logger)
  -i               run in interactive mode
  -L<file>         enable logging, use -L- to send log to stderr
  -l<level>        set log level, the level is comma separated list of:
      alloc        memory allocation and deallocation (0x1)
      eventcore    main event queue (0x2)
      waitpid      waitpid() events (0x4)
      events       low-level debugger events (0x8)
      protocol     communication protocol (0x20)
      context      debug context actions (0x40)
      children     debug context children (0x10)
      discovery    discovery (0x80)
      asyncreq     async I/O (0x100)
      proxy        proxy state (0x200)
      tcflog       proxy traffic (0x400)
      elf          ELF reader (0x800)
      stack        stack trace service (0x2000)
      plugin       plugins (0x4000)
      shutdown     shutdown of subsystems (0x8000)
      disasm       disassembly service (0x10000)
  -s<url>          set agent listening port and protocol, default is tcp::0
  -S               print server properties in Json format to stdout
  -g<port>         start GDB Remote Serial Protocol server at the specified TCP port
  -I<idle-seconds> exit if there are no connections for the specified time

08:09:21 ERROR : Timed out. 60 seconds have elapsed while waiting for the XRT server to launch.
08:09:21 INFO  : The hardware specification used by project 'app' is out of sync with the platform. Resource files extracted from the hardware specification will be updated.
08:09:21 INFO  : The file 'C:\openTCSPC3\SRC\zedboard_real_microscope\vitis\app\_ide\bitstream\zedboard_real_microscope_wrapper.bit' stored in project is removed.
08:09:21 INFO  : The file 'C:\openTCSPC3\SRC\zedboard_real_microscope\vitis\app\_ide\bitstream\zedboard_real_microscope_wrapper.mmi' stored in project is removed.
08:09:21 INFO  : The updated bitstream files are copied from platform to folder 'C:\openTCSPC3\SRC\zedboard_real_microscope\vitis\app\_ide\bitstream' in project 'app'.
08:09:22 INFO  : The file 'C:\openTCSPC3\SRC\zedboard_real_microscope\vitis\app\_ide\psinit\ps7_init.tcl' stored in project is removed.
08:09:28 INFO  : The updated ps init files are copied from platform to folder 'C:\openTCSPC3\SRC\zedboard_real_microscope\vitis\app\_ide\psinit' in project 'app'.
08:09:28 INFO  : Connected to target on host '127.0.0.1' and port '3121'.
08:09:29 INFO  : Jtag cable 'Digilent Zed 210248BD1333' is selected.
08:09:29 INFO  : 'jtag frequency' command is executed.
08:09:29 INFO  : Context for 'APU' is selected.
08:09:29 INFO  : System reset is completed.
08:09:32 INFO  : 'after 3000' command is executed.
08:09:32 INFO  : 'targets -set -filter {jtag_cable_name =~ "Digilent Zed 210248BD1333" && level==0 && jtag_device_ctx=="jsn-Zed-210248BD1333-23727093-0"}' command is executed.
08:09:32 ERROR : couldn't open "C:/openTCSPC3/SRC/zedboard_real_microscope/vitis/app/_ide/bitstream/zedboard_real_microscope_wrapper.bit": no such file or directory
08:09:32 ERROR : Exception occured while running Program Device.
java.lang.RuntimeException: couldn't open "C:/openTCSPC3/SRC/zedboard_real_microscope/vitis/app/_ide/bitstream/zedboard_real_microscope_wrapper.bit": no such file or directory
08:09:32 INFO  : ----------------XSDB Script----------------
connect -url tcp:127.0.0.1:3121
targets -set -nocase -filter {name =~"APU*"}
rst -system
after 3000
----------------End of Script----------------

08:09:32 ERROR : couldn't open "C:/openTCSPC3/SRC/zedboard_real_microscope/vitis/app/_ide/bitstream/zedboard_real_microscope_wrapper.bit": no such file or directory
08:10:09 ERROR : (XRT Server)C:/Xilinx/Vitis/2024.2/bin/unwrapped/win64.o/xrt_server.exe: error: illegal option '-'
Usage: agent [OPTION]...
Start Target Communication Framework agent.
  -d               run in daemon mode (output is sent to system logger)
  -i               run in interactive mode
  -L<file>         enable logging, use -L- to send log to stderr
  -l<level>        set log level, the level is comma separated list of:
      alloc        memory allocation and deallocation (0x1)
      eventcore    main event queue (0x2)
      waitpid      waitpid() events (0x4)
      events       low-level debugger events (0x8)
      protocol     communication protocol (0x20)
      context      debug context actions (0x40)
      children     debug context children (0x10)
      discovery    discovery (0x80)
      asyncreq     async I/O (0x100)
      proxy        proxy state (0x200)
      tcflog       proxy traffic (0x400)
      elf          ELF reader (0x800)
      stack        stack trace service (0x2000)
      plugin       plugins (0x4000)
      shutdown     shutdown of subsystems (0x8000)
      disasm       disassembly service (0x10000)
  -s<url>          set agent listening port and protocol, default is tcp::0
  -S               print server properties in Json format to stdout
  -g<port>         start GDB Remote Serial Protocol server at the specified TCP port
  -I<idle-seconds> exit if there are no connections for the specified time

08:11:08 ERROR : Timed out. 60 seconds have elapsed while waiting for the XRT server to launch.
08:11:08 INFO  : Connected to target on host '127.0.0.1' and port '3121'.
08:11:09 INFO  : Jtag cable 'Digilent Zed 210248BD1333' is selected.
08:11:09 INFO  : 'jtag frequency' command is executed.
08:11:09 INFO  : Context for 'APU' is selected.
08:11:09 INFO  : System reset is completed.
08:11:12 INFO  : 'after 3000' command is executed.
08:11:12 INFO  : 'targets -set -filter {jtag_cable_name =~ "Digilent Zed 210248BD1333" && level==0 && jtag_device_ctx=="jsn-Zed-210248BD1333-23727093-0"}' command is executed.
08:11:14 INFO  : Device configured successfully with "C:/openTCSPC3/SRC/zedboard_real_microscope/vitis/app/_ide/bitstream/zedboard_real_microscope_wrapper3.bit"
08:11:14 INFO  : Context for 'APU' is selected.
08:11:14 INFO  : Hardware design and registers information is loaded from 'C:/openTCSPC3/SRC/zedboard_real_microscope/vitis/platform/export/platform/hw/zedboard_real_microscope_wrapper3.xsa'.
08:11:14 INFO  : 'configparams force-mem-access 1' command is executed.
08:11:14 INFO  : Context for 'APU' is selected.
08:11:14 INFO  : Sourcing of 'C:/openTCSPC3/SRC/zedboard_real_microscope/vitis/app/_ide/psinit/ps7_init.tcl' is done.
08:11:15 INFO  : 'ps7_init' command is executed.
08:11:15 INFO  : 'ps7_post_config' command is executed.
08:11:15 INFO  : Context for processor 'ps7_cortexa9_0' is selected.
08:11:22 INFO  : The application 'C:/openTCSPC3/SRC/zedboard_real_microscope/vitis/app/Debug/app.elf' is downloaded to processor 'ps7_cortexa9_0'.
08:11:22 INFO  : 'configparams force-mem-access 0' command is executed.
08:11:22 INFO  : ----------------XSDB Script----------------
connect -url tcp:127.0.0.1:3121
targets -set -nocase -filter {name =~"APU*"}
rst -system
after 3000
targets -set -filter {jtag_cable_name =~ "Digilent Zed 210248BD1333" && level==0 && jtag_device_ctx=="jsn-Zed-210248BD1333-23727093-0"}
fpga -file C:/openTCSPC3/SRC/zedboard_real_microscope/vitis/app/_ide/bitstream/zedboard_real_microscope_wrapper3.bit
targets -set -nocase -filter {name =~"APU*"}
loadhw -hw C:/openTCSPC3/SRC/zedboard_real_microscope/vitis/platform/export/platform/hw/zedboard_real_microscope_wrapper3.xsa -mem-ranges [list {0x40000000 0xbfffffff}] -regs
configparams force-mem-access 1
targets -set -nocase -filter {name =~"APU*"}
source C:/openTCSPC3/SRC/zedboard_real_microscope/vitis/app/_ide/psinit/ps7_init.tcl
ps7_init
ps7_post_config
targets -set -nocase -filter {name =~ "*A9*#0"}
dow C:/openTCSPC3/SRC/zedboard_real_microscope/vitis/app/Debug/app.elf
configparams force-mem-access 0
----------------End of Script----------------

08:11:22 INFO  : Context for processor 'ps7_cortexa9_0' is selected.
08:11:22 INFO  : 'con' command is executed.
08:11:22 INFO  : ----------------XSDB Script (After Launch)----------------
targets -set -nocase -filter {name =~ "*A9*#0"}
con
----------------End of Script----------------

08:11:22 INFO  : Launch script is exported to file 'C:\openTCSPC3\SRC\zedboard_real_microscope\vitis\app_system\_ide\scripts\systemdebugger_app_system_standalone.tcl'
08:15:54 INFO  : Checking for BSP changes to sync application flags for project 'app'...
08:16:04 INFO  : Disconnected from the channel tcfchan#2.
08:16:04 INFO  : Connected to target on host '127.0.0.1' and port '3121'.
08:16:04 INFO  : Jtag cable 'Digilent Zed 210248BD1333' is selected.
08:16:04 INFO  : 'jtag frequency' command is executed.
08:16:04 INFO  : Context for 'APU' is selected.
08:16:04 INFO  : System reset is completed.
08:16:07 INFO  : 'after 3000' command is executed.
08:16:07 INFO  : 'targets -set -filter {jtag_cable_name =~ "Digilent Zed 210248BD1333" && level==0 && jtag_device_ctx=="jsn-Zed-210248BD1333-23727093-0"}' command is executed.
08:16:10 INFO  : Device configured successfully with "C:/openTCSPC3/SRC/zedboard_real_microscope/vitis/app/_ide/bitstream/zedboard_real_microscope_wrapper3.bit"
08:16:10 INFO  : Context for 'APU' is selected.
08:16:10 INFO  : Hardware design and registers information is loaded from 'C:/openTCSPC3/SRC/zedboard_real_microscope/vitis/platform/export/platform/hw/zedboard_real_microscope_wrapper3.xsa'.
08:16:10 INFO  : 'configparams force-mem-access 1' command is executed.
08:16:10 INFO  : Context for 'APU' is selected.
08:16:10 INFO  : Sourcing of 'C:/openTCSPC3/SRC/zedboard_real_microscope/vitis/app/_ide/psinit/ps7_init.tcl' is done.
08:16:10 INFO  : 'ps7_init' command is executed.
08:16:10 INFO  : 'ps7_post_config' command is executed.
08:16:10 INFO  : Context for processor 'ps7_cortexa9_0' is selected.
08:16:17 INFO  : The application 'C:/openTCSPC3/SRC/zedboard_real_microscope/vitis/app/Debug/app.elf' is downloaded to processor 'ps7_cortexa9_0'.
08:16:17 INFO  : 'configparams force-mem-access 0' command is executed.
08:16:17 INFO  : ----------------XSDB Script----------------
connect -url tcp:127.0.0.1:3121
targets -set -nocase -filter {name =~"APU*"}
rst -system
after 3000
targets -set -filter {jtag_cable_name =~ "Digilent Zed 210248BD1333" && level==0 && jtag_device_ctx=="jsn-Zed-210248BD1333-23727093-0"}
fpga -file C:/openTCSPC3/SRC/zedboard_real_microscope/vitis/app/_ide/bitstream/zedboard_real_microscope_wrapper3.bit
targets -set -nocase -filter {name =~"APU*"}
loadhw -hw C:/openTCSPC3/SRC/zedboard_real_microscope/vitis/platform/export/platform/hw/zedboard_real_microscope_wrapper3.xsa -mem-ranges [list {0x40000000 0xbfffffff}] -regs
configparams force-mem-access 1
targets -set -nocase -filter {name =~"APU*"}
source C:/openTCSPC3/SRC/zedboard_real_microscope/vitis/app/_ide/psinit/ps7_init.tcl
ps7_init
ps7_post_config
targets -set -nocase -filter {name =~ "*A9*#0"}
dow C:/openTCSPC3/SRC/zedboard_real_microscope/vitis/app/Debug/app.elf
configparams force-mem-access 0
----------------End of Script----------------

08:16:18 INFO  : Context for processor 'ps7_cortexa9_0' is selected.
08:16:18 INFO  : 'con' command is executed.
08:16:18 INFO  : ----------------XSDB Script (After Launch)----------------
targets -set -nocase -filter {name =~ "*A9*#0"}
con
----------------End of Script----------------

08:16:18 INFO  : Launch script is exported to file 'C:\openTCSPC3\SRC\zedboard_real_microscope\vitis\app_system\_ide\scripts\systemdebugger_app_system_standalone.tcl'
08:17:08 INFO  : Checking for BSP changes to sync application flags for project 'app'...
08:17:44 INFO  : Disconnected from the channel tcfchan#3.
08:17:44 INFO  : Connected to target on host '127.0.0.1' and port '3121'.
08:17:45 INFO  : Jtag cable 'Digilent Zed 210248BD1333' is selected.
08:17:45 INFO  : 'jtag frequency' command is executed.
08:17:45 INFO  : Context for 'APU' is selected.
08:17:45 INFO  : System reset is completed.
08:17:48 INFO  : 'after 3000' command is executed.
08:17:48 INFO  : 'targets -set -filter {jtag_cable_name =~ "Digilent Zed 210248BD1333" && level==0 && jtag_device_ctx=="jsn-Zed-210248BD1333-23727093-0"}' command is executed.
08:17:50 INFO  : Device configured successfully with "C:/openTCSPC3/SRC/zedboard_real_microscope/vitis/app/_ide/bitstream/zedboard_real_microscope_wrapper3.bit"
08:17:50 INFO  : Context for 'APU' is selected.
08:17:50 INFO  : Hardware design and registers information is loaded from 'C:/openTCSPC3/SRC/zedboard_real_microscope/vitis/platform/export/platform/hw/zedboard_real_microscope_wrapper3.xsa'.
08:17:50 INFO  : 'configparams force-mem-access 1' command is executed.
08:17:50 INFO  : Context for 'APU' is selected.
08:17:50 INFO  : Sourcing of 'C:/openTCSPC3/SRC/zedboard_real_microscope/vitis/app/_ide/psinit/ps7_init.tcl' is done.
08:17:51 INFO  : 'ps7_init' command is executed.
08:17:51 INFO  : 'ps7_post_config' command is executed.
08:17:51 INFO  : Context for processor 'ps7_cortexa9_0' is selected.
08:17:58 INFO  : The application 'C:/openTCSPC3/SRC/zedboard_real_microscope/vitis/app/Debug/app.elf' is downloaded to processor 'ps7_cortexa9_0'.
08:17:58 INFO  : 'configparams force-mem-access 0' command is executed.
08:17:58 INFO  : ----------------XSDB Script----------------
connect -url tcp:127.0.0.1:3121
targets -set -nocase -filter {name =~"APU*"}
rst -system
after 3000
targets -set -filter {jtag_cable_name =~ "Digilent Zed 210248BD1333" && level==0 && jtag_device_ctx=="jsn-Zed-210248BD1333-23727093-0"}
fpga -file C:/openTCSPC3/SRC/zedboard_real_microscope/vitis/app/_ide/bitstream/zedboard_real_microscope_wrapper3.bit
targets -set -nocase -filter {name =~"APU*"}
loadhw -hw C:/openTCSPC3/SRC/zedboard_real_microscope/vitis/platform/export/platform/hw/zedboard_real_microscope_wrapper3.xsa -mem-ranges [list {0x40000000 0xbfffffff}] -regs
configparams force-mem-access 1
targets -set -nocase -filter {name =~"APU*"}
source C:/openTCSPC3/SRC/zedboard_real_microscope/vitis/app/_ide/psinit/ps7_init.tcl
ps7_init
ps7_post_config
targets -set -nocase -filter {name =~ "*A9*#0"}
dow C:/openTCSPC3/SRC/zedboard_real_microscope/vitis/app/Debug/app.elf
configparams force-mem-access 0
----------------End of Script----------------

08:17:58 INFO  : Context for processor 'ps7_cortexa9_0' is selected.
08:17:58 INFO  : 'con' command is executed.
08:17:58 INFO  : ----------------XSDB Script (After Launch)----------------
targets -set -nocase -filter {name =~ "*A9*#0"}
con
----------------End of Script----------------

08:17:58 INFO  : Launch script is exported to file 'C:\openTCSPC3\SRC\zedboard_real_microscope\vitis\app_system\_ide\scripts\systemdebugger_app_system_standalone.tcl'
08:18:41 INFO  : Disconnected from the channel tcfchan#4.
08:18:41 INFO  : Connected to target on host '127.0.0.1' and port '3121'.
08:18:41 INFO  : Jtag cable 'Digilent Zed 210248BD1333' is selected.
08:18:41 INFO  : 'jtag frequency' command is executed.
08:18:41 INFO  : Context for 'APU' is selected.
08:18:41 INFO  : System reset is completed.
08:18:44 INFO  : 'after 3000' command is executed.
08:18:44 INFO  : 'targets -set -filter {jtag_cable_name =~ "Digilent Zed 210248BD1333" && level==0 && jtag_device_ctx=="jsn-Zed-210248BD1333-23727093-0"}' command is executed.
08:18:47 INFO  : Device configured successfully with "C:/openTCSPC3/SRC/zedboard_real_microscope/vitis/app/_ide/bitstream/zedboard_real_microscope_wrapper3.bit"
08:18:47 INFO  : Context for 'APU' is selected.
08:18:47 INFO  : Hardware design and registers information is loaded from 'C:/openTCSPC3/SRC/zedboard_real_microscope/vitis/platform/export/platform/hw/zedboard_real_microscope_wrapper3.xsa'.
08:18:47 INFO  : 'configparams force-mem-access 1' command is executed.
08:18:47 INFO  : Context for 'APU' is selected.
08:18:47 INFO  : Sourcing of 'C:/openTCSPC3/SRC/zedboard_real_microscope/vitis/app/_ide/psinit/ps7_init.tcl' is done.
08:18:47 INFO  : 'ps7_init' command is executed.
08:18:47 INFO  : 'ps7_post_config' command is executed.
08:18:48 INFO  : Context for processor 'ps7_cortexa9_0' is selected.
08:18:54 INFO  : The application 'C:/openTCSPC3/SRC/zedboard_real_microscope/vitis/app/Debug/app.elf' is downloaded to processor 'ps7_cortexa9_0'.
08:18:54 INFO  : 'configparams force-mem-access 0' command is executed.
08:18:54 INFO  : ----------------XSDB Script----------------
connect -url tcp:127.0.0.1:3121
targets -set -nocase -filter {name =~"APU*"}
rst -system
after 3000
targets -set -filter {jtag_cable_name =~ "Digilent Zed 210248BD1333" && level==0 && jtag_device_ctx=="jsn-Zed-210248BD1333-23727093-0"}
fpga -file C:/openTCSPC3/SRC/zedboard_real_microscope/vitis/app/_ide/bitstream/zedboard_real_microscope_wrapper3.bit
targets -set -nocase -filter {name =~"APU*"}
loadhw -hw C:/openTCSPC3/SRC/zedboard_real_microscope/vitis/platform/export/platform/hw/zedboard_real_microscope_wrapper3.xsa -mem-ranges [list {0x40000000 0xbfffffff}] -regs
configparams force-mem-access 1
targets -set -nocase -filter {name =~"APU*"}
source C:/openTCSPC3/SRC/zedboard_real_microscope/vitis/app/_ide/psinit/ps7_init.tcl
ps7_init
ps7_post_config
targets -set -nocase -filter {name =~ "*A9*#0"}
dow C:/openTCSPC3/SRC/zedboard_real_microscope/vitis/app/Debug/app.elf
configparams force-mem-access 0
----------------End of Script----------------

08:18:54 INFO  : Context for processor 'ps7_cortexa9_0' is selected.
08:18:54 INFO  : 'con' command is executed.
08:18:54 INFO  : ----------------XSDB Script (After Launch)----------------
targets -set -nocase -filter {name =~ "*A9*#0"}
con
----------------End of Script----------------

08:18:54 INFO  : Launch script is exported to file 'C:\openTCSPC3\SRC\zedboard_real_microscope\vitis\app_system\_ide\scripts\systemdebugger_app_system_standalone.tcl'
08:19:23 INFO  : Checking for BSP changes to sync application flags for project 'app'...
08:19:49 INFO  : Disconnected from the channel tcfchan#5.
08:19:49 INFO  : Connected to target on host '127.0.0.1' and port '3121'.
08:19:49 INFO  : Jtag cable 'Digilent Zed 210248BD1333' is selected.
08:19:49 INFO  : 'jtag frequency' command is executed.
08:19:49 INFO  : Context for 'APU' is selected.
08:19:49 INFO  : System reset is completed.
08:19:52 INFO  : 'after 3000' command is executed.
08:19:52 INFO  : 'targets -set -filter {jtag_cable_name =~ "Digilent Zed 210248BD1333" && level==0 && jtag_device_ctx=="jsn-Zed-210248BD1333-23727093-0"}' command is executed.
08:19:55 INFO  : Device configured successfully with "C:/openTCSPC3/SRC/zedboard_real_microscope/vitis/app/_ide/bitstream/zedboard_real_microscope_wrapper3.bit"
08:19:55 INFO  : Context for 'APU' is selected.
08:19:55 INFO  : Hardware design and registers information is loaded from 'C:/openTCSPC3/SRC/zedboard_real_microscope/vitis/platform/export/platform/hw/zedboard_real_microscope_wrapper3.xsa'.
08:19:55 INFO  : 'configparams force-mem-access 1' command is executed.
08:19:55 INFO  : Context for 'APU' is selected.
08:19:55 INFO  : Sourcing of 'C:/openTCSPC3/SRC/zedboard_real_microscope/vitis/app/_ide/psinit/ps7_init.tcl' is done.
08:19:55 INFO  : 'ps7_init' command is executed.
08:19:55 INFO  : 'ps7_post_config' command is executed.
08:19:55 INFO  : Context for processor 'ps7_cortexa9_0' is selected.
08:20:02 INFO  : The application 'C:/openTCSPC3/SRC/zedboard_real_microscope/vitis/app/Debug/app.elf' is downloaded to processor 'ps7_cortexa9_0'.
08:20:02 INFO  : 'configparams force-mem-access 0' command is executed.
08:20:02 INFO  : ----------------XSDB Script----------------
connect -url tcp:127.0.0.1:3121
targets -set -nocase -filter {name =~"APU*"}
rst -system
after 3000
targets -set -filter {jtag_cable_name =~ "Digilent Zed 210248BD1333" && level==0 && jtag_device_ctx=="jsn-Zed-210248BD1333-23727093-0"}
fpga -file C:/openTCSPC3/SRC/zedboard_real_microscope/vitis/app/_ide/bitstream/zedboard_real_microscope_wrapper3.bit
targets -set -nocase -filter {name =~"APU*"}
loadhw -hw C:/openTCSPC3/SRC/zedboard_real_microscope/vitis/platform/export/platform/hw/zedboard_real_microscope_wrapper3.xsa -mem-ranges [list {0x40000000 0xbfffffff}] -regs
configparams force-mem-access 1
targets -set -nocase -filter {name =~"APU*"}
source C:/openTCSPC3/SRC/zedboard_real_microscope/vitis/app/_ide/psinit/ps7_init.tcl
ps7_init
ps7_post_config
targets -set -nocase -filter {name =~ "*A9*#0"}
dow C:/openTCSPC3/SRC/zedboard_real_microscope/vitis/app/Debug/app.elf
configparams force-mem-access 0
----------------End of Script----------------

08:20:02 INFO  : Context for processor 'ps7_cortexa9_0' is selected.
08:20:02 INFO  : 'con' command is executed.
08:20:02 INFO  : ----------------XSDB Script (After Launch)----------------
targets -set -nocase -filter {name =~ "*A9*#0"}
con
----------------End of Script----------------

08:20:02 INFO  : Launch script is exported to file 'C:\openTCSPC3\SRC\zedboard_real_microscope\vitis\app_system\_ide\scripts\systemdebugger_app_system_standalone.tcl'
08:22:36 INFO  : Checking for BSP changes to sync application flags for project 'app'...
08:22:44 INFO  : Disconnected from the channel tcfchan#6.
08:22:44 INFO  : Connected to target on host '127.0.0.1' and port '3121'.
08:22:45 INFO  : Jtag cable 'Digilent Zed 210248BD1333' is selected.
08:22:45 INFO  : 'jtag frequency' command is executed.
08:22:45 INFO  : Context for 'APU' is selected.
08:22:45 INFO  : System reset is completed.
08:22:48 INFO  : 'after 3000' command is executed.
08:22:48 INFO  : 'targets -set -filter {jtag_cable_name =~ "Digilent Zed 210248BD1333" && level==0 && jtag_device_ctx=="jsn-Zed-210248BD1333-23727093-0"}' command is executed.
08:22:50 INFO  : Device configured successfully with "C:/openTCSPC3/SRC/zedboard_real_microscope/vitis/app/_ide/bitstream/zedboard_real_microscope_wrapper3.bit"
08:22:50 INFO  : Context for 'APU' is selected.
08:22:50 INFO  : Hardware design and registers information is loaded from 'C:/openTCSPC3/SRC/zedboard_real_microscope/vitis/platform/export/platform/hw/zedboard_real_microscope_wrapper3.xsa'.
08:22:50 INFO  : 'configparams force-mem-access 1' command is executed.
08:22:50 INFO  : Context for 'APU' is selected.
08:22:50 INFO  : Sourcing of 'C:/openTCSPC3/SRC/zedboard_real_microscope/vitis/app/_ide/psinit/ps7_init.tcl' is done.
08:22:51 INFO  : 'ps7_init' command is executed.
08:22:51 INFO  : 'ps7_post_config' command is executed.
08:22:51 INFO  : Context for processor 'ps7_cortexa9_0' is selected.
08:22:58 INFO  : The application 'C:/openTCSPC3/SRC/zedboard_real_microscope/vitis/app/Debug/app.elf' is downloaded to processor 'ps7_cortexa9_0'.
08:22:58 INFO  : 'configparams force-mem-access 0' command is executed.
08:22:58 INFO  : ----------------XSDB Script----------------
connect -url tcp:127.0.0.1:3121
targets -set -nocase -filter {name =~"APU*"}
rst -system
after 3000
targets -set -filter {jtag_cable_name =~ "Digilent Zed 210248BD1333" && level==0 && jtag_device_ctx=="jsn-Zed-210248BD1333-23727093-0"}
fpga -file C:/openTCSPC3/SRC/zedboard_real_microscope/vitis/app/_ide/bitstream/zedboard_real_microscope_wrapper3.bit
targets -set -nocase -filter {name =~"APU*"}
loadhw -hw C:/openTCSPC3/SRC/zedboard_real_microscope/vitis/platform/export/platform/hw/zedboard_real_microscope_wrapper3.xsa -mem-ranges [list {0x40000000 0xbfffffff}] -regs
configparams force-mem-access 1
targets -set -nocase -filter {name =~"APU*"}
source C:/openTCSPC3/SRC/zedboard_real_microscope/vitis/app/_ide/psinit/ps7_init.tcl
ps7_init
ps7_post_config
targets -set -nocase -filter {name =~ "*A9*#0"}
dow C:/openTCSPC3/SRC/zedboard_real_microscope/vitis/app/Debug/app.elf
configparams force-mem-access 0
----------------End of Script----------------

08:22:58 INFO  : Context for processor 'ps7_cortexa9_0' is selected.
08:22:58 INFO  : 'con' command is executed.
08:22:58 INFO  : ----------------XSDB Script (After Launch)----------------
targets -set -nocase -filter {name =~ "*A9*#0"}
con
----------------End of Script----------------

08:22:58 INFO  : Launch script is exported to file 'C:\openTCSPC3\SRC\zedboard_real_microscope\vitis\app_system\_ide\scripts\systemdebugger_app_system_standalone.tcl'
08:23:34 INFO  : Checking for BSP changes to sync application flags for project 'app'...
08:23:38 INFO  : Disconnected from the channel tcfchan#7.
08:23:39 INFO  : Connected to target on host '127.0.0.1' and port '3121'.
08:23:39 INFO  : Jtag cable 'Digilent Zed 210248BD1333' is selected.
08:23:39 INFO  : 'jtag frequency' command is executed.
08:23:39 INFO  : Context for 'APU' is selected.
08:23:39 INFO  : System reset is completed.
08:23:42 INFO  : 'after 3000' command is executed.
08:23:42 INFO  : 'targets -set -filter {jtag_cable_name =~ "Digilent Zed 210248BD1333" && level==0 && jtag_device_ctx=="jsn-Zed-210248BD1333-23727093-0"}' command is executed.
08:23:44 INFO  : Device configured successfully with "C:/openTCSPC3/SRC/zedboard_real_microscope/vitis/app/_ide/bitstream/zedboard_real_microscope_wrapper3.bit"
08:23:44 INFO  : Context for 'APU' is selected.
08:23:45 INFO  : Hardware design and registers information is loaded from 'C:/openTCSPC3/SRC/zedboard_real_microscope/vitis/platform/export/platform/hw/zedboard_real_microscope_wrapper3.xsa'.
08:23:45 INFO  : 'configparams force-mem-access 1' command is executed.
08:23:45 INFO  : Context for 'APU' is selected.
08:23:45 INFO  : Sourcing of 'C:/openTCSPC3/SRC/zedboard_real_microscope/vitis/app/_ide/psinit/ps7_init.tcl' is done.
08:23:45 INFO  : 'ps7_init' command is executed.
08:23:45 INFO  : 'ps7_post_config' command is executed.
08:23:45 INFO  : Context for processor 'ps7_cortexa9_0' is selected.
08:23:52 INFO  : The application 'C:/openTCSPC3/SRC/zedboard_real_microscope/vitis/app/Debug/app.elf' is downloaded to processor 'ps7_cortexa9_0'.
08:23:52 INFO  : 'configparams force-mem-access 0' command is executed.
08:23:52 INFO  : ----------------XSDB Script----------------
connect -url tcp:127.0.0.1:3121
targets -set -nocase -filter {name =~"APU*"}
rst -system
after 3000
targets -set -filter {jtag_cable_name =~ "Digilent Zed 210248BD1333" && level==0 && jtag_device_ctx=="jsn-Zed-210248BD1333-23727093-0"}
fpga -file C:/openTCSPC3/SRC/zedboard_real_microscope/vitis/app/_ide/bitstream/zedboard_real_microscope_wrapper3.bit
targets -set -nocase -filter {name =~"APU*"}
loadhw -hw C:/openTCSPC3/SRC/zedboard_real_microscope/vitis/platform/export/platform/hw/zedboard_real_microscope_wrapper3.xsa -mem-ranges [list {0x40000000 0xbfffffff}] -regs
configparams force-mem-access 1
targets -set -nocase -filter {name =~"APU*"}
source C:/openTCSPC3/SRC/zedboard_real_microscope/vitis/app/_ide/psinit/ps7_init.tcl
ps7_init
ps7_post_config
targets -set -nocase -filter {name =~ "*A9*#0"}
dow C:/openTCSPC3/SRC/zedboard_real_microscope/vitis/app/Debug/app.elf
configparams force-mem-access 0
----------------End of Script----------------

08:23:52 INFO  : Context for processor 'ps7_cortexa9_0' is selected.
08:23:52 INFO  : 'con' command is executed.
08:23:52 INFO  : ----------------XSDB Script (After Launch)----------------
targets -set -nocase -filter {name =~ "*A9*#0"}
con
----------------End of Script----------------

08:23:52 INFO  : Launch script is exported to file 'C:\openTCSPC3\SRC\zedboard_real_microscope\vitis\app_system\_ide\scripts\systemdebugger_app_system_standalone.tcl'
08:25:11 INFO  : Checking for BSP changes to sync application flags for project 'app'...
08:25:29 INFO  : Checking for BSP changes to sync application flags for project 'app'...
08:25:37 INFO  : Disconnected from the channel tcfchan#8.
08:25:37 INFO  : Connected to target on host '127.0.0.1' and port '3121'.
08:25:37 INFO  : Jtag cable 'Digilent Zed 210248BD1333' is selected.
08:25:37 INFO  : 'jtag frequency' command is executed.
08:25:37 INFO  : Context for 'APU' is selected.
08:25:37 INFO  : System reset is completed.
08:25:40 INFO  : 'after 3000' command is executed.
08:25:40 INFO  : 'targets -set -filter {jtag_cable_name =~ "Digilent Zed 210248BD1333" && level==0 && jtag_device_ctx=="jsn-Zed-210248BD1333-23727093-0"}' command is executed.
08:25:43 INFO  : Device configured successfully with "C:/openTCSPC3/SRC/zedboard_real_microscope/vitis/app/_ide/bitstream/zedboard_real_microscope_wrapper3.bit"
08:25:43 INFO  : Context for 'APU' is selected.
08:25:43 INFO  : Hardware design and registers information is loaded from 'C:/openTCSPC3/SRC/zedboard_real_microscope/vitis/platform/export/platform/hw/zedboard_real_microscope_wrapper3.xsa'.
08:25:43 INFO  : 'configparams force-mem-access 1' command is executed.
08:25:43 INFO  : Context for 'APU' is selected.
08:25:43 INFO  : Sourcing of 'C:/openTCSPC3/SRC/zedboard_real_microscope/vitis/app/_ide/psinit/ps7_init.tcl' is done.
08:25:43 INFO  : 'ps7_init' command is executed.
08:25:43 INFO  : 'ps7_post_config' command is executed.
08:25:43 INFO  : Context for processor 'ps7_cortexa9_0' is selected.
08:25:50 INFO  : The application 'C:/openTCSPC3/SRC/zedboard_real_microscope/vitis/app/Debug/app.elf' is downloaded to processor 'ps7_cortexa9_0'.
08:25:50 INFO  : 'configparams force-mem-access 0' command is executed.
08:25:50 INFO  : ----------------XSDB Script----------------
connect -url tcp:127.0.0.1:3121
targets -set -nocase -filter {name =~"APU*"}
rst -system
after 3000
targets -set -filter {jtag_cable_name =~ "Digilent Zed 210248BD1333" && level==0 && jtag_device_ctx=="jsn-Zed-210248BD1333-23727093-0"}
fpga -file C:/openTCSPC3/SRC/zedboard_real_microscope/vitis/app/_ide/bitstream/zedboard_real_microscope_wrapper3.bit
targets -set -nocase -filter {name =~"APU*"}
loadhw -hw C:/openTCSPC3/SRC/zedboard_real_microscope/vitis/platform/export/platform/hw/zedboard_real_microscope_wrapper3.xsa -mem-ranges [list {0x40000000 0xbfffffff}] -regs
configparams force-mem-access 1
targets -set -nocase -filter {name =~"APU*"}
source C:/openTCSPC3/SRC/zedboard_real_microscope/vitis/app/_ide/psinit/ps7_init.tcl
ps7_init
ps7_post_config
targets -set -nocase -filter {name =~ "*A9*#0"}
dow C:/openTCSPC3/SRC/zedboard_real_microscope/vitis/app/Debug/app.elf
configparams force-mem-access 0
----------------End of Script----------------

08:25:50 INFO  : Context for processor 'ps7_cortexa9_0' is selected.
08:25:50 INFO  : 'con' command is executed.
08:25:50 INFO  : ----------------XSDB Script (After Launch)----------------
targets -set -nocase -filter {name =~ "*A9*#0"}
con
----------------End of Script----------------

08:25:50 INFO  : Launch script is exported to file 'C:\openTCSPC3\SRC\zedboard_real_microscope\vitis\app_system\_ide\scripts\systemdebugger_app_system_standalone.tcl'
08:26:09 INFO  : Disconnected from the channel tcfchan#9.
08:26:09 INFO  : Connected to target on host '127.0.0.1' and port '3121'.
08:26:09 INFO  : Jtag cable 'Digilent Zed 210248BD1333' is selected.
08:26:09 INFO  : 'jtag frequency' command is executed.
08:26:09 INFO  : Context for 'APU' is selected.
08:26:09 INFO  : System reset is completed.
08:26:12 INFO  : 'after 3000' command is executed.
08:26:12 INFO  : 'targets -set -filter {jtag_cable_name =~ "Digilent Zed 210248BD1333" && level==0 && jtag_device_ctx=="jsn-Zed-210248BD1333-23727093-0"}' command is executed.
08:26:15 INFO  : Device configured successfully with "C:/openTCSPC3/SRC/zedboard_real_microscope/vitis/app/_ide/bitstream/zedboard_real_microscope_wrapper3.bit"
08:26:15 INFO  : Context for 'APU' is selected.
08:26:15 INFO  : Hardware design and registers information is loaded from 'C:/openTCSPC3/SRC/zedboard_real_microscope/vitis/platform/export/platform/hw/zedboard_real_microscope_wrapper3.xsa'.
08:26:15 INFO  : 'configparams force-mem-access 1' command is executed.
08:26:15 INFO  : Context for 'APU' is selected.
08:26:15 INFO  : Sourcing of 'C:/openTCSPC3/SRC/zedboard_real_microscope/vitis/app/_ide/psinit/ps7_init.tcl' is done.
08:26:15 INFO  : 'ps7_init' command is executed.
08:26:15 INFO  : 'ps7_post_config' command is executed.
08:26:15 INFO  : Context for processor 'ps7_cortexa9_0' is selected.
08:26:22 INFO  : The application 'C:/openTCSPC3/SRC/zedboard_real_microscope/vitis/app/Debug/app.elf' is downloaded to processor 'ps7_cortexa9_0'.
08:26:22 INFO  : 'configparams force-mem-access 0' command is executed.
08:26:22 INFO  : ----------------XSDB Script----------------
connect -url tcp:127.0.0.1:3121
targets -set -nocase -filter {name =~"APU*"}
rst -system
after 3000
targets -set -filter {jtag_cable_name =~ "Digilent Zed 210248BD1333" && level==0 && jtag_device_ctx=="jsn-Zed-210248BD1333-23727093-0"}
fpga -file C:/openTCSPC3/SRC/zedboard_real_microscope/vitis/app/_ide/bitstream/zedboard_real_microscope_wrapper3.bit
targets -set -nocase -filter {name =~"APU*"}
loadhw -hw C:/openTCSPC3/SRC/zedboard_real_microscope/vitis/platform/export/platform/hw/zedboard_real_microscope_wrapper3.xsa -mem-ranges [list {0x40000000 0xbfffffff}] -regs
configparams force-mem-access 1
targets -set -nocase -filter {name =~"APU*"}
source C:/openTCSPC3/SRC/zedboard_real_microscope/vitis/app/_ide/psinit/ps7_init.tcl
ps7_init
ps7_post_config
targets -set -nocase -filter {name =~ "*A9*#0"}
dow C:/openTCSPC3/SRC/zedboard_real_microscope/vitis/app/Debug/app.elf
configparams force-mem-access 0
----------------End of Script----------------

08:26:22 INFO  : Context for processor 'ps7_cortexa9_0' is selected.
08:26:22 INFO  : 'con' command is executed.
08:26:22 INFO  : ----------------XSDB Script (After Launch)----------------
targets -set -nocase -filter {name =~ "*A9*#0"}
con
----------------End of Script----------------

08:26:22 INFO  : Launch script is exported to file 'C:\openTCSPC3\SRC\zedboard_real_microscope\vitis\app_system\_ide\scripts\systemdebugger_app_system_standalone.tcl'
08:28:07 INFO  : Checking for BSP changes to sync application flags for project 'app'...
08:28:32 INFO  : Disconnected from the channel tcfchan#10.
08:28:32 INFO  : Connected to target on host '127.0.0.1' and port '3121'.
08:28:32 INFO  : Jtag cable 'Digilent Zed 210248BD1333' is selected.
08:28:32 INFO  : 'jtag frequency' command is executed.
08:28:32 INFO  : Context for 'APU' is selected.
08:28:33 INFO  : System reset is completed.
08:28:36 INFO  : 'after 3000' command is executed.
08:28:36 INFO  : 'targets -set -filter {jtag_cable_name =~ "Digilent Zed 210248BD1333" && level==0 && jtag_device_ctx=="jsn-Zed-210248BD1333-23727093-0"}' command is executed.
08:28:38 INFO  : Device configured successfully with "C:/openTCSPC3/SRC/zedboard_real_microscope/vitis/app/_ide/bitstream/zedboard_real_microscope_wrapper3.bit"
08:28:38 INFO  : Context for 'APU' is selected.
08:28:38 INFO  : Hardware design and registers information is loaded from 'C:/openTCSPC3/SRC/zedboard_real_microscope/vitis/platform/export/platform/hw/zedboard_real_microscope_wrapper3.xsa'.
08:28:38 INFO  : 'configparams force-mem-access 1' command is executed.
08:28:38 INFO  : Context for 'APU' is selected.
08:28:38 INFO  : Sourcing of 'C:/openTCSPC3/SRC/zedboard_real_microscope/vitis/app/_ide/psinit/ps7_init.tcl' is done.
08:28:39 INFO  : 'ps7_init' command is executed.
08:28:39 INFO  : 'ps7_post_config' command is executed.
08:28:39 INFO  : Context for processor 'ps7_cortexa9_0' is selected.
08:28:45 INFO  : The application 'C:/openTCSPC3/SRC/zedboard_real_microscope/vitis/app/Debug/app.elf' is downloaded to processor 'ps7_cortexa9_0'.
08:28:45 INFO  : 'configparams force-mem-access 0' command is executed.
08:28:45 INFO  : ----------------XSDB Script----------------
connect -url tcp:127.0.0.1:3121
targets -set -nocase -filter {name =~"APU*"}
rst -system
after 3000
targets -set -filter {jtag_cable_name =~ "Digilent Zed 210248BD1333" && level==0 && jtag_device_ctx=="jsn-Zed-210248BD1333-23727093-0"}
fpga -file C:/openTCSPC3/SRC/zedboard_real_microscope/vitis/app/_ide/bitstream/zedboard_real_microscope_wrapper3.bit
targets -set -nocase -filter {name =~"APU*"}
loadhw -hw C:/openTCSPC3/SRC/zedboard_real_microscope/vitis/platform/export/platform/hw/zedboard_real_microscope_wrapper3.xsa -mem-ranges [list {0x40000000 0xbfffffff}] -regs
configparams force-mem-access 1
targets -set -nocase -filter {name =~"APU*"}
source C:/openTCSPC3/SRC/zedboard_real_microscope/vitis/app/_ide/psinit/ps7_init.tcl
ps7_init
ps7_post_config
targets -set -nocase -filter {name =~ "*A9*#0"}
dow C:/openTCSPC3/SRC/zedboard_real_microscope/vitis/app/Debug/app.elf
configparams force-mem-access 0
----------------End of Script----------------

08:28:46 INFO  : Context for processor 'ps7_cortexa9_0' is selected.
08:28:46 INFO  : 'con' command is executed.
08:28:46 INFO  : ----------------XSDB Script (After Launch)----------------
targets -set -nocase -filter {name =~ "*A9*#0"}
con
----------------End of Script----------------

08:28:46 INFO  : Launch script is exported to file 'C:\openTCSPC3\SRC\zedboard_real_microscope\vitis\app_system\_ide\scripts\systemdebugger_app_system_standalone.tcl'
08:32:24 INFO  : Checking for BSP changes to sync application flags for project 'app'...
08:32:37 INFO  : Disconnected from the channel tcfchan#11.
08:32:37 INFO  : Connected to target on host '127.0.0.1' and port '3121'.
08:32:38 INFO  : Jtag cable 'Digilent Zed 210248BD1333' is selected.
08:32:38 INFO  : 'jtag frequency' command is executed.
08:32:38 INFO  : Context for 'APU' is selected.
08:32:38 INFO  : System reset is completed.
08:32:41 INFO  : 'after 3000' command is executed.
08:32:41 INFO  : 'targets -set -filter {jtag_cable_name =~ "Digilent Zed 210248BD1333" && level==0 && jtag_device_ctx=="jsn-Zed-210248BD1333-23727093-0"}' command is executed.
08:32:43 INFO  : Device configured successfully with "C:/openTCSPC3/SRC/zedboard_real_microscope/vitis/app/_ide/bitstream/zedboard_real_microscope_wrapper3.bit"
08:32:43 INFO  : Context for 'APU' is selected.
08:32:43 INFO  : Hardware design and registers information is loaded from 'C:/openTCSPC3/SRC/zedboard_real_microscope/vitis/platform/export/platform/hw/zedboard_real_microscope_wrapper3.xsa'.
08:32:43 INFO  : 'configparams force-mem-access 1' command is executed.
08:32:43 INFO  : Context for 'APU' is selected.
08:32:43 INFO  : Sourcing of 'C:/openTCSPC3/SRC/zedboard_real_microscope/vitis/app/_ide/psinit/ps7_init.tcl' is done.
08:32:44 INFO  : 'ps7_init' command is executed.
08:32:44 INFO  : 'ps7_post_config' command is executed.
08:32:44 INFO  : Context for processor 'ps7_cortexa9_0' is selected.
08:32:51 INFO  : The application 'C:/openTCSPC3/SRC/zedboard_real_microscope/vitis/app/Debug/app.elf' is downloaded to processor 'ps7_cortexa9_0'.
08:32:51 INFO  : 'configparams force-mem-access 0' command is executed.
08:32:51 INFO  : ----------------XSDB Script----------------
connect -url tcp:127.0.0.1:3121
targets -set -nocase -filter {name =~"APU*"}
rst -system
after 3000
targets -set -filter {jtag_cable_name =~ "Digilent Zed 210248BD1333" && level==0 && jtag_device_ctx=="jsn-Zed-210248BD1333-23727093-0"}
fpga -file C:/openTCSPC3/SRC/zedboard_real_microscope/vitis/app/_ide/bitstream/zedboard_real_microscope_wrapper3.bit
targets -set -nocase -filter {name =~"APU*"}
loadhw -hw C:/openTCSPC3/SRC/zedboard_real_microscope/vitis/platform/export/platform/hw/zedboard_real_microscope_wrapper3.xsa -mem-ranges [list {0x40000000 0xbfffffff}] -regs
configparams force-mem-access 1
targets -set -nocase -filter {name =~"APU*"}
source C:/openTCSPC3/SRC/zedboard_real_microscope/vitis/app/_ide/psinit/ps7_init.tcl
ps7_init
ps7_post_config
targets -set -nocase -filter {name =~ "*A9*#0"}
dow C:/openTCSPC3/SRC/zedboard_real_microscope/vitis/app/Debug/app.elf
configparams force-mem-access 0
----------------End of Script----------------

08:32:51 INFO  : Context for processor 'ps7_cortexa9_0' is selected.
08:32:51 INFO  : 'con' command is executed.
08:32:51 INFO  : ----------------XSDB Script (After Launch)----------------
targets -set -nocase -filter {name =~ "*A9*#0"}
con
----------------End of Script----------------

08:32:51 INFO  : Launch script is exported to file 'C:\openTCSPC3\SRC\zedboard_real_microscope\vitis\app_system\_ide\scripts\systemdebugger_app_system_standalone.tcl'
10:15:29 INFO  : Hardware specification for platform project 'platform' is updated.
10:16:37 INFO  : Result from executing command 'getProjects': platform
10:16:37 INFO  : Result from executing command 'getPlatforms': platform|C:/openTCSPC3/SRC/zedboard_real_microscope/vitis/platform/export/platform/platform.xpfm;xilinx_zcu102_base_202420_1|C:/Xilinx/Vitis/2024.2/base_platforms/xilinx_zcu102_base_202420_1/xilinx_zcu102_base_202420_1.xpfm;xilinx_zcu102_base_dfx_202420_1|C:/Xilinx/Vitis/2024.2/base_platforms/xilinx_zcu102_base_dfx_202420_1/xilinx_zcu102_base_dfx_202420_1.xpfm;xilinx_zcu104_base_202420_1|C:/Xilinx/Vitis/2024.2/base_platforms/xilinx_zcu104_base_202420_1/xilinx_zcu104_base_202420_1.xpfm
10:16:54 INFO  : Checking for BSP changes to sync application flags for project 'app'...
10:17:18 INFO  : The hardware specification used by project 'app' is out of sync with the platform. Resource files extracted from the hardware specification will be updated.
10:17:18 INFO  : The file 'C:\openTCSPC3\SRC\zedboard_real_microscope\vitis\app\_ide\bitstream\zedboard_real_microscope_wrapper3.bit' stored in project is removed.
10:17:18 INFO  : The file 'C:\openTCSPC3\SRC\zedboard_real_microscope\vitis\app\_ide\bitstream\zedboard_real_microscope_wrapper3.mmi' stored in project is removed.
10:17:19 INFO  : The updated bitstream files are copied from platform to folder 'C:\openTCSPC3\SRC\zedboard_real_microscope\vitis\app\_ide\bitstream' in project 'app'.
10:17:19 INFO  : The file 'C:\openTCSPC3\SRC\zedboard_real_microscope\vitis\app\_ide\psinit\ps7_init.tcl' stored in project is removed.
10:17:26 INFO  : The updated ps init files are copied from platform to folder 'C:\openTCSPC3\SRC\zedboard_real_microscope\vitis\app\_ide\psinit' in project 'app'.
10:17:35 ERROR : (XRT Server)C:/Xilinx/Vitis/2024.2/bin/unwrapped/win64.o/xrt_server.exe: error: illegal option '-'
Usage: agent [OPTION]...
Start Target Communication Framework agent.
  -d               run in daemon mode (output is sent to system logger)
  -i               run in interactive mode
  -L<file>         enable logging, use -L- to send log to stderr
  -l<level>        set log level, the level is comma separated list of:
      alloc        memory allocation and deallocation (0x1)
      eventcore    main event queue (0x2)
      waitpid      waitpid() events (0x4)
      events       low-level debugger events (0x8)
      protocol     communication protocol (0x20)
      context      debug context actions (0x40)
      children     debug context children (0x10)
      discovery    discovery (0x80)
      asyncreq     async I/O (0x100)
      proxy        proxy state (0x200)
      tcflog       proxy traffic (0x400)
      elf          ELF reader (0x800)
      stack        stack trace service (0x2000)
      plugin       plugins (0x4000)
      shutdown     shutdown of subsystems (0x8000)
      disasm       disassembly service (0x10000)
  -s<url>          set agent listening port and protocol, default is tcp::0
  -S               print server properties in Json format to stdout
  -g<port>         start GDB Remote Serial Protocol server at the specified TCP port
  -I<idle-seconds> exit if there are no connections for the specified time

10:18:34 ERROR : Timed out. 60 seconds have elapsed while waiting for the XRT server to launch.
10:19:15 INFO  : Disconnected from the channel tcfchan#12.
10:19:16 INFO  : Connected to target on host '127.0.0.1' and port '3121'.
10:19:17 INFO  : Jtag cable 'Digilent Zed 210248BD1333' is selected.
10:19:17 INFO  : 'jtag frequency' command is executed.
10:19:17 INFO  : Context for 'APU' is selected.
10:19:17 INFO  : System reset is completed.
10:19:20 INFO  : 'after 3000' command is executed.
10:19:20 INFO  : 'targets -set -filter {jtag_cable_name =~ "Digilent Zed 210248BD1333" && level==0 && jtag_device_ctx=="jsn-Zed-210248BD1333-23727093-0"}' command is executed.
10:19:23 INFO  : Device configured successfully with "C:/openTCSPC3/SRC/zedboard_real_microscope/vitis/app/_ide/bitstream/zedboard_real_microscope_wrapper4.bit"
10:19:23 INFO  : Context for 'APU' is selected.
10:19:23 INFO  : Hardware design and registers information is loaded from 'C:/openTCSPC3/SRC/zedboard_real_microscope/vitis/platform/export/platform/hw/zedboard_real_microscope_wrapper4.xsa'.
10:19:23 INFO  : 'configparams force-mem-access 1' command is executed.
10:19:23 INFO  : Context for 'APU' is selected.
10:19:23 INFO  : Sourcing of 'C:/openTCSPC3/SRC/zedboard_real_microscope/vitis/app/_ide/psinit/ps7_init.tcl' is done.
10:19:23 INFO  : 'ps7_init' command is executed.
10:19:23 INFO  : 'ps7_post_config' command is executed.
10:19:23 INFO  : Context for processor 'ps7_cortexa9_0' is selected.
10:19:30 INFO  : The application 'C:/openTCSPC3/SRC/zedboard_real_microscope/vitis/app/Debug/app.elf' is downloaded to processor 'ps7_cortexa9_0'.
10:19:30 INFO  : 'configparams force-mem-access 0' command is executed.
10:19:30 INFO  : ----------------XSDB Script----------------
connect -url tcp:127.0.0.1:3121
targets -set -nocase -filter {name =~"APU*"}
rst -system
after 3000
targets -set -filter {jtag_cable_name =~ "Digilent Zed 210248BD1333" && level==0 && jtag_device_ctx=="jsn-Zed-210248BD1333-23727093-0"}
fpga -file C:/openTCSPC3/SRC/zedboard_real_microscope/vitis/app/_ide/bitstream/zedboard_real_microscope_wrapper4.bit
targets -set -nocase -filter {name =~"APU*"}
loadhw -hw C:/openTCSPC3/SRC/zedboard_real_microscope/vitis/platform/export/platform/hw/zedboard_real_microscope_wrapper4.xsa -mem-ranges [list {0x40000000 0xbfffffff}] -regs
configparams force-mem-access 1
targets -set -nocase -filter {name =~"APU*"}
source C:/openTCSPC3/SRC/zedboard_real_microscope/vitis/app/_ide/psinit/ps7_init.tcl
ps7_init
ps7_post_config
targets -set -nocase -filter {name =~ "*A9*#0"}
dow C:/openTCSPC3/SRC/zedboard_real_microscope/vitis/app/Debug/app.elf
configparams force-mem-access 0
----------------End of Script----------------

10:19:30 INFO  : Context for processor 'ps7_cortexa9_0' is selected.
10:19:30 INFO  : 'con' command is executed.
10:19:30 INFO  : ----------------XSDB Script (After Launch)----------------
targets -set -nocase -filter {name =~ "*A9*#0"}
con
----------------End of Script----------------

10:19:30 INFO  : Launch script is exported to file 'C:\openTCSPC3\SRC\zedboard_real_microscope\vitis\app_system\_ide\scripts\systemdebugger_app_system_standalone.tcl'
10:21:19 INFO  : Checking for BSP changes to sync application flags for project 'app'...
10:23:31 INFO  : Checking for BSP changes to sync application flags for project 'app'...
10:23:36 INFO  : Disconnected from the channel tcfchan#15.
10:23:36 INFO  : Connected to target on host '127.0.0.1' and port '3121'.
10:23:37 INFO  : Jtag cable 'Digilent Zed 210248BD1333' is selected.
10:23:37 INFO  : 'jtag frequency' command is executed.
10:23:37 INFO  : Context for 'APU' is selected.
10:23:37 INFO  : System reset is completed.
10:23:40 INFO  : 'after 3000' command is executed.
10:23:40 INFO  : 'targets -set -filter {jtag_cable_name =~ "Digilent Zed 210248BD1333" && level==0 && jtag_device_ctx=="jsn-Zed-210248BD1333-23727093-0"}' command is executed.
10:23:42 INFO  : Device configured successfully with "C:/openTCSPC3/SRC/zedboard_real_microscope/vitis/app/_ide/bitstream/zedboard_real_microscope_wrapper4.bit"
10:23:42 INFO  : Context for 'APU' is selected.
10:23:42 INFO  : Hardware design and registers information is loaded from 'C:/openTCSPC3/SRC/zedboard_real_microscope/vitis/platform/export/platform/hw/zedboard_real_microscope_wrapper4.xsa'.
10:23:42 INFO  : 'configparams force-mem-access 1' command is executed.
10:23:42 INFO  : Context for 'APU' is selected.
10:23:42 INFO  : Sourcing of 'C:/openTCSPC3/SRC/zedboard_real_microscope/vitis/app/_ide/psinit/ps7_init.tcl' is done.
10:23:43 INFO  : 'ps7_init' command is executed.
10:23:43 INFO  : 'ps7_post_config' command is executed.
10:23:43 INFO  : Context for processor 'ps7_cortexa9_0' is selected.
10:23:50 INFO  : The application 'C:/openTCSPC3/SRC/zedboard_real_microscope/vitis/app/Debug/app.elf' is downloaded to processor 'ps7_cortexa9_0'.
10:23:50 INFO  : 'configparams force-mem-access 0' command is executed.
10:23:50 INFO  : ----------------XSDB Script----------------
connect -url tcp:127.0.0.1:3121
targets -set -nocase -filter {name =~"APU*"}
rst -system
after 3000
targets -set -filter {jtag_cable_name =~ "Digilent Zed 210248BD1333" && level==0 && jtag_device_ctx=="jsn-Zed-210248BD1333-23727093-0"}
fpga -file C:/openTCSPC3/SRC/zedboard_real_microscope/vitis/app/_ide/bitstream/zedboard_real_microscope_wrapper4.bit
targets -set -nocase -filter {name =~"APU*"}
loadhw -hw C:/openTCSPC3/SRC/zedboard_real_microscope/vitis/platform/export/platform/hw/zedboard_real_microscope_wrapper4.xsa -mem-ranges [list {0x40000000 0xbfffffff}] -regs
configparams force-mem-access 1
targets -set -nocase -filter {name =~"APU*"}
source C:/openTCSPC3/SRC/zedboard_real_microscope/vitis/app/_ide/psinit/ps7_init.tcl
ps7_init
ps7_post_config
targets -set -nocase -filter {name =~ "*A9*#0"}
dow C:/openTCSPC3/SRC/zedboard_real_microscope/vitis/app/Debug/app.elf
configparams force-mem-access 0
----------------End of Script----------------

10:23:50 INFO  : Context for processor 'ps7_cortexa9_0' is selected.
10:23:50 INFO  : 'con' command is executed.
10:23:50 INFO  : ----------------XSDB Script (After Launch)----------------
targets -set -nocase -filter {name =~ "*A9*#0"}
con
----------------End of Script----------------

10:23:50 INFO  : Launch script is exported to file 'C:\openTCSPC3\SRC\zedboard_real_microscope\vitis\app_system\_ide\scripts\systemdebugger_app_system_standalone.tcl'
10:26:01 INFO  : Checking for BSP changes to sync application flags for project 'app'...
10:26:09 INFO  : Disconnected from the channel tcfchan#16.
10:26:10 ERROR : (XRT Server)C:/Xilinx/Vitis/2024.2/bin/unwrapped/win64.o/xrt_server.exe: error: illegal option '-'
Usage: agent [OPTION]...
Start Target Communication Framework agent.
  -d               run in daemon mode (output is sent to system logger)
  -i               run in interactive mode
  -L<file>         enable logging, use -L- to send log to stderr
  -l<level>        set log level, the level is comma separated list of:
      alloc        memory allocation and deallocation (0x1)
      eventcore    main event queue (0x2)
      waitpid      waitpid() events (0x4)
      events       low-level debugger events (0x8)
      protocol     communication protocol (0x20)
      context      debug context actions (0x40)
      children     debug context children (0x10)
      discovery    discovery (0x80)
      asyncreq     async I/O (0x100)
      proxy        proxy state (0x200)
      tcflog       proxy traffic (0x400)
      elf          ELF reader (0x800)
      stack        stack trace service (0x2000)
      plugin       plugins (0x4000)
      shutdown     shutdown of subsystems (0x8000)
      disasm       disassembly service (0x10000)
  -s<url>          set agent listening port and protocol, default is tcp::0
  -S               print server properties in Json format to stdout
  -g<port>         start GDB Remote Serial Protocol server at the specified TCP port
  -I<idle-seconds> exit if there are no connections for the specified time

10:27:10 ERROR : Timed out. 60 seconds have elapsed while waiting for the XRT server to launch.
10:27:10 INFO  : Connected to target on host '127.0.0.1' and port '3121'.
10:27:10 INFO  : Jtag cable 'Digilent Zed 210248BD1333' is selected.
10:27:10 INFO  : 'jtag frequency' command is executed.
10:27:10 INFO  : Context for 'APU' is selected.
10:27:10 INFO  : System reset is completed.
10:27:13 INFO  : 'after 3000' command is executed.
10:27:13 INFO  : 'targets -set -filter {jtag_cable_name =~ "Digilent Zed 210248BD1333" && level==0 && jtag_device_ctx=="jsn-Zed-210248BD1333-23727093-0"}' command is executed.
10:27:16 INFO  : Device configured successfully with "C:/openTCSPC3/SRC/zedboard_real_microscope/vitis/app/_ide/bitstream/zedboard_real_microscope_wrapper4.bit"
10:27:16 INFO  : Context for 'APU' is selected.
10:27:16 INFO  : Hardware design and registers information is loaded from 'C:/openTCSPC3/SRC/zedboard_real_microscope/vitis/platform/export/platform/hw/zedboard_real_microscope_wrapper4.xsa'.
10:27:16 INFO  : 'configparams force-mem-access 1' command is executed.
10:27:16 INFO  : Context for 'APU' is selected.
10:27:16 INFO  : Sourcing of 'C:/openTCSPC3/SRC/zedboard_real_microscope/vitis/app/_ide/psinit/ps7_init.tcl' is done.
10:27:16 INFO  : 'ps7_init' command is executed.
10:27:16 INFO  : 'ps7_post_config' command is executed.
10:27:16 INFO  : Context for processor 'ps7_cortexa9_0' is selected.
10:27:23 INFO  : The application 'C:/openTCSPC3/SRC/zedboard_real_microscope/vitis/app/Debug/app.elf' is downloaded to processor 'ps7_cortexa9_0'.
10:27:23 INFO  : 'configparams force-mem-access 0' command is executed.
10:27:23 INFO  : ----------------XSDB Script----------------
connect -url tcp:127.0.0.1:3121
targets -set -nocase -filter {name =~"APU*"}
rst -system
after 3000
targets -set -filter {jtag_cable_name =~ "Digilent Zed 210248BD1333" && level==0 && jtag_device_ctx=="jsn-Zed-210248BD1333-23727093-0"}
fpga -file C:/openTCSPC3/SRC/zedboard_real_microscope/vitis/app/_ide/bitstream/zedboard_real_microscope_wrapper4.bit
targets -set -nocase -filter {name =~"APU*"}
loadhw -hw C:/openTCSPC3/SRC/zedboard_real_microscope/vitis/platform/export/platform/hw/zedboard_real_microscope_wrapper4.xsa -mem-ranges [list {0x40000000 0xbfffffff}] -regs
configparams force-mem-access 1
targets -set -nocase -filter {name =~"APU*"}
source C:/openTCSPC3/SRC/zedboard_real_microscope/vitis/app/_ide/psinit/ps7_init.tcl
ps7_init
ps7_post_config
targets -set -nocase -filter {name =~ "*A9*#0"}
dow C:/openTCSPC3/SRC/zedboard_real_microscope/vitis/app/Debug/app.elf
configparams force-mem-access 0
----------------End of Script----------------

10:27:23 INFO  : Context for processor 'ps7_cortexa9_0' is selected.
10:27:23 INFO  : 'con' command is executed.
10:27:23 INFO  : ----------------XSDB Script (After Launch)----------------
targets -set -nocase -filter {name =~ "*A9*#0"}
con
----------------End of Script----------------

10:27:23 INFO  : Launch script is exported to file 'C:\openTCSPC3\SRC\zedboard_real_microscope\vitis\app_system\_ide\scripts\systemdebugger_app_system_standalone.tcl'
10:29:12 INFO  : Disconnected from the channel tcfchan#17.
10:29:14 ERROR : (XRT Server)C:/Xilinx/Vitis/2024.2/bin/unwrapped/win64.o/xrt_server.exe: error: illegal option '-'
Usage: agent [OPTION]...
Start Target Communication Framework agent.
  -d               run in daemon mode (output is sent to system logger)
  -i               run in interactive mode
  -L<file>         enable logging, use -L- to send log to stderr
  -l<level>        set log level, the level is comma separated list of:
      alloc        memory allocation and deallocation (0x1)
      eventcore    main event queue (0x2)
      waitpid      waitpid() events (0x4)
      events       low-level debugger events (0x8)
      protocol     communication protocol (0x20)
      context      debug context actions (0x40)
      children     debug context children (0x10)
      discovery    discovery (0x80)
      asyncreq     async I/O (0x100)
      proxy        proxy state (0x200)
      tcflog       proxy traffic (0x400)
      elf          ELF reader (0x800)
      stack        stack trace service (0x2000)
      plugin       plugins (0x4000)
      shutdown     shutdown of subsystems (0x8000)
      disasm       disassembly service (0x10000)
  -s<url>          set agent listening port and protocol, default is tcp::0
  -S               print server properties in Json format to stdout
  -g<port>         start GDB Remote Serial Protocol server at the specified TCP port
  -I<idle-seconds> exit if there are no connections for the specified time

10:30:13 ERROR : Timed out. 60 seconds have elapsed while waiting for the XRT server to launch.
10:30:13 INFO  : Connected to target on host '127.0.0.1' and port '3121'.
10:30:13 INFO  : Jtag cable 'Digilent Zed 210248BD1333' is selected.
10:30:13 INFO  : 'jtag frequency' command is executed.
10:30:13 INFO  : Context for 'APU' is selected.
10:30:13 INFO  : System reset is completed.
10:30:16 INFO  : 'after 3000' command is executed.
10:30:17 INFO  : 'targets -set -filter {jtag_cable_name =~ "Digilent Zed 210248BD1333" && level==0 && jtag_device_ctx=="jsn-Zed-210248BD1333-23727093-0"}' command is executed.
10:30:19 INFO  : Device configured successfully with "C:/openTCSPC3/SRC/zedboard_real_microscope/vitis/app/_ide/bitstream/zedboard_real_microscope_wrapper4.bit"
10:30:19 INFO  : Context for 'APU' is selected.
10:30:19 INFO  : Hardware design and registers information is loaded from 'C:/openTCSPC3/SRC/zedboard_real_microscope/vitis/platform/export/platform/hw/zedboard_real_microscope_wrapper4.xsa'.
10:30:19 INFO  : 'configparams force-mem-access 1' command is executed.
10:30:19 INFO  : Context for 'APU' is selected.
10:30:19 INFO  : Sourcing of 'C:/openTCSPC3/SRC/zedboard_real_microscope/vitis/app/_ide/psinit/ps7_init.tcl' is done.
10:30:20 INFO  : 'ps7_init' command is executed.
10:30:20 INFO  : 'ps7_post_config' command is executed.
10:30:20 INFO  : Context for processor 'ps7_cortexa9_0' is selected.
10:30:26 INFO  : The application 'C:/openTCSPC3/SRC/zedboard_real_microscope/vitis/app/Debug/app.elf' is downloaded to processor 'ps7_cortexa9_0'.
10:30:26 INFO  : 'configparams force-mem-access 0' command is executed.
10:30:26 INFO  : ----------------XSDB Script----------------
connect -url tcp:127.0.0.1:3121
targets -set -nocase -filter {name =~"APU*"}
rst -system
after 3000
targets -set -filter {jtag_cable_name =~ "Digilent Zed 210248BD1333" && level==0 && jtag_device_ctx=="jsn-Zed-210248BD1333-23727093-0"}
fpga -file C:/openTCSPC3/SRC/zedboard_real_microscope/vitis/app/_ide/bitstream/zedboard_real_microscope_wrapper4.bit
targets -set -nocase -filter {name =~"APU*"}
loadhw -hw C:/openTCSPC3/SRC/zedboard_real_microscope/vitis/platform/export/platform/hw/zedboard_real_microscope_wrapper4.xsa -mem-ranges [list {0x40000000 0xbfffffff}] -regs
configparams force-mem-access 1
targets -set -nocase -filter {name =~"APU*"}
source C:/openTCSPC3/SRC/zedboard_real_microscope/vitis/app/_ide/psinit/ps7_init.tcl
ps7_init
ps7_post_config
targets -set -nocase -filter {name =~ "*A9*#0"}
dow C:/openTCSPC3/SRC/zedboard_real_microscope/vitis/app/Debug/app.elf
configparams force-mem-access 0
----------------End of Script----------------

10:30:27 INFO  : Context for processor 'ps7_cortexa9_0' is selected.
10:30:27 INFO  : 'con' command is executed.
10:30:27 INFO  : ----------------XSDB Script (After Launch)----------------
targets -set -nocase -filter {name =~ "*A9*#0"}
con
----------------End of Script----------------

10:30:27 INFO  : Launch script is exported to file 'C:\openTCSPC3\SRC\zedboard_real_microscope\vitis\app_system\_ide\scripts\systemdebugger_app_system_standalone.tcl'
10:31:10 INFO  : Disconnected from the channel tcfchan#18.
10:31:11 ERROR : (XRT Server)C:/Xilinx/Vitis/2024.2/bin/unwrapped/win64.o/xrt_server.exe: error: illegal option '-'
Usage: agent [OPTION]...
Start Target Communication Framework agent.
  -d               run in daemon mode (output is sent to system logger)
  -i               run in interactive mode
  -L<file>         enable logging, use -L- to send log to stderr
  -l<level>        set log level, the level is comma separated list of:
      alloc        memory allocation and deallocation (0x1)
      eventcore    main event queue (0x2)
      waitpid      waitpid() events (0x4)
      events       low-level debugger events (0x8)
      protocol     communication protocol (0x20)
      context      debug context actions (0x40)
      children     debug context children (0x10)
      discovery    discovery (0x80)
      asyncreq     async I/O (0x100)
      proxy        proxy state (0x200)
      tcflog       proxy traffic (0x400)
      elf          ELF reader (0x800)
      stack        stack trace service (0x2000)
      plugin       plugins (0x4000)
      shutdown     shutdown of subsystems (0x8000)
      disasm       disassembly service (0x10000)
  -s<url>          set agent listening port and protocol, default is tcp::0
  -S               print server properties in Json format to stdout
  -g<port>         start GDB Remote Serial Protocol server at the specified TCP port
  -I<idle-seconds> exit if there are no connections for the specified time

10:32:11 ERROR : Timed out. 60 seconds have elapsed while waiting for the XRT server to launch.
10:32:11 INFO  : Connected to target on host '127.0.0.1' and port '3121'.
10:32:11 INFO  : Jtag cable 'Digilent Zed 210248BD1333' is selected.
10:32:11 INFO  : 'jtag frequency' command is executed.
10:32:11 INFO  : Context for 'APU' is selected.
10:32:11 INFO  : System reset is completed.
10:32:14 INFO  : 'after 3000' command is executed.
10:32:14 INFO  : 'targets -set -filter {jtag_cable_name =~ "Digilent Zed 210248BD1333" && level==0 && jtag_device_ctx=="jsn-Zed-210248BD1333-23727093-0"}' command is executed.
10:32:17 INFO  : Device configured successfully with "C:/openTCSPC3/SRC/zedboard_real_microscope/vitis/app/_ide/bitstream/zedboard_real_microscope_wrapper4.bit"
10:32:17 INFO  : Context for 'APU' is selected.
10:32:17 INFO  : Hardware design and registers information is loaded from 'C:/openTCSPC3/SRC/zedboard_real_microscope/vitis/platform/export/platform/hw/zedboard_real_microscope_wrapper4.xsa'.
10:32:17 INFO  : 'configparams force-mem-access 1' command is executed.
10:32:17 INFO  : Context for 'APU' is selected.
10:32:17 INFO  : Sourcing of 'C:/openTCSPC3/SRC/zedboard_real_microscope/vitis/app/_ide/psinit/ps7_init.tcl' is done.
10:32:17 INFO  : 'ps7_init' command is executed.
10:32:17 INFO  : 'ps7_post_config' command is executed.
10:32:17 INFO  : Context for processor 'ps7_cortexa9_0' is selected.
10:32:24 INFO  : The application 'C:/openTCSPC3/SRC/zedboard_real_microscope/vitis/app/Debug/app.elf' is downloaded to processor 'ps7_cortexa9_0'.
10:32:24 INFO  : 'configparams force-mem-access 0' command is executed.
10:32:24 INFO  : ----------------XSDB Script----------------
connect -url tcp:127.0.0.1:3121
targets -set -nocase -filter {name =~"APU*"}
rst -system
after 3000
targets -set -filter {jtag_cable_name =~ "Digilent Zed 210248BD1333" && level==0 && jtag_device_ctx=="jsn-Zed-210248BD1333-23727093-0"}
fpga -file C:/openTCSPC3/SRC/zedboard_real_microscope/vitis/app/_ide/bitstream/zedboard_real_microscope_wrapper4.bit
targets -set -nocase -filter {name =~"APU*"}
loadhw -hw C:/openTCSPC3/SRC/zedboard_real_microscope/vitis/platform/export/platform/hw/zedboard_real_microscope_wrapper4.xsa -mem-ranges [list {0x40000000 0xbfffffff}] -regs
configparams force-mem-access 1
targets -set -nocase -filter {name =~"APU*"}
source C:/openTCSPC3/SRC/zedboard_real_microscope/vitis/app/_ide/psinit/ps7_init.tcl
ps7_init
ps7_post_config
targets -set -nocase -filter {name =~ "*A9*#0"}
dow C:/openTCSPC3/SRC/zedboard_real_microscope/vitis/app/Debug/app.elf
configparams force-mem-access 0
----------------End of Script----------------

10:32:24 INFO  : Context for processor 'ps7_cortexa9_0' is selected.
10:32:24 INFO  : 'con' command is executed.
10:32:24 INFO  : ----------------XSDB Script (After Launch)----------------
targets -set -nocase -filter {name =~ "*A9*#0"}
con
----------------End of Script----------------

10:32:24 INFO  : Launch script is exported to file 'C:\openTCSPC3\SRC\zedboard_real_microscope\vitis\app_system\_ide\scripts\systemdebugger_app_system_standalone.tcl'
10:34:12 INFO  : Disconnected from the channel tcfchan#19.
10:34:13 ERROR : (XRT Server)C:/Xilinx/Vitis/2024.2/bin/unwrapped/win64.o/xrt_server.exe: error: illegal option '-'
Usage: agent [OPTION]...
Start Target Communication Framework agent.
  -d               run in daemon mode (output is sent to system logger)
  -i               run in interactive mode
  -L<file>         enable logging, use -L- to send log to stderr
  -l<level>        set log level, the level is comma separated list of:
      alloc        memory allocation and deallocation (0x1)
      eventcore    main event queue (0x2)
      waitpid      waitpid() events (0x4)
      events       low-level debugger events (0x8)
      protocol     communication protocol (0x20)
      context      debug context actions (0x40)
      children     debug context children (0x10)
      discovery    discovery (0x80)
      asyncreq     async I/O (0x100)
      proxy        proxy state (0x200)
      tcflog       proxy traffic (0x400)
      elf          ELF reader (0x800)
      stack        stack trace service (0x2000)
      plugin       plugins (0x4000)
      shutdown     shutdown of subsystems (0x8000)
      disasm       disassembly service (0x10000)
  -s<url>          set agent listening port and protocol, default is tcp::0
  -S               print server properties in Json format to stdout
  -g<port>         start GDB Remote Serial Protocol server at the specified TCP port
  -I<idle-seconds> exit if there are no connections for the specified time

10:35:13 ERROR : Timed out. 60 seconds have elapsed while waiting for the XRT server to launch.
10:35:13 INFO  : Connected to target on host '127.0.0.1' and port '3121'.
10:35:13 INFO  : Jtag cable 'Digilent Zed 210248BD1333' is selected.
10:35:13 INFO  : 'jtag frequency' command is executed.
10:35:13 INFO  : Context for 'APU' is selected.
10:35:13 INFO  : System reset is completed.
10:35:16 INFO  : 'after 3000' command is executed.
10:35:16 INFO  : 'targets -set -filter {jtag_cable_name =~ "Digilent Zed 210248BD1333" && level==0 && jtag_device_ctx=="jsn-Zed-210248BD1333-23727093-0"}' command is executed.
10:35:18 INFO  : Device configured successfully with "C:/openTCSPC3/SRC/zedboard_real_microscope/vitis/app/_ide/bitstream/zedboard_real_microscope_wrapper4.bit"
10:35:19 INFO  : Context for 'APU' is selected.
10:35:19 INFO  : Hardware design and registers information is loaded from 'C:/openTCSPC3/SRC/zedboard_real_microscope/vitis/platform/export/platform/hw/zedboard_real_microscope_wrapper4.xsa'.
10:35:19 INFO  : 'configparams force-mem-access 1' command is executed.
10:35:19 INFO  : Context for 'APU' is selected.
10:35:19 INFO  : Sourcing of 'C:/openTCSPC3/SRC/zedboard_real_microscope/vitis/app/_ide/psinit/ps7_init.tcl' is done.
10:35:19 INFO  : 'ps7_init' command is executed.
10:35:19 INFO  : 'ps7_post_config' command is executed.
10:35:19 INFO  : Context for processor 'ps7_cortexa9_0' is selected.
10:35:26 INFO  : The application 'C:/openTCSPC3/SRC/zedboard_real_microscope/vitis/app/Debug/app.elf' is downloaded to processor 'ps7_cortexa9_0'.
10:35:26 INFO  : 'configparams force-mem-access 0' command is executed.
10:35:26 INFO  : ----------------XSDB Script----------------
connect -url tcp:127.0.0.1:3121
targets -set -nocase -filter {name =~"APU*"}
rst -system
after 3000
targets -set -filter {jtag_cable_name =~ "Digilent Zed 210248BD1333" && level==0 && jtag_device_ctx=="jsn-Zed-210248BD1333-23727093-0"}
fpga -file C:/openTCSPC3/SRC/zedboard_real_microscope/vitis/app/_ide/bitstream/zedboard_real_microscope_wrapper4.bit
targets -set -nocase -filter {name =~"APU*"}
loadhw -hw C:/openTCSPC3/SRC/zedboard_real_microscope/vitis/platform/export/platform/hw/zedboard_real_microscope_wrapper4.xsa -mem-ranges [list {0x40000000 0xbfffffff}] -regs
configparams force-mem-access 1
targets -set -nocase -filter {name =~"APU*"}
source C:/openTCSPC3/SRC/zedboard_real_microscope/vitis/app/_ide/psinit/ps7_init.tcl
ps7_init
ps7_post_config
targets -set -nocase -filter {name =~ "*A9*#0"}
dow C:/openTCSPC3/SRC/zedboard_real_microscope/vitis/app/Debug/app.elf
configparams force-mem-access 0
----------------End of Script----------------

10:35:26 INFO  : Context for processor 'ps7_cortexa9_0' is selected.
10:35:26 INFO  : 'con' command is executed.
10:35:26 INFO  : ----------------XSDB Script (After Launch)----------------
targets -set -nocase -filter {name =~ "*A9*#0"}
con
----------------End of Script----------------

10:35:26 INFO  : Launch script is exported to file 'C:\openTCSPC3\SRC\zedboard_real_microscope\vitis\app_system\_ide\scripts\systemdebugger_app_system_standalone.tcl'
10:49:17 INFO  : Checking for BSP changes to sync application flags for project 'app'...
10:50:35 INFO  : Disconnected from the channel tcfchan#20.
10:50:36 INFO  : Connected to target on host '127.0.0.1' and port '3121'.
10:50:36 INFO  : Jtag cable 'Digilent Zed 210248BD1333' is selected.
10:50:36 INFO  : 'jtag frequency' command is executed.
10:50:36 INFO  : Context for 'APU' is selected.
10:50:36 INFO  : System reset is completed.
10:50:39 INFO  : 'after 3000' command is executed.
10:50:39 INFO  : 'targets -set -filter {jtag_cable_name =~ "Digilent Zed 210248BD1333" && level==0 && jtag_device_ctx=="jsn-Zed-210248BD1333-23727093-0"}' command is executed.
10:50:41 INFO  : Device configured successfully with "C:/openTCSPC3/SRC/zedboard_real_microscope/vitis/app/_ide/bitstream/zedboard_real_microscope_wrapper4.bit"
10:50:41 INFO  : Context for 'APU' is selected.
10:50:41 INFO  : Hardware design and registers information is loaded from 'C:/openTCSPC3/SRC/zedboard_real_microscope/vitis/platform/export/platform/hw/zedboard_real_microscope_wrapper4.xsa'.
10:50:41 INFO  : 'configparams force-mem-access 1' command is executed.
10:50:41 INFO  : Context for 'APU' is selected.
10:50:41 INFO  : Sourcing of 'C:/openTCSPC3/SRC/zedboard_real_microscope/vitis/app/_ide/psinit/ps7_init.tcl' is done.
10:50:42 INFO  : 'ps7_init' command is executed.
10:50:42 INFO  : 'ps7_post_config' command is executed.
10:50:42 INFO  : Context for processor 'ps7_cortexa9_0' is selected.
10:50:49 INFO  : The application 'C:/openTCSPC3/SRC/zedboard_real_microscope/vitis/app/Debug/app.elf' is downloaded to processor 'ps7_cortexa9_0'.
10:50:49 INFO  : 'configparams force-mem-access 0' command is executed.
10:50:49 INFO  : ----------------XSDB Script----------------
connect -url tcp:127.0.0.1:3121
targets -set -nocase -filter {name =~"APU*"}
rst -system
after 3000
targets -set -filter {jtag_cable_name =~ "Digilent Zed 210248BD1333" && level==0 && jtag_device_ctx=="jsn-Zed-210248BD1333-23727093-0"}
fpga -file C:/openTCSPC3/SRC/zedboard_real_microscope/vitis/app/_ide/bitstream/zedboard_real_microscope_wrapper4.bit
targets -set -nocase -filter {name =~"APU*"}
loadhw -hw C:/openTCSPC3/SRC/zedboard_real_microscope/vitis/platform/export/platform/hw/zedboard_real_microscope_wrapper4.xsa -mem-ranges [list {0x40000000 0xbfffffff}] -regs
configparams force-mem-access 1
targets -set -nocase -filter {name =~"APU*"}
source C:/openTCSPC3/SRC/zedboard_real_microscope/vitis/app/_ide/psinit/ps7_init.tcl
ps7_init
ps7_post_config
targets -set -nocase -filter {name =~ "*A9*#0"}
dow C:/openTCSPC3/SRC/zedboard_real_microscope/vitis/app/Debug/app.elf
configparams force-mem-access 0
----------------End of Script----------------

10:50:49 INFO  : Context for processor 'ps7_cortexa9_0' is selected.
10:50:49 INFO  : 'con' command is executed.
10:50:49 INFO  : ----------------XSDB Script (After Launch)----------------
targets -set -nocase -filter {name =~ "*A9*#0"}
con
----------------End of Script----------------

10:50:49 INFO  : Launch script is exported to file 'C:\openTCSPC3\SRC\zedboard_real_microscope\vitis\app_system\_ide\scripts\systemdebugger_app_system_standalone.tcl'
10:55:35 INFO  : Disconnected from the channel tcfchan#21.
10:55:36 ERROR : (XRT Server)C:/Xilinx/Vitis/2024.2/bin/unwrapped/win64.o/xrt_server.exe: error: illegal option '-'
Usage: agent [OPTION]...
Start Target Communication Framework agent.
  -d               run in daemon mode (output is sent to system logger)
  -i               run in interactive mode
  -L<file>         enable logging, use -L- to send log to stderr
  -l<level>        set log level, the level is comma separated list of:
      alloc        memory allocation and deallocation (0x1)
      eventcore    main event queue (0x2)
      waitpid      waitpid() events (0x4)
      events       low-level debugger events (0x8)
      protocol     communication protocol (0x20)
      context      debug context actions (0x40)
      children     debug context children (0x10)
      discovery    discovery (0x80)
      asyncreq     async I/O (0x100)
      proxy        proxy state (0x200)
      tcflog       proxy traffic (0x400)
      elf          ELF reader (0x800)
      stack        stack trace service (0x2000)
      plugin       plugins (0x4000)
      shutdown     shutdown of subsystems (0x8000)
      disasm       disassembly service (0x10000)
  -s<url>          set agent listening port and protocol, default is tcp::0
  -S               print server properties in Json format to stdout
  -g<port>         start GDB Remote Serial Protocol server at the specified TCP port
  -I<idle-seconds> exit if there are no connections for the specified time

10:56:35 ERROR : Timed out. 60 seconds have elapsed while waiting for the XRT server to launch.
10:56:35 INFO  : Connected to target on host '127.0.0.1' and port '3121'.
10:56:35 INFO  : Jtag cable 'Digilent Zed 210248BD1333' is selected.
10:56:35 INFO  : 'jtag frequency' command is executed.
10:56:35 INFO  : Context for 'APU' is selected.
10:56:35 INFO  : System reset is completed.
10:56:38 INFO  : 'after 3000' command is executed.
10:56:39 INFO  : 'targets -set -filter {jtag_cable_name =~ "Digilent Zed 210248BD1333" && level==0 && jtag_device_ctx=="jsn-Zed-210248BD1333-23727093-0"}' command is executed.
10:56:41 INFO  : Device configured successfully with "C:/openTCSPC3/SRC/zedboard_real_microscope/vitis/app/_ide/bitstream/zedboard_real_microscope_wrapper4.bit"
10:56:41 INFO  : Context for 'APU' is selected.
10:56:41 INFO  : Hardware design and registers information is loaded from 'C:/openTCSPC3/SRC/zedboard_real_microscope/vitis/platform/export/platform/hw/zedboard_real_microscope_wrapper4.xsa'.
10:56:41 INFO  : 'configparams force-mem-access 1' command is executed.
10:56:41 INFO  : Context for 'APU' is selected.
10:56:41 INFO  : Sourcing of 'C:/openTCSPC3/SRC/zedboard_real_microscope/vitis/app/_ide/psinit/ps7_init.tcl' is done.
10:56:42 INFO  : 'ps7_init' command is executed.
10:56:42 INFO  : 'ps7_post_config' command is executed.
10:56:42 INFO  : Context for processor 'ps7_cortexa9_0' is selected.
10:56:48 INFO  : The application 'C:/openTCSPC3/SRC/zedboard_real_microscope/vitis/app/Debug/app.elf' is downloaded to processor 'ps7_cortexa9_0'.
10:56:48 INFO  : 'configparams force-mem-access 0' command is executed.
10:56:48 INFO  : ----------------XSDB Script----------------
connect -url tcp:127.0.0.1:3121
targets -set -nocase -filter {name =~"APU*"}
rst -system
after 3000
targets -set -filter {jtag_cable_name =~ "Digilent Zed 210248BD1333" && level==0 && jtag_device_ctx=="jsn-Zed-210248BD1333-23727093-0"}
fpga -file C:/openTCSPC3/SRC/zedboard_real_microscope/vitis/app/_ide/bitstream/zedboard_real_microscope_wrapper4.bit
targets -set -nocase -filter {name =~"APU*"}
loadhw -hw C:/openTCSPC3/SRC/zedboard_real_microscope/vitis/platform/export/platform/hw/zedboard_real_microscope_wrapper4.xsa -mem-ranges [list {0x40000000 0xbfffffff}] -regs
configparams force-mem-access 1
targets -set -nocase -filter {name =~"APU*"}
source C:/openTCSPC3/SRC/zedboard_real_microscope/vitis/app/_ide/psinit/ps7_init.tcl
ps7_init
ps7_post_config
targets -set -nocase -filter {name =~ "*A9*#0"}
dow C:/openTCSPC3/SRC/zedboard_real_microscope/vitis/app/Debug/app.elf
configparams force-mem-access 0
----------------End of Script----------------

10:56:48 INFO  : Context for processor 'ps7_cortexa9_0' is selected.
10:56:48 INFO  : 'con' command is executed.
10:56:48 INFO  : ----------------XSDB Script (After Launch)----------------
targets -set -nocase -filter {name =~ "*A9*#0"}
con
----------------End of Script----------------

10:56:48 INFO  : Launch script is exported to file 'C:\openTCSPC3\SRC\zedboard_real_microscope\vitis\app_system\_ide\scripts\systemdebugger_app_system_standalone.tcl'
11:05:55 INFO  : Disconnected from the channel tcfchan#22.
11:05:55 INFO  : Connected to target on host '127.0.0.1' and port '3121'.
11:05:55 INFO  : Jtag cable 'Digilent Zed 210248BD1333' is selected.
11:05:55 INFO  : 'jtag frequency' command is executed.
11:05:55 INFO  : Context for 'APU' is selected.
11:05:55 INFO  : System reset is completed.
11:05:58 INFO  : 'after 3000' command is executed.
11:05:58 INFO  : 'targets -set -filter {jtag_cable_name =~ "Digilent Zed 210248BD1333" && level==0 && jtag_device_ctx=="jsn-Zed-210248BD1333-23727093-0"}' command is executed.
11:06:00 INFO  : Device configured successfully with "C:/openTCSPC3/SRC/zedboard_real_microscope/vitis/app/_ide/bitstream/zedboard_real_microscope_wrapper4.bit"
11:06:01 INFO  : Context for 'APU' is selected.
11:06:01 INFO  : Hardware design and registers information is loaded from 'C:/openTCSPC3/SRC/zedboard_real_microscope/vitis/platform/export/platform/hw/zedboard_real_microscope_wrapper4.xsa'.
11:06:01 INFO  : 'configparams force-mem-access 1' command is executed.
11:06:01 INFO  : Context for 'APU' is selected.
11:06:01 INFO  : Sourcing of 'C:/openTCSPC3/SRC/zedboard_real_microscope/vitis/app/_ide/psinit/ps7_init.tcl' is done.
11:06:01 INFO  : 'ps7_init' command is executed.
11:06:01 INFO  : 'ps7_post_config' command is executed.
11:06:01 INFO  : Context for processor 'ps7_cortexa9_0' is selected.
11:06:08 INFO  : The application 'C:/openTCSPC3/SRC/zedboard_real_microscope/vitis/app/Debug/app.elf' is downloaded to processor 'ps7_cortexa9_0'.
11:06:08 INFO  : 'configparams force-mem-access 0' command is executed.
11:06:08 INFO  : ----------------XSDB Script----------------
connect -url tcp:127.0.0.1:3121
targets -set -nocase -filter {name =~"APU*"}
rst -system
after 3000
targets -set -filter {jtag_cable_name =~ "Digilent Zed 210248BD1333" && level==0 && jtag_device_ctx=="jsn-Zed-210248BD1333-23727093-0"}
fpga -file C:/openTCSPC3/SRC/zedboard_real_microscope/vitis/app/_ide/bitstream/zedboard_real_microscope_wrapper4.bit
targets -set -nocase -filter {name =~"APU*"}
loadhw -hw C:/openTCSPC3/SRC/zedboard_real_microscope/vitis/platform/export/platform/hw/zedboard_real_microscope_wrapper4.xsa -mem-ranges [list {0x40000000 0xbfffffff}] -regs
configparams force-mem-access 1
targets -set -nocase -filter {name =~"APU*"}
source C:/openTCSPC3/SRC/zedboard_real_microscope/vitis/app/_ide/psinit/ps7_init.tcl
ps7_init
ps7_post_config
targets -set -nocase -filter {name =~ "*A9*#0"}
dow C:/openTCSPC3/SRC/zedboard_real_microscope/vitis/app/Debug/app.elf
configparams force-mem-access 0
----------------End of Script----------------

11:06:08 INFO  : Context for processor 'ps7_cortexa9_0' is selected.
11:06:08 INFO  : 'con' command is executed.
11:06:08 INFO  : ----------------XSDB Script (After Launch)----------------
targets -set -nocase -filter {name =~ "*A9*#0"}
con
----------------End of Script----------------

11:06:08 INFO  : Launch script is exported to file 'C:\openTCSPC3\SRC\zedboard_real_microscope\vitis\app_system\_ide\scripts\systemdebugger_app_system_standalone.tcl'
11:23:30 INFO  : Checking for BSP changes to sync application flags for project 'app'...
11:23:36 INFO  : Disconnected from the channel tcfchan#23.
11:23:37 ERROR : (XRT Server)C:/Xilinx/Vitis/2024.2/bin/unwrapped/win64.o/xrt_server.exe: error: illegal option '-'
Usage: agent [OPTION]...
Start Target Communication Framework agent.
  -d               run in daemon mode (output is sent to system logger)
  -i               run in interactive mode
  -L<file>         enable logging, use -L- to send log to stderr
  -l<level>        set log level, the level is comma separated list of:
      alloc        memory allocation and deallocation (0x1)
      eventcore    main event queue (0x2)
      waitpid      waitpid() events (0x4)
      events       low-level debugger events (0x8)
      protocol     communication protocol (0x20)
      context      debug context actions (0x40)
      children     debug context children (0x10)
      discovery    discovery (0x80)
      asyncreq     async I/O (0x100)
      proxy        proxy state (0x200)
      tcflog       proxy traffic (0x400)
      elf          ELF reader (0x800)
      stack        stack trace service (0x2000)
      plugin       plugins (0x4000)
      shutdown     shutdown of subsystems (0x8000)
      disasm       disassembly service (0x10000)
  -s<url>          set agent listening port and protocol, default is tcp::0
  -S               print server properties in Json format to stdout
  -g<port>         start GDB Remote Serial Protocol server at the specified TCP port
  -I<idle-seconds> exit if there are no connections for the specified time

11:24:37 ERROR : Timed out. 60 seconds have elapsed while waiting for the XRT server to launch.
11:24:37 INFO  : Connected to target on host '127.0.0.1' and port '3121'.
11:24:37 INFO  : Jtag cable 'Digilent Zed 210248BD1333' is selected.
11:24:37 INFO  : 'jtag frequency' command is executed.
11:24:37 INFO  : Context for 'APU' is selected.
11:24:37 INFO  : System reset is completed.
11:24:40 INFO  : 'after 3000' command is executed.
11:24:40 INFO  : 'targets -set -filter {jtag_cable_name =~ "Digilent Zed 210248BD1333" && level==0 && jtag_device_ctx=="jsn-Zed-210248BD1333-23727093-0"}' command is executed.
11:24:42 INFO  : Device configured successfully with "C:/openTCSPC3/SRC/zedboard_real_microscope/vitis/app/_ide/bitstream/zedboard_real_microscope_wrapper4.bit"
11:24:42 INFO  : Context for 'APU' is selected.
11:24:42 INFO  : Hardware design and registers information is loaded from 'C:/openTCSPC3/SRC/zedboard_real_microscope/vitis/platform/export/platform/hw/zedboard_real_microscope_wrapper4.xsa'.
11:24:42 INFO  : 'configparams force-mem-access 1' command is executed.
11:24:43 INFO  : Context for 'APU' is selected.
11:24:43 INFO  : Sourcing of 'C:/openTCSPC3/SRC/zedboard_real_microscope/vitis/app/_ide/psinit/ps7_init.tcl' is done.
11:24:43 INFO  : 'ps7_init' command is executed.
11:24:43 INFO  : 'ps7_post_config' command is executed.
11:24:43 INFO  : Context for processor 'ps7_cortexa9_0' is selected.
11:24:51 INFO  : The application 'C:/openTCSPC3/SRC/zedboard_real_microscope/vitis/app/Debug/app.elf' is downloaded to processor 'ps7_cortexa9_0'.
11:24:51 INFO  : 'configparams force-mem-access 0' command is executed.
11:24:51 INFO  : ----------------XSDB Script----------------
connect -url tcp:127.0.0.1:3121
targets -set -nocase -filter {name =~"APU*"}
rst -system
after 3000
targets -set -filter {jtag_cable_name =~ "Digilent Zed 210248BD1333" && level==0 && jtag_device_ctx=="jsn-Zed-210248BD1333-23727093-0"}
fpga -file C:/openTCSPC3/SRC/zedboard_real_microscope/vitis/app/_ide/bitstream/zedboard_real_microscope_wrapper4.bit
targets -set -nocase -filter {name =~"APU*"}
loadhw -hw C:/openTCSPC3/SRC/zedboard_real_microscope/vitis/platform/export/platform/hw/zedboard_real_microscope_wrapper4.xsa -mem-ranges [list {0x40000000 0xbfffffff}] -regs
configparams force-mem-access 1
targets -set -nocase -filter {name =~"APU*"}
source C:/openTCSPC3/SRC/zedboard_real_microscope/vitis/app/_ide/psinit/ps7_init.tcl
ps7_init
ps7_post_config
targets -set -nocase -filter {name =~ "*A9*#0"}
dow C:/openTCSPC3/SRC/zedboard_real_microscope/vitis/app/Debug/app.elf
configparams force-mem-access 0
----------------End of Script----------------

11:24:51 INFO  : Context for processor 'ps7_cortexa9_0' is selected.
11:24:51 INFO  : 'con' command is executed.
11:24:51 INFO  : ----------------XSDB Script (After Launch)----------------
targets -set -nocase -filter {name =~ "*A9*#0"}
con
----------------End of Script----------------

11:24:51 INFO  : Launch script is exported to file 'C:\openTCSPC3\SRC\zedboard_real_microscope\vitis\app_system\_ide\scripts\systemdebugger_app_system_standalone.tcl'
16:05:47 INFO  : Hardware specification for platform project 'platform' is updated.
16:06:09 INFO  : Result from executing command 'getProjects': platform
16:06:09 INFO  : Result from executing command 'getPlatforms': platform|C:/openTCSPC3/SRC/zedboard_real_microscope/vitis/platform/export/platform/platform.xpfm;xilinx_zcu102_base_202420_1|C:/Xilinx/Vitis/2024.2/base_platforms/xilinx_zcu102_base_202420_1/xilinx_zcu102_base_202420_1.xpfm;xilinx_zcu102_base_dfx_202420_1|C:/Xilinx/Vitis/2024.2/base_platforms/xilinx_zcu102_base_dfx_202420_1/xilinx_zcu102_base_dfx_202420_1.xpfm;xilinx_zcu104_base_202420_1|C:/Xilinx/Vitis/2024.2/base_platforms/xilinx_zcu104_base_202420_1/xilinx_zcu104_base_202420_1.xpfm
16:06:10 INFO  : Checking for BSP changes to sync application flags for project 'app'...
16:06:28 INFO  : The hardware specification used by project 'app' is out of sync with the platform. Resource files extracted from the hardware specification will be updated.
16:06:28 INFO  : The file 'C:\openTCSPC3\SRC\zedboard_real_microscope\vitis\app\_ide\bitstream\zedboard_real_microscope_wrapper4.bit' stored in project is removed.
16:06:28 INFO  : The file 'C:\openTCSPC3\SRC\zedboard_real_microscope\vitis\app\_ide\bitstream\zedboard_real_microscope_wrapper4.mmi' stored in project is removed.
16:06:28 INFO  : The updated bitstream files are copied from platform to folder 'C:\openTCSPC3\SRC\zedboard_real_microscope\vitis\app\_ide\bitstream' in project 'app'.
16:06:28 INFO  : The file 'C:\openTCSPC3\SRC\zedboard_real_microscope\vitis\app\_ide\psinit\ps7_init.tcl' stored in project is removed.
16:06:35 INFO  : The updated ps init files are copied from platform to folder 'C:\openTCSPC3\SRC\zedboard_real_microscope\vitis\app\_ide\psinit' in project 'app'.
16:06:43 INFO  : Checking for BSP changes to sync application flags for project 'app'...
16:07:06 ERROR : (XRT Server)C:/Xilinx/Vitis/2024.2/bin/unwrapped/win64.o/xrt_server.exe: error: illegal option '-'
Usage: agent [OPTION]...
Start Target Communication Framework agent.
  -d               run in daemon mode (output is sent to system logger)
  -i               run in interactive mode
  -L<file>         enable logging, use -L- to send log to stderr
  -l<level>        set log level, the level is comma separated list of:
      alloc        memory allocation and deallocation (0x1)
      eventcore    main event queue (0x2)
      waitpid      waitpid() events (0x4)
      events       low-level debugger events (0x8)
      protocol     communication protocol (0x20)
      context      debug context actions (0x40)
      children     debug context children (0x10)
      discovery    discovery (0x80)
      asyncreq     async I/O (0x100)
      proxy        proxy state (0x200)
      tcflog       proxy traffic (0x400)
      elf          ELF reader (0x800)
      stack        stack trace service (0x2000)
      plugin       plugins (0x4000)
      shutdown     shutdown of subsystems (0x8000)
      disasm       disassembly service (0x10000)
  -s<url>          set agent listening port and protocol, default is tcp::0
  -S               print server properties in Json format to stdout
  -g<port>         start GDB Remote Serial Protocol server at the specified TCP port
  -I<idle-seconds> exit if there are no connections for the specified time

16:08:05 ERROR : Timed out. 60 seconds have elapsed while waiting for the XRT server to launch.
16:08:55 INFO  : Disconnected from the channel tcfchan#24.
16:08:56 INFO  : Connected to target on host '127.0.0.1' and port '3121'.
16:08:56 INFO  : Jtag cable 'Digilent Zed 210248BD1333' is selected.
16:08:56 INFO  : 'jtag frequency' command is executed.
16:08:56 INFO  : Context for 'APU' is selected.
16:08:56 INFO  : System reset is completed.
16:08:59 INFO  : 'after 3000' command is executed.
16:08:59 INFO  : 'targets -set -filter {jtag_cable_name =~ "Digilent Zed 210248BD1333" && level==0 && jtag_device_ctx=="jsn-Zed-210248BD1333-23727093-0"}' command is executed.
16:09:02 INFO  : Device configured successfully with "C:/openTCSPC3/SRC/zedboard_real_microscope/vitis/app/_ide/bitstream/zedboard_real_microscope_wrapper5.bit"
16:09:02 INFO  : Context for 'APU' is selected.
16:09:02 INFO  : Hardware design and registers information is loaded from 'C:/openTCSPC3/SRC/zedboard_real_microscope/vitis/platform/export/platform/hw/zedboard_real_microscope_wrapper5.xsa'.
16:09:02 INFO  : 'configparams force-mem-access 1' command is executed.
16:09:02 INFO  : Context for 'APU' is selected.
16:09:02 INFO  : Sourcing of 'C:/openTCSPC3/SRC/zedboard_real_microscope/vitis/app/_ide/psinit/ps7_init.tcl' is done.
16:09:03 INFO  : 'ps7_init' command is executed.
16:09:03 INFO  : 'ps7_post_config' command is executed.
16:09:03 INFO  : Context for processor 'ps7_cortexa9_0' is selected.
16:09:10 INFO  : The application 'C:/openTCSPC3/SRC/zedboard_real_microscope/vitis/app/Debug/app.elf' is downloaded to processor 'ps7_cortexa9_0'.
16:09:10 INFO  : 'configparams force-mem-access 0' command is executed.
16:09:10 INFO  : ----------------XSDB Script----------------
connect -url tcp:127.0.0.1:3121
targets -set -nocase -filter {name =~"APU*"}
rst -system
after 3000
targets -set -filter {jtag_cable_name =~ "Digilent Zed 210248BD1333" && level==0 && jtag_device_ctx=="jsn-Zed-210248BD1333-23727093-0"}
fpga -file C:/openTCSPC3/SRC/zedboard_real_microscope/vitis/app/_ide/bitstream/zedboard_real_microscope_wrapper5.bit
targets -set -nocase -filter {name =~"APU*"}
loadhw -hw C:/openTCSPC3/SRC/zedboard_real_microscope/vitis/platform/export/platform/hw/zedboard_real_microscope_wrapper5.xsa -mem-ranges [list {0x40000000 0xbfffffff}] -regs
configparams force-mem-access 1
targets -set -nocase -filter {name =~"APU*"}
source C:/openTCSPC3/SRC/zedboard_real_microscope/vitis/app/_ide/psinit/ps7_init.tcl
ps7_init
ps7_post_config
targets -set -nocase -filter {name =~ "*A9*#0"}
dow C:/openTCSPC3/SRC/zedboard_real_microscope/vitis/app/Debug/app.elf
configparams force-mem-access 0
----------------End of Script----------------

16:09:10 INFO  : Context for processor 'ps7_cortexa9_0' is selected.
16:09:10 INFO  : 'con' command is executed.
16:09:10 INFO  : ----------------XSDB Script (After Launch)----------------
targets -set -nocase -filter {name =~ "*A9*#0"}
con
----------------End of Script----------------

16:09:10 INFO  : Launch script is exported to file 'C:\openTCSPC3\SRC\zedboard_real_microscope\vitis\app_system\_ide\scripts\systemdebugger_app_system_standalone.tcl'
16:12:29 INFO  : Disconnected from the channel tcfchan#28.
16:13:45 DEBUG : Logs will be stored at 'C:/openTCSPC3/SRC/zedboard_real_microscope/vitis/IDE.log'.
16:13:46 INFO  : Launching XSCT server: xsct.bat -n  -interactive C:\openTCSPC3\SRC\zedboard_real_microscope\vitis\temp_xsdb_launch_script.tcl
16:13:49 INFO  : XSCT server has started successfully.
16:13:49 INFO  : Successfully done setting XSCT server connection channel  
16:13:49 INFO  : plnx-install-location is set to ''
16:13:49 INFO  : Successfully done setting workspace for the tool. 
16:13:51 INFO  : Platform repository initialization has completed.
16:13:52 INFO  : Registering command handlers for Vitis TCF services
16:13:56 INFO  : Successfully done query RDI_DATADIR 
16:15:09 INFO  : Checking for BSP changes to sync application flags for project 'app'...
16:15:21 ERROR : (XSDB Server)ERROR: [Hsi 55-1571] The design file C:/openTCSPC3/SRC/zedboard_real_microscope/vitis/platform/export/platform/hw/zedboard_real_microscope_wrapper5.xsa is already opened

16:15:30 ERROR : (XRT Server)C:/Xilinx/Vitis/2024.2/bin/unwrapped/win64.o/xrt_server.exe: error: illegal option '-'
Usage: agent [OPTION]...
Start Target Communication Framework agent.
  -d               run in daemon mode (output is sent to system logger)
  -i               run in interactive mode
  -L<file>         enable logging, use -L- to send log to stderr
  -l<level>        set log level, the level is comma separated list of:
      alloc        memory allocation and deallocation (0x1)
      eventcore    main event queue (0x2)
      waitpid      waitpid() events (0x4)
      events       low-level debugger events (0x8)
      protocol     communication protocol (0x20)
      context      debug context actions (0x40)
      children     debug context children (0x10)
      discovery    discovery (0x80)
      asyncreq     async I/O (0x100)
      proxy        proxy state (0x200)
      tcflog       proxy traffic (0x400)
      elf          ELF reader (0x800)
      stack        stack trace service (0x2000)
      plugin       plugins (0x4000)
      shutdown     shutdown of subsystems (0x8000)
      disasm       disassembly service (0x10000)
  -s<url>          set agent listening port and protocol, default is tcp::0
  -S               print server properties in Json format to stdout
  -g<port>         start GDB Remote Serial Protocol server at the specified TCP port
  -I<idle-seconds> exit if there are no connections for the specified time

16:16:29 ERROR : Timed out. 60 seconds have elapsed while waiting for the XRT server to launch.
16:16:32 INFO  : Connected to target on host '127.0.0.1' and port '3121'.
16:16:33 INFO  : Jtag cable 'Digilent Zed 210248BD1333' is selected.
16:16:33 INFO  : 'jtag frequency' command is executed.
16:16:33 INFO  : Context for 'APU' is selected.
16:16:33 INFO  : System reset is completed.
16:16:36 INFO  : 'after 3000' command is executed.
16:16:36 INFO  : 'targets -set -filter {jtag_cable_name =~ "Digilent Zed 210248BD1333" && level==0 && jtag_device_ctx=="jsn-Zed-210248BD1333-23727093-0"}' command is executed.
16:16:39 INFO  : Device configured successfully with "C:/openTCSPC3/SRC/zedboard_real_microscope/vitis/app/_ide/bitstream/zedboard_real_microscope_wrapper5.bit"
16:16:39 INFO  : Context for 'APU' is selected.
16:16:39 INFO  : Hardware design and registers information is loaded from 'C:/openTCSPC3/SRC/zedboard_real_microscope/vitis/platform/export/platform/hw/zedboard_real_microscope_wrapper5.xsa'.
16:16:39 INFO  : 'configparams force-mem-access 1' command is executed.
16:16:39 INFO  : Context for 'APU' is selected.
16:16:39 INFO  : Sourcing of 'C:/openTCSPC3/SRC/zedboard_real_microscope/vitis/app/_ide/psinit/ps7_init.tcl' is done.
16:16:39 INFO  : 'ps7_init' command is executed.
16:16:39 INFO  : 'ps7_post_config' command is executed.
16:16:39 INFO  : Context for processor 'ps7_cortexa9_0' is selected.
16:16:46 INFO  : The application 'C:/openTCSPC3/SRC/zedboard_real_microscope/vitis/app/Debug/app.elf' is downloaded to processor 'ps7_cortexa9_0'.
16:16:46 INFO  : 'configparams force-mem-access 0' command is executed.
16:16:46 INFO  : ----------------XSDB Script----------------
connect -url tcp:127.0.0.1:3121
targets -set -nocase -filter {name =~"APU*"}
rst -system
after 3000
targets -set -filter {jtag_cable_name =~ "Digilent Zed 210248BD1333" && level==0 && jtag_device_ctx=="jsn-Zed-210248BD1333-23727093-0"}
fpga -file C:/openTCSPC3/SRC/zedboard_real_microscope/vitis/app/_ide/bitstream/zedboard_real_microscope_wrapper5.bit
targets -set -nocase -filter {name =~"APU*"}
loadhw -hw C:/openTCSPC3/SRC/zedboard_real_microscope/vitis/platform/export/platform/hw/zedboard_real_microscope_wrapper5.xsa -mem-ranges [list {0x40000000 0xbfffffff}] -regs
configparams force-mem-access 1
targets -set -nocase -filter {name =~"APU*"}
source C:/openTCSPC3/SRC/zedboard_real_microscope/vitis/app/_ide/psinit/ps7_init.tcl
ps7_init
ps7_post_config
targets -set -nocase -filter {name =~ "*A9*#0"}
dow C:/openTCSPC3/SRC/zedboard_real_microscope/vitis/app/Debug/app.elf
configparams force-mem-access 0
----------------End of Script----------------

16:16:46 INFO  : Context for processor 'ps7_cortexa9_0' is selected.
16:16:46 INFO  : 'con' command is executed.
16:16:46 INFO  : ----------------XSDB Script (After Launch)----------------
targets -set -nocase -filter {name =~ "*A9*#0"}
con
----------------End of Script----------------

16:16:46 INFO  : Launch script is exported to file 'C:\openTCSPC3\SRC\zedboard_real_microscope\vitis\app_system\_ide\scripts\systemdebugger_app_system_standalone.tcl'
16:17:31 INFO  : Disconnected from the channel tcfchan#2.
16:17:32 ERROR : (XRT Server)C:/Xilinx/Vitis/2024.2/bin/unwrapped/win64.o/xrt_server.exe: error: illegal option '-'
Usage: agent [OPTION]...
Start Target Communication Framework agent.
  -d               run in daemon mode (output is sent to system logger)
  -i               run in interactive mode
  -L<file>         enable logging, use -L- to send log to stderr
  -l<level>        set log level, the level is comma separated list of:
      alloc        memory allocation and deallocation (0x1)
      eventcore    main event queue (0x2)
      waitpid      waitpid() events (0x4)
      events       low-level debugger events (0x8)
      protocol     communication protocol (0x20)
      context      debug context actions (0x40)
      children     debug context children (0x10)
      discovery    discovery (0x80)
      asyncreq     async I/O (0x100)
      proxy        proxy state (0x200)
      tcflog       proxy traffic (0x400)
      elf          ELF reader (0x800)
      stack        stack trace service (0x2000)
      plugin       plugins (0x4000)
      shutdown     shutdown of subsystems (0x8000)
      disasm       disassembly service (0x10000)
  -s<url>          set agent listening port and protocol, default is tcp::0
  -S               print server properties in Json format to stdout
  -g<port>         start GDB Remote Serial Protocol server at the specified TCP port
  -I<idle-seconds> exit if there are no connections for the specified time

16:18:32 ERROR : Timed out. 60 seconds have elapsed while waiting for the XRT server to launch.
16:18:34 INFO  : Connected to target on host '127.0.0.1' and port '3121'.
16:18:35 INFO  : Jtag cable 'Digilent Zed 210248BD1333' is selected.
16:18:35 INFO  : 'jtag frequency' command is executed.
16:18:35 INFO  : Context for 'APU' is selected.
16:18:35 INFO  : System reset is completed.
16:18:38 INFO  : 'after 3000' command is executed.
16:18:38 INFO  : 'targets -set -filter {jtag_cable_name =~ "Digilent Zed 210248BD1333" && level==0 && jtag_device_ctx=="jsn-Zed-210248BD1333-23727093-0"}' command is executed.
16:18:40 INFO  : Device configured successfully with "C:/openTCSPC3/SRC/zedboard_real_microscope/vitis/app/_ide/bitstream/zedboard_real_microscope_wrapper5.bit"
16:18:40 INFO  : Context for 'APU' is selected.
16:18:49 INFO  : Hardware design and registers information is loaded from 'C:/openTCSPC3/SRC/zedboard_real_microscope/vitis/platform/export/platform/hw/zedboard_real_microscope_wrapper5.xsa'.
16:18:49 INFO  : 'configparams force-mem-access 1' command is executed.
16:18:49 INFO  : Context for 'APU' is selected.
16:18:49 INFO  : Sourcing of 'C:/openTCSPC3/SRC/zedboard_real_microscope/vitis/app/_ide/psinit/ps7_init.tcl' is done.
16:18:50 INFO  : 'ps7_init' command is executed.
16:18:50 INFO  : 'ps7_post_config' command is executed.
16:18:50 INFO  : Context for processor 'ps7_cortexa9_0' is selected.
16:18:56 INFO  : The application 'C:/openTCSPC3/SRC/zedboard_real_microscope/vitis/app/Debug/app.elf' is downloaded to processor 'ps7_cortexa9_0'.
16:18:56 INFO  : 'configparams force-mem-access 0' command is executed.
16:18:56 INFO  : ----------------XSDB Script----------------
connect -url tcp:127.0.0.1:3121
targets -set -nocase -filter {name =~"APU*"}
rst -system
after 3000
targets -set -filter {jtag_cable_name =~ "Digilent Zed 210248BD1333" && level==0 && jtag_device_ctx=="jsn-Zed-210248BD1333-23727093-0"}
fpga -file C:/openTCSPC3/SRC/zedboard_real_microscope/vitis/app/_ide/bitstream/zedboard_real_microscope_wrapper5.bit
targets -set -nocase -filter {name =~"APU*"}
loadhw -hw C:/openTCSPC3/SRC/zedboard_real_microscope/vitis/platform/export/platform/hw/zedboard_real_microscope_wrapper5.xsa -mem-ranges [list {0x40000000 0xbfffffff}] -regs
configparams force-mem-access 1
targets -set -nocase -filter {name =~"APU*"}
source C:/openTCSPC3/SRC/zedboard_real_microscope/vitis/app/_ide/psinit/ps7_init.tcl
ps7_init
ps7_post_config
targets -set -nocase -filter {name =~ "*A9*#0"}
dow C:/openTCSPC3/SRC/zedboard_real_microscope/vitis/app/Debug/app.elf
configparams force-mem-access 0
----------------End of Script----------------

16:18:56 INFO  : Context for processor 'ps7_cortexa9_0' is selected.
16:18:56 INFO  : 'con' command is executed.
16:18:56 INFO  : ----------------XSDB Script (After Launch)----------------
targets -set -nocase -filter {name =~ "*A9*#0"}
con
----------------End of Script----------------

16:18:56 INFO  : Launch script is exported to file 'C:\openTCSPC3\SRC\zedboard_real_microscope\vitis\app_system\_ide\scripts\systemdebugger_app_system_standalone.tcl'
16:19:16 INFO  : Disconnected from the channel tcfchan#3.
16:19:17 ERROR : (XRT Server)C:/Xilinx/Vitis/2024.2/bin/unwrapped/win64.o/xrt_server.exe: error: illegal option '-'
Usage: agent [OPTION]...
Start Target Communication Framework agent.
  -d               run in daemon mode (output is sent to system logger)
  -i               run in interactive mode
  -L<file>         enable logging, use -L- to send log to stderr
  -l<level>        set log level, the level is comma separated list of:
      alloc        memory allocation and deallocation (0x1)
      eventcore    main event queue (0x2)
      waitpid      waitpid() events (0x4)
      events       low-level debugger events (0x8)
      protocol     communication protocol (0x20)
      context      debug context actions (0x40)
      children     debug context children (0x10)
      discovery    discovery (0x80)
      asyncreq     async I/O (0x100)
      proxy        proxy state (0x200)
      tcflog       proxy traffic (0x400)
      elf          ELF reader (0x800)
      stack        stack trace service (0x2000)
      plugin       plugins (0x4000)
      shutdown     shutdown of subsystems (0x8000)
      disasm       disassembly service (0x10000)
  -s<url>          set agent listening port and protocol, default is tcp::0
  -S               print server properties in Json format to stdout
  -g<port>         start GDB Remote Serial Protocol server at the specified TCP port
  -I<idle-seconds> exit if there are no connections for the specified time

16:20:16 ERROR : Timed out. 60 seconds have elapsed while waiting for the XRT server to launch.
16:20:19 INFO  : Connected to target on host '127.0.0.1' and port '3121'.
16:20:20 INFO  : Jtag cable 'Digilent Zed 210248BD1333' is selected.
16:20:20 INFO  : 'jtag frequency' command is executed.
16:20:20 INFO  : Context for 'APU' is selected.
16:20:20 INFO  : System reset is completed.
16:20:23 INFO  : 'after 3000' command is executed.
16:20:23 INFO  : 'targets -set -filter {jtag_cable_name =~ "Digilent Zed 210248BD1333" && level==0 && jtag_device_ctx=="jsn-Zed-210248BD1333-23727093-0"}' command is executed.
16:20:25 INFO  : Device configured successfully with "C:/openTCSPC3/SRC/zedboard_real_microscope/vitis/app/_ide/bitstream/zedboard_real_microscope_wrapper5.bit"
16:20:25 INFO  : Context for 'APU' is selected.
16:20:34 INFO  : Hardware design and registers information is loaded from 'C:/openTCSPC3/SRC/zedboard_real_microscope/vitis/platform/export/platform/hw/zedboard_real_microscope_wrapper5.xsa'.
16:20:34 INFO  : 'configparams force-mem-access 1' command is executed.
16:20:34 INFO  : Context for 'APU' is selected.
16:20:34 INFO  : Sourcing of 'C:/openTCSPC3/SRC/zedboard_real_microscope/vitis/app/_ide/psinit/ps7_init.tcl' is done.
16:20:35 INFO  : 'ps7_init' command is executed.
16:20:35 INFO  : 'ps7_post_config' command is executed.
16:20:35 INFO  : Context for processor 'ps7_cortexa9_0' is selected.
16:20:41 INFO  : The application 'C:/openTCSPC3/SRC/zedboard_real_microscope/vitis/app/Debug/app.elf' is downloaded to processor 'ps7_cortexa9_0'.
16:20:41 INFO  : 'configparams force-mem-access 0' command is executed.
16:20:41 INFO  : ----------------XSDB Script----------------
connect -url tcp:127.0.0.1:3121
targets -set -nocase -filter {name =~"APU*"}
rst -system
after 3000
targets -set -filter {jtag_cable_name =~ "Digilent Zed 210248BD1333" && level==0 && jtag_device_ctx=="jsn-Zed-210248BD1333-23727093-0"}
fpga -file C:/openTCSPC3/SRC/zedboard_real_microscope/vitis/app/_ide/bitstream/zedboard_real_microscope_wrapper5.bit
targets -set -nocase -filter {name =~"APU*"}
loadhw -hw C:/openTCSPC3/SRC/zedboard_real_microscope/vitis/platform/export/platform/hw/zedboard_real_microscope_wrapper5.xsa -mem-ranges [list {0x40000000 0xbfffffff}] -regs
configparams force-mem-access 1
targets -set -nocase -filter {name =~"APU*"}
source C:/openTCSPC3/SRC/zedboard_real_microscope/vitis/app/_ide/psinit/ps7_init.tcl
ps7_init
ps7_post_config
targets -set -nocase -filter {name =~ "*A9*#0"}
dow C:/openTCSPC3/SRC/zedboard_real_microscope/vitis/app/Debug/app.elf
configparams force-mem-access 0
----------------End of Script----------------

16:20:41 INFO  : Context for processor 'ps7_cortexa9_0' is selected.
16:20:41 INFO  : 'con' command is executed.
16:20:41 INFO  : ----------------XSDB Script (After Launch)----------------
targets -set -nocase -filter {name =~ "*A9*#0"}
con
----------------End of Script----------------

16:20:41 INFO  : Launch script is exported to file 'C:\openTCSPC3\SRC\zedboard_real_microscope\vitis\app_system\_ide\scripts\systemdebugger_app_system_standalone.tcl'
16:22:35 INFO  : Disconnected from the channel tcfchan#4.
16:22:36 ERROR : (XRT Server)C:/Xilinx/Vitis/2024.2/bin/unwrapped/win64.o/xrt_server.exe: error: illegal option '-'
Usage: agent [OPTION]...
Start Target Communication Framework agent.
  -d               run in daemon mode (output is sent to system logger)
  -i               run in interactive mode
  -L<file>         enable logging, use -L- to send log to stderr
  -l<level>        set log level, the level is comma separated list of:
      alloc        memory allocation and deallocation (0x1)
      eventcore    main event queue (0x2)
      waitpid      waitpid() events (0x4)
      events       low-level debugger events (0x8)
      protocol     communication protocol (0x20)
      context      debug context actions (0x40)
      children     debug context children (0x10)
      discovery    discovery (0x80)
      asyncreq     async I/O (0x100)
      proxy        proxy state (0x200)
      tcflog       proxy traffic (0x400)
      elf          ELF reader (0x800)
      stack        stack trace service (0x2000)
      plugin       plugins (0x4000)
      shutdown     shutdown of subsystems (0x8000)
      disasm       disassembly service (0x10000)
  -s<url>          set agent listening port and protocol, default is tcp::0
  -S               print server properties in Json format to stdout
  -g<port>         start GDB Remote Serial Protocol server at the specified TCP port
  -I<idle-seconds> exit if there are no connections for the specified time

16:23:35 ERROR : Timed out. 60 seconds have elapsed while waiting for the XRT server to launch.
16:23:35 INFO  : Connected to target on host '127.0.0.1' and port '3121'.
16:23:35 INFO  : Jtag cable 'Digilent Zed 210248BD1333' is selected.
16:23:35 INFO  : 'jtag frequency' command is executed.
16:23:36 INFO  : Context for 'APU' is selected.
16:23:36 INFO  : System reset is completed.
16:23:39 INFO  : 'after 3000' command is executed.
16:23:39 INFO  : 'targets -set -filter {jtag_cable_name =~ "Digilent Zed 210248BD1333" && level==0 && jtag_device_ctx=="jsn-Zed-210248BD1333-23727093-0"}' command is executed.
16:23:41 INFO  : Device configured successfully with "C:/openTCSPC3/SRC/zedboard_real_microscope/vitis/app/_ide/bitstream/zedboard_real_microscope_wrapper5.bit"
16:23:41 INFO  : Context for 'APU' is selected.
16:23:50 INFO  : Hardware design and registers information is loaded from 'C:/openTCSPC3/SRC/zedboard_real_microscope/vitis/platform/export/platform/hw/zedboard_real_microscope_wrapper5.xsa'.
16:23:50 INFO  : 'configparams force-mem-access 1' command is executed.
16:23:50 INFO  : Context for 'APU' is selected.
16:23:50 INFO  : Sourcing of 'C:/openTCSPC3/SRC/zedboard_real_microscope/vitis/app/_ide/psinit/ps7_init.tcl' is done.
16:23:51 INFO  : 'ps7_init' command is executed.
16:23:51 INFO  : 'ps7_post_config' command is executed.
16:23:51 INFO  : Context for processor 'ps7_cortexa9_0' is selected.
16:23:57 INFO  : The application 'C:/openTCSPC3/SRC/zedboard_real_microscope/vitis/app/Debug/app.elf' is downloaded to processor 'ps7_cortexa9_0'.
16:23:57 INFO  : 'configparams force-mem-access 0' command is executed.
16:23:57 INFO  : ----------------XSDB Script----------------
connect -url tcp:127.0.0.1:3121
targets -set -nocase -filter {name =~"APU*"}
rst -system
after 3000
targets -set -filter {jtag_cable_name =~ "Digilent Zed 210248BD1333" && level==0 && jtag_device_ctx=="jsn-Zed-210248BD1333-23727093-0"}
fpga -file C:/openTCSPC3/SRC/zedboard_real_microscope/vitis/app/_ide/bitstream/zedboard_real_microscope_wrapper5.bit
targets -set -nocase -filter {name =~"APU*"}
loadhw -hw C:/openTCSPC3/SRC/zedboard_real_microscope/vitis/platform/export/platform/hw/zedboard_real_microscope_wrapper5.xsa -mem-ranges [list {0x40000000 0xbfffffff}] -regs
configparams force-mem-access 1
targets -set -nocase -filter {name =~"APU*"}
source C:/openTCSPC3/SRC/zedboard_real_microscope/vitis/app/_ide/psinit/ps7_init.tcl
ps7_init
ps7_post_config
targets -set -nocase -filter {name =~ "*A9*#0"}
dow C:/openTCSPC3/SRC/zedboard_real_microscope/vitis/app/Debug/app.elf
configparams force-mem-access 0
----------------End of Script----------------

16:23:57 INFO  : Context for processor 'ps7_cortexa9_0' is selected.
16:23:58 INFO  : 'con' command is executed.
16:23:58 INFO  : ----------------XSDB Script (After Launch)----------------
targets -set -nocase -filter {name =~ "*A9*#0"}
con
----------------End of Script----------------

16:23:58 INFO  : Launch script is exported to file 'C:\openTCSPC3\SRC\zedboard_real_microscope\vitis\app_system\_ide\scripts\systemdebugger_app_system_standalone.tcl'
16:24:18 INFO  : Disconnected from the channel tcfchan#5.
16:24:19 ERROR : (XRT Server)C:/Xilinx/Vitis/2024.2/bin/unwrapped/win64.o/xrt_server.exe: error: illegal option '-'
Usage: agent [OPTION]...
Start Target Communication Framework agent.
  -d               run in daemon mode (output is sent to system logger)
  -i               run in interactive mode
  -L<file>         enable logging, use -L- to send log to stderr
  -l<level>        set log level, the level is comma separated list of:
      alloc        memory allocation and deallocation (0x1)
      eventcore    main event queue (0x2)
      waitpid      waitpid() events (0x4)
      events       low-level debugger events (0x8)
      protocol     communication protocol (0x20)
      context      debug context actions (0x40)
      children     debug context children (0x10)
      discovery    discovery (0x80)
      asyncreq     async I/O (0x100)
      proxy        proxy state (0x200)
      tcflog       proxy traffic (0x400)
      elf          ELF reader (0x800)
      stack        stack trace service (0x2000)
      plugin       plugins (0x4000)
      shutdown     shutdown of subsystems (0x8000)
      disasm       disassembly service (0x10000)
  -s<url>          set agent listening port and protocol, default is tcp::0
  -S               print server properties in Json format to stdout
  -g<port>         start GDB Remote Serial Protocol server at the specified TCP port
  -I<idle-seconds> exit if there are no connections for the specified time

16:25:18 ERROR : Timed out. 60 seconds have elapsed while waiting for the XRT server to launch.
16:25:18 INFO  : Connected to target on host '127.0.0.1' and port '3121'.
16:25:19 INFO  : Jtag cable 'Digilent Zed 210248BD1333' is selected.
16:25:19 INFO  : 'jtag frequency' command is executed.
16:25:19 INFO  : Context for 'APU' is selected.
16:25:19 INFO  : System reset is completed.
16:25:22 INFO  : 'after 3000' command is executed.
16:25:22 INFO  : 'targets -set -filter {jtag_cable_name =~ "Digilent Zed 210248BD1333" && level==0 && jtag_device_ctx=="jsn-Zed-210248BD1333-23727093-0"}' command is executed.
16:25:24 INFO  : Device configured successfully with "C:/openTCSPC3/SRC/zedboard_real_microscope/vitis/app/_ide/bitstream/zedboard_real_microscope_wrapper5.bit"
16:25:24 INFO  : Context for 'APU' is selected.
16:25:33 INFO  : Hardware design and registers information is loaded from 'C:/openTCSPC3/SRC/zedboard_real_microscope/vitis/platform/export/platform/hw/zedboard_real_microscope_wrapper5.xsa'.
16:25:33 INFO  : 'configparams force-mem-access 1' command is executed.
16:25:33 INFO  : Context for 'APU' is selected.
16:25:33 INFO  : Sourcing of 'C:/openTCSPC3/SRC/zedboard_real_microscope/vitis/app/_ide/psinit/ps7_init.tcl' is done.
16:25:34 INFO  : 'ps7_init' command is executed.
16:25:34 INFO  : 'ps7_post_config' command is executed.
16:25:34 INFO  : Context for processor 'ps7_cortexa9_0' is selected.
16:25:40 INFO  : The application 'C:/openTCSPC3/SRC/zedboard_real_microscope/vitis/app/Debug/app.elf' is downloaded to processor 'ps7_cortexa9_0'.
16:25:40 INFO  : 'configparams force-mem-access 0' command is executed.
16:25:40 INFO  : ----------------XSDB Script----------------
connect -url tcp:127.0.0.1:3121
targets -set -nocase -filter {name =~"APU*"}
rst -system
after 3000
targets -set -filter {jtag_cable_name =~ "Digilent Zed 210248BD1333" && level==0 && jtag_device_ctx=="jsn-Zed-210248BD1333-23727093-0"}
fpga -file C:/openTCSPC3/SRC/zedboard_real_microscope/vitis/app/_ide/bitstream/zedboard_real_microscope_wrapper5.bit
targets -set -nocase -filter {name =~"APU*"}
loadhw -hw C:/openTCSPC3/SRC/zedboard_real_microscope/vitis/platform/export/platform/hw/zedboard_real_microscope_wrapper5.xsa -mem-ranges [list {0x40000000 0xbfffffff}] -regs
configparams force-mem-access 1
targets -set -nocase -filter {name =~"APU*"}
source C:/openTCSPC3/SRC/zedboard_real_microscope/vitis/app/_ide/psinit/ps7_init.tcl
ps7_init
ps7_post_config
targets -set -nocase -filter {name =~ "*A9*#0"}
dow C:/openTCSPC3/SRC/zedboard_real_microscope/vitis/app/Debug/app.elf
configparams force-mem-access 0
----------------End of Script----------------

16:25:41 INFO  : Context for processor 'ps7_cortexa9_0' is selected.
16:25:41 INFO  : 'con' command is executed.
16:25:41 INFO  : ----------------XSDB Script (After Launch)----------------
targets -set -nocase -filter {name =~ "*A9*#0"}
con
----------------End of Script----------------

16:25:41 INFO  : Launch script is exported to file 'C:\openTCSPC3\SRC\zedboard_real_microscope\vitis\app_system\_ide\scripts\systemdebugger_app_system_standalone.tcl'
16:27:20 INFO  : Disconnected from the channel tcfchan#6.
16:27:21 ERROR : (XRT Server)C:/Xilinx/Vitis/2024.2/bin/unwrapped/win64.o/xrt_server.exe: error: illegal option '-'
Usage: agent [OPTION]...
Start Target Communication Framework agent.
  -d               run in daemon mode (output is sent to system logger)
  -i               run in interactive mode
  -L<file>         enable logging, use -L- to send log to stderr
  -l<level>        set log level, the level is comma separated list of:
      alloc        memory allocation and deallocation (0x1)
      eventcore    main event queue (0x2)
      waitpid      waitpid() events (0x4)
      events       low-level debugger events (0x8)
      protocol     communication protocol (0x20)
      context      debug context actions (0x40)
      children     debug context children (0x10)
      discovery    discovery (0x80)
      asyncreq     async I/O (0x100)
      proxy        proxy state (0x200)
      tcflog       proxy traffic (0x400)
      elf          ELF reader (0x800)
      stack        stack trace service (0x2000)
      plugin       plugins (0x4000)
      shutdown     shutdown of subsystems (0x8000)
      disasm       disassembly service (0x10000)
  -s<url>          set agent listening port and protocol, default is tcp::0
  -S               print server properties in Json format to stdout
  -g<port>         start GDB Remote Serial Protocol server at the specified TCP port
  -I<idle-seconds> exit if there are no connections for the specified time

16:28:20 ERROR : Timed out. 60 seconds have elapsed while waiting for the XRT server to launch.
16:28:20 INFO  : Connected to target on host '127.0.0.1' and port '3121'.
16:28:21 INFO  : Jtag cable 'Digilent Zed 210248BD1333' is selected.
16:28:21 INFO  : 'jtag frequency' command is executed.
16:28:21 INFO  : Context for 'APU' is selected.
16:28:21 INFO  : System reset is completed.
16:28:24 INFO  : 'after 3000' command is executed.
16:28:24 INFO  : 'targets -set -filter {jtag_cable_name =~ "Digilent Zed 210248BD1333" && level==0 && jtag_device_ctx=="jsn-Zed-210248BD1333-23727093-0"}' command is executed.
16:28:26 INFO  : Device configured successfully with "C:/openTCSPC3/SRC/zedboard_real_microscope/vitis/app/_ide/bitstream/zedboard_real_microscope_wrapper5.bit"
16:28:26 INFO  : Context for 'APU' is selected.
16:28:35 INFO  : Hardware design and registers information is loaded from 'C:/openTCSPC3/SRC/zedboard_real_microscope/vitis/platform/export/platform/hw/zedboard_real_microscope_wrapper5.xsa'.
16:28:35 INFO  : 'configparams force-mem-access 1' command is executed.
16:28:35 INFO  : Context for 'APU' is selected.
16:28:35 INFO  : Sourcing of 'C:/openTCSPC3/SRC/zedboard_real_microscope/vitis/app/_ide/psinit/ps7_init.tcl' is done.
16:28:35 INFO  : 'ps7_init' command is executed.
16:28:35 INFO  : 'ps7_post_config' command is executed.
16:28:35 INFO  : Context for processor 'ps7_cortexa9_0' is selected.
16:28:42 INFO  : The application 'C:/openTCSPC3/SRC/zedboard_real_microscope/vitis/app/Debug/app.elf' is downloaded to processor 'ps7_cortexa9_0'.
16:28:42 INFO  : 'configparams force-mem-access 0' command is executed.
16:28:42 INFO  : ----------------XSDB Script----------------
connect -url tcp:127.0.0.1:3121
targets -set -nocase -filter {name =~"APU*"}
rst -system
after 3000
targets -set -filter {jtag_cable_name =~ "Digilent Zed 210248BD1333" && level==0 && jtag_device_ctx=="jsn-Zed-210248BD1333-23727093-0"}
fpga -file C:/openTCSPC3/SRC/zedboard_real_microscope/vitis/app/_ide/bitstream/zedboard_real_microscope_wrapper5.bit
targets -set -nocase -filter {name =~"APU*"}
loadhw -hw C:/openTCSPC3/SRC/zedboard_real_microscope/vitis/platform/export/platform/hw/zedboard_real_microscope_wrapper5.xsa -mem-ranges [list {0x40000000 0xbfffffff}] -regs
configparams force-mem-access 1
targets -set -nocase -filter {name =~"APU*"}
source C:/openTCSPC3/SRC/zedboard_real_microscope/vitis/app/_ide/psinit/ps7_init.tcl
ps7_init
ps7_post_config
targets -set -nocase -filter {name =~ "*A9*#0"}
dow C:/openTCSPC3/SRC/zedboard_real_microscope/vitis/app/Debug/app.elf
configparams force-mem-access 0
----------------End of Script----------------

16:28:42 INFO  : Context for processor 'ps7_cortexa9_0' is selected.
16:28:42 INFO  : 'con' command is executed.
16:28:42 INFO  : ----------------XSDB Script (After Launch)----------------
targets -set -nocase -filter {name =~ "*A9*#0"}
con
----------------End of Script----------------

16:28:42 INFO  : Launch script is exported to file 'C:\openTCSPC3\SRC\zedboard_real_microscope\vitis\app_system\_ide\scripts\systemdebugger_app_system_standalone.tcl'
16:31:51 INFO  : Disconnected from the channel tcfchan#7.
16:31:52 ERROR : (XRT Server)C:/Xilinx/Vitis/2024.2/bin/unwrapped/win64.o/xrt_server.exe: error: illegal option '-'
Usage: agent [OPTION]...
Start Target Communication Framework agent.
  -d               run in daemon mode (output is sent to system logger)
  -i               run in interactive mode
  -L<file>         enable logging, use -L- to send log to stderr
  -l<level>        set log level, the level is comma separated list of:
      alloc        memory allocation and deallocation (0x1)
      eventcore    main event queue (0x2)
      waitpid      waitpid() events (0x4)
      events       low-level debugger events (0x8)
      protocol     communication protocol (0x20)
      context      debug context actions (0x40)
      children     debug context children (0x10)
      discovery    discovery (0x80)
      asyncreq     async I/O (0x100)
      proxy        proxy state (0x200)
      tcflog       proxy traffic (0x400)
      elf          ELF reader (0x800)
      stack        stack trace service (0x2000)
      plugin       plugins (0x4000)
      shutdown     shutdown of subsystems (0x8000)
      disasm       disassembly service (0x10000)
  -s<url>          set agent listening port and protocol, default is tcp::0
  -S               print server properties in Json format to stdout
  -g<port>         start GDB Remote Serial Protocol server at the specified TCP port
  -I<idle-seconds> exit if there are no connections for the specified time

16:32:52 ERROR : Timed out. 60 seconds have elapsed while waiting for the XRT server to launch.
16:32:52 INFO  : Connected to target on host '127.0.0.1' and port '3121'.
16:32:52 INFO  : Jtag cable 'Digilent Zed 210248BD1333' is selected.
16:32:52 INFO  : 'jtag frequency' command is executed.
16:32:52 INFO  : Context for 'APU' is selected.
16:32:52 INFO  : System reset is completed.
16:32:55 INFO  : 'after 3000' command is executed.
16:32:55 INFO  : 'targets -set -filter {jtag_cable_name =~ "Digilent Zed 210248BD1333" && level==0 && jtag_device_ctx=="jsn-Zed-210248BD1333-23727093-0"}' command is executed.
16:32:57 INFO  : Device configured successfully with "C:/openTCSPC3/SRC/zedboard_real_microscope/vitis/app/_ide/bitstream/zedboard_real_microscope_wrapper5.bit"
16:32:57 INFO  : Context for 'APU' is selected.
16:33:06 INFO  : Hardware design and registers information is loaded from 'C:/openTCSPC3/SRC/zedboard_real_microscope/vitis/platform/export/platform/hw/zedboard_real_microscope_wrapper5.xsa'.
16:33:06 INFO  : 'configparams force-mem-access 1' command is executed.
16:33:06 INFO  : Context for 'APU' is selected.
16:33:06 INFO  : Sourcing of 'C:/openTCSPC3/SRC/zedboard_real_microscope/vitis/app/_ide/psinit/ps7_init.tcl' is done.
16:33:07 INFO  : 'ps7_init' command is executed.
16:33:07 INFO  : 'ps7_post_config' command is executed.
16:33:07 INFO  : Context for processor 'ps7_cortexa9_0' is selected.
16:33:13 INFO  : The application 'C:/openTCSPC3/SRC/zedboard_real_microscope/vitis/app/Debug/app.elf' is downloaded to processor 'ps7_cortexa9_0'.
16:33:13 INFO  : 'configparams force-mem-access 0' command is executed.
16:33:13 INFO  : ----------------XSDB Script----------------
connect -url tcp:127.0.0.1:3121
targets -set -nocase -filter {name =~"APU*"}
rst -system
after 3000
targets -set -filter {jtag_cable_name =~ "Digilent Zed 210248BD1333" && level==0 && jtag_device_ctx=="jsn-Zed-210248BD1333-23727093-0"}
fpga -file C:/openTCSPC3/SRC/zedboard_real_microscope/vitis/app/_ide/bitstream/zedboard_real_microscope_wrapper5.bit
targets -set -nocase -filter {name =~"APU*"}
loadhw -hw C:/openTCSPC3/SRC/zedboard_real_microscope/vitis/platform/export/platform/hw/zedboard_real_microscope_wrapper5.xsa -mem-ranges [list {0x40000000 0xbfffffff}] -regs
configparams force-mem-access 1
targets -set -nocase -filter {name =~"APU*"}
source C:/openTCSPC3/SRC/zedboard_real_microscope/vitis/app/_ide/psinit/ps7_init.tcl
ps7_init
ps7_post_config
targets -set -nocase -filter {name =~ "*A9*#0"}
dow C:/openTCSPC3/SRC/zedboard_real_microscope/vitis/app/Debug/app.elf
configparams force-mem-access 0
----------------End of Script----------------

16:33:14 INFO  : Context for processor 'ps7_cortexa9_0' is selected.
16:33:14 INFO  : 'con' command is executed.
16:33:14 INFO  : ----------------XSDB Script (After Launch)----------------
targets -set -nocase -filter {name =~ "*A9*#0"}
con
----------------End of Script----------------

16:33:14 INFO  : Launch script is exported to file 'C:\openTCSPC3\SRC\zedboard_real_microscope\vitis\app_system\_ide\scripts\systemdebugger_app_system_standalone.tcl'
16:44:33 INFO  : Disconnected from the channel tcfchan#8.
16:44:34 ERROR : (XRT Server)C:/Xilinx/Vitis/2024.2/bin/unwrapped/win64.o/xrt_server.exe: error: illegal option '-'
Usage: agent [OPTION]...
Start Target Communication Framework agent.
  -d               run in daemon mode (output is sent to system logger)
  -i               run in interactive mode
  -L<file>         enable logging, use -L- to send log to stderr
  -l<level>        set log level, the level is comma separated list of:
      alloc        memory allocation and deallocation (0x1)
      eventcore    main event queue (0x2)
      waitpid      waitpid() events (0x4)
      events       low-level debugger events (0x8)
      protocol     communication protocol (0x20)
      context      debug context actions (0x40)
      children     debug context children (0x10)
      discovery    discovery (0x80)
      asyncreq     async I/O (0x100)
      proxy        proxy state (0x200)
      tcflog       proxy traffic (0x400)
      elf          ELF reader (0x800)
      stack        stack trace service (0x2000)
      plugin       plugins (0x4000)
      shutdown     shutdown of subsystems (0x8000)
      disasm       disassembly service (0x10000)
  -s<url>          set agent listening port and protocol, default is tcp::0
  -S               print server properties in Json format to stdout
  -g<port>         start GDB Remote Serial Protocol server at the specified TCP port
  -I<idle-seconds> exit if there are no connections for the specified time

16:45:34 ERROR : Timed out. 60 seconds have elapsed while waiting for the XRT server to launch.
16:45:34 INFO  : Connected to target on host '127.0.0.1' and port '3121'.
16:45:34 INFO  : Jtag cable 'Digilent Zed 210248BD1333' is selected.
16:45:34 INFO  : 'jtag frequency' command is executed.
16:45:34 INFO  : Context for 'APU' is selected.
16:45:34 INFO  : System reset is completed.
16:45:37 INFO  : 'after 3000' command is executed.
16:45:37 INFO  : 'targets -set -filter {jtag_cable_name =~ "Digilent Zed 210248BD1333" && level==0 && jtag_device_ctx=="jsn-Zed-210248BD1333-23727093-0"}' command is executed.
16:45:40 INFO  : Device configured successfully with "C:/openTCSPC3/SRC/zedboard_real_microscope/vitis/app/_ide/bitstream/zedboard_real_microscope_wrapper5.bit"
16:45:40 INFO  : Context for 'APU' is selected.
16:45:49 INFO  : Hardware design and registers information is loaded from 'C:/openTCSPC3/SRC/zedboard_real_microscope/vitis/platform/export/platform/hw/zedboard_real_microscope_wrapper5.xsa'.
16:45:49 INFO  : 'configparams force-mem-access 1' command is executed.
16:45:49 INFO  : Context for 'APU' is selected.
16:45:49 INFO  : Sourcing of 'C:/openTCSPC3/SRC/zedboard_real_microscope/vitis/app/_ide/psinit/ps7_init.tcl' is done.
16:45:49 INFO  : 'ps7_init' command is executed.
16:45:49 INFO  : 'ps7_post_config' command is executed.
16:45:49 INFO  : Context for processor 'ps7_cortexa9_0' is selected.
16:45:56 INFO  : The application 'C:/openTCSPC3/SRC/zedboard_real_microscope/vitis/app/Debug/app.elf' is downloaded to processor 'ps7_cortexa9_0'.
16:45:56 INFO  : 'configparams force-mem-access 0' command is executed.
16:45:56 INFO  : ----------------XSDB Script----------------
connect -url tcp:127.0.0.1:3121
targets -set -nocase -filter {name =~"APU*"}
rst -system
after 3000
targets -set -filter {jtag_cable_name =~ "Digilent Zed 210248BD1333" && level==0 && jtag_device_ctx=="jsn-Zed-210248BD1333-23727093-0"}
fpga -file C:/openTCSPC3/SRC/zedboard_real_microscope/vitis/app/_ide/bitstream/zedboard_real_microscope_wrapper5.bit
targets -set -nocase -filter {name =~"APU*"}
loadhw -hw C:/openTCSPC3/SRC/zedboard_real_microscope/vitis/platform/export/platform/hw/zedboard_real_microscope_wrapper5.xsa -mem-ranges [list {0x40000000 0xbfffffff}] -regs
configparams force-mem-access 1
targets -set -nocase -filter {name =~"APU*"}
source C:/openTCSPC3/SRC/zedboard_real_microscope/vitis/app/_ide/psinit/ps7_init.tcl
ps7_init
ps7_post_config
targets -set -nocase -filter {name =~ "*A9*#0"}
dow C:/openTCSPC3/SRC/zedboard_real_microscope/vitis/app/Debug/app.elf
configparams force-mem-access 0
----------------End of Script----------------

16:45:56 INFO  : Context for processor 'ps7_cortexa9_0' is selected.
16:45:56 INFO  : 'con' command is executed.
16:45:56 INFO  : ----------------XSDB Script (After Launch)----------------
targets -set -nocase -filter {name =~ "*A9*#0"}
con
----------------End of Script----------------

16:45:56 INFO  : Launch script is exported to file 'C:\openTCSPC3\SRC\zedboard_real_microscope\vitis\app_system\_ide\scripts\systemdebugger_app_system_standalone.tcl'
16:49:24 INFO  : Disconnected from the channel tcfchan#9.
16:49:25 ERROR : (XRT Server)C:/Xilinx/Vitis/2024.2/bin/unwrapped/win64.o/xrt_server.exe: error: illegal option '-'
Usage: agent [OPTION]...
Start Target Communication Framework agent.
  -d               run in daemon mode (output is sent to system logger)
  -i               run in interactive mode
  -L<file>         enable logging, use -L- to send log to stderr
  -l<level>        set log level, the level is comma separated list of:
      alloc        memory allocation and deallocation (0x1)
      eventcore    main event queue (0x2)
      waitpid      waitpid() events (0x4)
      events       low-level debugger events (0x8)
      protocol     communication protocol (0x20)
      context      debug context actions (0x40)
      children     debug context children (0x10)
      discovery    discovery (0x80)
      asyncreq     async I/O (0x100)
      proxy        proxy state (0x200)
      tcflog       proxy traffic (0x400)
      elf          ELF reader (0x800)
      stack        stack trace service (0x2000)
      plugin       plugins (0x4000)
      shutdown     shutdown of subsystems (0x8000)
      disasm       disassembly service (0x10000)
  -s<url>          set agent listening port and protocol, default is tcp::0
  -S               print server properties in Json format to stdout
  -g<port>         start GDB Remote Serial Protocol server at the specified TCP port
  -I<idle-seconds> exit if there are no connections for the specified time

16:50:25 ERROR : Timed out. 60 seconds have elapsed while waiting for the XRT server to launch.
16:50:25 INFO  : Connected to target on host '127.0.0.1' and port '3121'.
16:50:25 INFO  : Jtag cable 'Digilent Zed 210248BD1333' is selected.
16:50:25 INFO  : 'jtag frequency' command is executed.
16:50:25 INFO  : Context for 'APU' is selected.
16:50:25 INFO  : System reset is completed.
16:50:28 INFO  : 'after 3000' command is executed.
16:50:28 INFO  : 'targets -set -filter {jtag_cable_name =~ "Digilent Zed 210248BD1333" && level==0 && jtag_device_ctx=="jsn-Zed-210248BD1333-23727093-0"}' command is executed.
16:50:30 INFO  : Device configured successfully with "C:/openTCSPC3/SRC/zedboard_real_microscope/vitis/app/_ide/bitstream/zedboard_real_microscope_wrapper5.bit"
16:50:30 INFO  : Context for 'APU' is selected.
16:50:39 INFO  : Hardware design and registers information is loaded from 'C:/openTCSPC3/SRC/zedboard_real_microscope/vitis/platform/export/platform/hw/zedboard_real_microscope_wrapper5.xsa'.
16:50:39 INFO  : 'configparams force-mem-access 1' command is executed.
16:50:39 INFO  : Context for 'APU' is selected.
16:50:39 INFO  : Sourcing of 'C:/openTCSPC3/SRC/zedboard_real_microscope/vitis/app/_ide/psinit/ps7_init.tcl' is done.
16:50:40 INFO  : 'ps7_init' command is executed.
16:50:40 INFO  : 'ps7_post_config' command is executed.
16:50:40 INFO  : Context for processor 'ps7_cortexa9_0' is selected.
16:50:47 INFO  : The application 'C:/openTCSPC3/SRC/zedboard_real_microscope/vitis/app/Debug/app.elf' is downloaded to processor 'ps7_cortexa9_0'.
16:50:47 INFO  : 'configparams force-mem-access 0' command is executed.
16:50:47 INFO  : ----------------XSDB Script----------------
connect -url tcp:127.0.0.1:3121
targets -set -nocase -filter {name =~"APU*"}
rst -system
after 3000
targets -set -filter {jtag_cable_name =~ "Digilent Zed 210248BD1333" && level==0 && jtag_device_ctx=="jsn-Zed-210248BD1333-23727093-0"}
fpga -file C:/openTCSPC3/SRC/zedboard_real_microscope/vitis/app/_ide/bitstream/zedboard_real_microscope_wrapper5.bit
targets -set -nocase -filter {name =~"APU*"}
loadhw -hw C:/openTCSPC3/SRC/zedboard_real_microscope/vitis/platform/export/platform/hw/zedboard_real_microscope_wrapper5.xsa -mem-ranges [list {0x40000000 0xbfffffff}] -regs
configparams force-mem-access 1
targets -set -nocase -filter {name =~"APU*"}
source C:/openTCSPC3/SRC/zedboard_real_microscope/vitis/app/_ide/psinit/ps7_init.tcl
ps7_init
ps7_post_config
targets -set -nocase -filter {name =~ "*A9*#0"}
dow C:/openTCSPC3/SRC/zedboard_real_microscope/vitis/app/Debug/app.elf
configparams force-mem-access 0
----------------End of Script----------------

16:50:47 INFO  : Context for processor 'ps7_cortexa9_0' is selected.
16:50:47 INFO  : 'con' command is executed.
16:50:47 INFO  : ----------------XSDB Script (After Launch)----------------
targets -set -nocase -filter {name =~ "*A9*#0"}
con
----------------End of Script----------------

16:50:47 INFO  : Launch script is exported to file 'C:\openTCSPC3\SRC\zedboard_real_microscope\vitis\app_system\_ide\scripts\systemdebugger_app_system_standalone.tcl'
16:52:07 INFO  : Disconnected from the channel tcfchan#10.
16:52:07 ERROR : (XRT Server)C:/Xilinx/Vitis/2024.2/bin/unwrapped/win64.o/xrt_server.exe: error: illegal option '-'
Usage: agent [OPTION]...
Start Target Communication Framework agent.
  -d               run in daemon mode (output is sent to system logger)
  -i               run in interactive mode
  -L<file>         enable logging, use -L- to send log to stderr
  -l<level>        set log level, the level is comma separated list of:
      alloc        memory allocation and deallocation (0x1)
      eventcore    main event queue (0x2)
      waitpid      waitpid() events (0x4)
      events       low-level debugger events (0x8)
      protocol     communication protocol (0x20)
      context      debug context actions (0x40)
      children     debug context children (0x10)
      discovery    discovery (0x80)
      asyncreq     async I/O (0x100)
      proxy        proxy state (0x200)
      tcflog       proxy traffic (0x400)
      elf          ELF reader (0x800)
      stack        stack trace service (0x2000)
      plugin       plugins (0x4000)
      shutdown     shutdown of subsystems (0x8000)
      disasm       disassembly service (0x10000)
  -s<url>          set agent listening port and protocol, default is tcp::0
  -S               print server properties in Json format to stdout
  -g<port>         start GDB Remote Serial Protocol server at the specified TCP port
  -I<idle-seconds> exit if there are no connections for the specified time

16:53:07 ERROR : Timed out. 60 seconds have elapsed while waiting for the XRT server to launch.
16:53:07 INFO  : Connected to target on host '127.0.0.1' and port '3121'.
16:53:07 INFO  : Jtag cable 'Digilent Zed 210248BD1333' is selected.
16:53:07 INFO  : 'jtag frequency' command is executed.
16:53:07 INFO  : Context for 'APU' is selected.
16:53:07 INFO  : System reset is completed.
16:53:10 INFO  : 'after 3000' command is executed.
16:53:11 INFO  : 'targets -set -filter {jtag_cable_name =~ "Digilent Zed 210248BD1333" && level==0 && jtag_device_ctx=="jsn-Zed-210248BD1333-23727093-0"}' command is executed.
16:53:13 INFO  : Device configured successfully with "C:/openTCSPC3/SRC/zedboard_real_microscope/vitis/app/_ide/bitstream/zedboard_real_microscope_wrapper5.bit"
16:53:13 INFO  : Context for 'APU' is selected.
16:53:22 INFO  : Hardware design and registers information is loaded from 'C:/openTCSPC3/SRC/zedboard_real_microscope/vitis/platform/export/platform/hw/zedboard_real_microscope_wrapper5.xsa'.
16:53:22 INFO  : 'configparams force-mem-access 1' command is executed.
16:53:22 INFO  : Context for 'APU' is selected.
16:53:22 INFO  : Sourcing of 'C:/openTCSPC3/SRC/zedboard_real_microscope/vitis/app/_ide/psinit/ps7_init.tcl' is done.
16:53:22 INFO  : 'ps7_init' command is executed.
16:53:22 INFO  : 'ps7_post_config' command is executed.
16:53:22 INFO  : Context for processor 'ps7_cortexa9_0' is selected.
16:53:29 INFO  : The application 'C:/openTCSPC3/SRC/zedboard_real_microscope/vitis/app/Debug/app.elf' is downloaded to processor 'ps7_cortexa9_0'.
16:53:29 INFO  : 'configparams force-mem-access 0' command is executed.
16:53:29 INFO  : ----------------XSDB Script----------------
connect -url tcp:127.0.0.1:3121
targets -set -nocase -filter {name =~"APU*"}
rst -system
after 3000
targets -set -filter {jtag_cable_name =~ "Digilent Zed 210248BD1333" && level==0 && jtag_device_ctx=="jsn-Zed-210248BD1333-23727093-0"}
fpga -file C:/openTCSPC3/SRC/zedboard_real_microscope/vitis/app/_ide/bitstream/zedboard_real_microscope_wrapper5.bit
targets -set -nocase -filter {name =~"APU*"}
loadhw -hw C:/openTCSPC3/SRC/zedboard_real_microscope/vitis/platform/export/platform/hw/zedboard_real_microscope_wrapper5.xsa -mem-ranges [list {0x40000000 0xbfffffff}] -regs
configparams force-mem-access 1
targets -set -nocase -filter {name =~"APU*"}
source C:/openTCSPC3/SRC/zedboard_real_microscope/vitis/app/_ide/psinit/ps7_init.tcl
ps7_init
ps7_post_config
targets -set -nocase -filter {name =~ "*A9*#0"}
dow C:/openTCSPC3/SRC/zedboard_real_microscope/vitis/app/Debug/app.elf
configparams force-mem-access 0
----------------End of Script----------------

16:53:30 INFO  : Context for processor 'ps7_cortexa9_0' is selected.
16:53:30 INFO  : 'con' command is executed.
16:53:30 INFO  : ----------------XSDB Script (After Launch)----------------
targets -set -nocase -filter {name =~ "*A9*#0"}
con
----------------End of Script----------------

16:53:30 INFO  : Launch script is exported to file 'C:\openTCSPC3\SRC\zedboard_real_microscope\vitis\app_system\_ide\scripts\systemdebugger_app_system_standalone.tcl'
17:27:05 INFO  : Disconnected from the channel tcfchan#11.
17:27:06 ERROR : (XRT Server)C:/Xilinx/Vitis/2024.2/bin/unwrapped/win64.o/xrt_server.exe: error: illegal option '-'
Usage: agent [OPTION]...
Start Target Communication Framework agent.
  -d               run in daemon mode (output is sent to system logger)
  -i               run in interactive mode
  -L<file>         enable logging, use -L- to send log to stderr
  -l<level>        set log level, the level is comma separated list of:
      alloc        memory allocation and deallocation (0x1)
      eventcore    main event queue (0x2)
      waitpid      waitpid() events (0x4)
      events       low-level debugger events (0x8)
      protocol     communication protocol (0x20)
      context      debug context actions (0x40)
      children     debug context children (0x10)
      discovery    discovery (0x80)
      asyncreq     async I/O (0x100)
      proxy        proxy state (0x200)
      tcflog       proxy traffic (0x400)
      elf          ELF reader (0x800)
      stack        stack trace service (0x2000)
      plugin       plugins (0x4000)
      shutdown     shutdown of subsystems (0x8000)
      disasm       disassembly service (0x10000)
  -s<url>          set agent listening port and protocol, default is tcp::0
  -S               print server properties in Json format to stdout
  -g<port>         start GDB Remote Serial Protocol server at the specified TCP port
  -I<idle-seconds> exit if there are no connections for the specified time

17:28:05 ERROR : Timed out. 60 seconds have elapsed while waiting for the XRT server to launch.
17:28:05 INFO  : Connected to target on host '127.0.0.1' and port '3121'.
17:28:05 INFO  : Jtag cable 'Digilent Zed 210248BD1333' is selected.
17:28:05 INFO  : 'jtag frequency' command is executed.
17:28:05 INFO  : Context for 'APU' is selected.
17:28:05 INFO  : System reset is completed.
17:28:08 INFO  : 'after 3000' command is executed.
17:28:08 INFO  : 'targets -set -filter {jtag_cable_name =~ "Digilent Zed 210248BD1333" && level==0 && jtag_device_ctx=="jsn-Zed-210248BD1333-23727093-0"}' command is executed.
17:28:11 INFO  : Device configured successfully with "C:/openTCSPC3/SRC/zedboard_real_microscope/vitis/app/_ide/bitstream/zedboard_real_microscope_wrapper5.bit"
17:28:11 INFO  : Context for 'APU' is selected.
17:28:20 INFO  : Hardware design and registers information is loaded from 'C:/openTCSPC3/SRC/zedboard_real_microscope/vitis/platform/export/platform/hw/zedboard_real_microscope_wrapper5.xsa'.
17:28:20 INFO  : 'configparams force-mem-access 1' command is executed.
17:28:20 INFO  : Context for 'APU' is selected.
17:28:20 INFO  : Sourcing of 'C:/openTCSPC3/SRC/zedboard_real_microscope/vitis/app/_ide/psinit/ps7_init.tcl' is done.
17:28:20 INFO  : 'ps7_init' command is executed.
17:28:20 INFO  : 'ps7_post_config' command is executed.
17:28:20 INFO  : Context for processor 'ps7_cortexa9_0' is selected.
17:28:27 INFO  : The application 'C:/openTCSPC3/SRC/zedboard_real_microscope/vitis/app/Debug/app.elf' is downloaded to processor 'ps7_cortexa9_0'.
17:28:27 INFO  : 'configparams force-mem-access 0' command is executed.
17:28:27 INFO  : ----------------XSDB Script----------------
connect -url tcp:127.0.0.1:3121
targets -set -nocase -filter {name =~"APU*"}
rst -system
after 3000
targets -set -filter {jtag_cable_name =~ "Digilent Zed 210248BD1333" && level==0 && jtag_device_ctx=="jsn-Zed-210248BD1333-23727093-0"}
fpga -file C:/openTCSPC3/SRC/zedboard_real_microscope/vitis/app/_ide/bitstream/zedboard_real_microscope_wrapper5.bit
targets -set -nocase -filter {name =~"APU*"}
loadhw -hw C:/openTCSPC3/SRC/zedboard_real_microscope/vitis/platform/export/platform/hw/zedboard_real_microscope_wrapper5.xsa -mem-ranges [list {0x40000000 0xbfffffff}] -regs
configparams force-mem-access 1
targets -set -nocase -filter {name =~"APU*"}
source C:/openTCSPC3/SRC/zedboard_real_microscope/vitis/app/_ide/psinit/ps7_init.tcl
ps7_init
ps7_post_config
targets -set -nocase -filter {name =~ "*A9*#0"}
dow C:/openTCSPC3/SRC/zedboard_real_microscope/vitis/app/Debug/app.elf
configparams force-mem-access 0
----------------End of Script----------------

17:28:27 INFO  : Context for processor 'ps7_cortexa9_0' is selected.
17:28:27 INFO  : 'con' command is executed.
17:28:27 INFO  : ----------------XSDB Script (After Launch)----------------
targets -set -nocase -filter {name =~ "*A9*#0"}
con
----------------End of Script----------------

17:28:27 INFO  : Launch script is exported to file 'C:\openTCSPC3\SRC\zedboard_real_microscope\vitis\app_system\_ide\scripts\systemdebugger_app_system_standalone.tcl'
17:29:26 INFO  : Disconnected from the channel tcfchan#12.
17:29:27 ERROR : (XRT Server)C:/Xilinx/Vitis/2024.2/bin/unwrapped/win64.o/xrt_server.exe: error: illegal option '-'
Usage: agent [OPTION]...
Start Target Communication Framework agent.
  -d               run in daemon mode (output is sent to system logger)
  -i               run in interactive mode
  -L<file>         enable logging, use -L- to send log to stderr
  -l<level>        set log level, the level is comma separated list of:
      alloc        memory allocation and deallocation (0x1)
      eventcore    main event queue (0x2)
      waitpid      waitpid() events (0x4)
      events       low-level debugger events (0x8)
      protocol     communication protocol (0x20)
      context      debug context actions (0x40)
      children     debug context children (0x10)
      discovery    discovery (0x80)
      asyncreq     async I/O (0x100)
      proxy        proxy state (0x200)
      tcflog       proxy traffic (0x400)
      elf          ELF reader (0x800)
      stack        stack trace service (0x2000)
      plugin       plugins (0x4000)
      shutdown     shutdown of subsystems (0x8000)
      disasm       disassembly service (0x10000)
  -s<url>          set agent listening port and protocol, default is tcp::0
  -S               print server properties in Json format to stdout
  -g<port>         start GDB Remote Serial Protocol server at the specified TCP port
  -I<idle-seconds> exit if there are no connections for the specified time

17:30:27 ERROR : Timed out. 60 seconds have elapsed while waiting for the XRT server to launch.
17:30:27 INFO  : Connected to target on host '127.0.0.1' and port '3121'.
17:30:27 INFO  : Jtag cable 'Digilent Zed 210248BD1333' is selected.
17:30:27 INFO  : 'jtag frequency' command is executed.
17:30:27 INFO  : Context for 'APU' is selected.
17:30:27 INFO  : System reset is completed.
17:30:30 INFO  : 'after 3000' command is executed.
17:30:30 INFO  : 'targets -set -filter {jtag_cable_name =~ "Digilent Zed 210248BD1333" && level==0 && jtag_device_ctx=="jsn-Zed-210248BD1333-23727093-0"}' command is executed.
17:30:33 INFO  : Device configured successfully with "C:/openTCSPC3/SRC/zedboard_real_microscope/vitis/app/_ide/bitstream/zedboard_real_microscope_wrapper5.bit"
17:30:33 INFO  : Context for 'APU' is selected.
17:30:42 INFO  : Hardware design and registers information is loaded from 'C:/openTCSPC3/SRC/zedboard_real_microscope/vitis/platform/export/platform/hw/zedboard_real_microscope_wrapper5.xsa'.
17:30:42 INFO  : 'configparams force-mem-access 1' command is executed.
17:30:42 INFO  : Context for 'APU' is selected.
17:30:42 INFO  : Sourcing of 'C:/openTCSPC3/SRC/zedboard_real_microscope/vitis/app/_ide/psinit/ps7_init.tcl' is done.
17:30:42 INFO  : 'ps7_init' command is executed.
17:30:42 INFO  : 'ps7_post_config' command is executed.
17:30:42 INFO  : Context for processor 'ps7_cortexa9_0' is selected.
17:30:49 INFO  : The application 'C:/openTCSPC3/SRC/zedboard_real_microscope/vitis/app/Debug/app.elf' is downloaded to processor 'ps7_cortexa9_0'.
17:30:49 INFO  : 'configparams force-mem-access 0' command is executed.
17:30:49 INFO  : ----------------XSDB Script----------------
connect -url tcp:127.0.0.1:3121
targets -set -nocase -filter {name =~"APU*"}
rst -system
after 3000
targets -set -filter {jtag_cable_name =~ "Digilent Zed 210248BD1333" && level==0 && jtag_device_ctx=="jsn-Zed-210248BD1333-23727093-0"}
fpga -file C:/openTCSPC3/SRC/zedboard_real_microscope/vitis/app/_ide/bitstream/zedboard_real_microscope_wrapper5.bit
targets -set -nocase -filter {name =~"APU*"}
loadhw -hw C:/openTCSPC3/SRC/zedboard_real_microscope/vitis/platform/export/platform/hw/zedboard_real_microscope_wrapper5.xsa -mem-ranges [list {0x40000000 0xbfffffff}] -regs
configparams force-mem-access 1
targets -set -nocase -filter {name =~"APU*"}
source C:/openTCSPC3/SRC/zedboard_real_microscope/vitis/app/_ide/psinit/ps7_init.tcl
ps7_init
ps7_post_config
targets -set -nocase -filter {name =~ "*A9*#0"}
dow C:/openTCSPC3/SRC/zedboard_real_microscope/vitis/app/Debug/app.elf
configparams force-mem-access 0
----------------End of Script----------------

17:30:49 INFO  : Context for processor 'ps7_cortexa9_0' is selected.
17:30:49 INFO  : 'con' command is executed.
17:30:49 INFO  : ----------------XSDB Script (After Launch)----------------
targets -set -nocase -filter {name =~ "*A9*#0"}
con
----------------End of Script----------------

17:30:49 INFO  : Launch script is exported to file 'C:\openTCSPC3\SRC\zedboard_real_microscope\vitis\app_system\_ide\scripts\systemdebugger_app_system_standalone.tcl'
17:32:30 INFO  : Disconnected from the channel tcfchan#13.
17:32:31 ERROR : (XRT Server)C:/Xilinx/Vitis/2024.2/bin/unwrapped/win64.o/xrt_server.exe: error: illegal option '-'
Usage: agent [OPTION]...
Start Target Communication Framework agent.
  -d               run in daemon mode (output is sent to system logger)
  -i               run in interactive mode
  -L<file>         enable logging, use -L- to send log to stderr
  -l<level>        set log level, the level is comma separated list of:
      alloc        memory allocation and deallocation (0x1)
      eventcore    main event queue (0x2)
      waitpid      waitpid() events (0x4)
      events       low-level debugger events (0x8)
      protocol     communication protocol (0x20)
      context      debug context actions (0x40)
      children     debug context children (0x10)
      discovery    discovery (0x80)
      asyncreq     async I/O (0x100)
      proxy        proxy state (0x200)
      tcflog       proxy traffic (0x400)
      elf          ELF reader (0x800)
      stack        stack trace service (0x2000)
      plugin       plugins (0x4000)
      shutdown     shutdown of subsystems (0x8000)
      disasm       disassembly service (0x10000)
  -s<url>          set agent listening port and protocol, default is tcp::0
  -S               print server properties in Json format to stdout
  -g<port>         start GDB Remote Serial Protocol server at the specified TCP port
  -I<idle-seconds> exit if there are no connections for the specified time

17:33:31 ERROR : Timed out. 60 seconds have elapsed while waiting for the XRT server to launch.
17:33:31 INFO  : Connected to target on host '127.0.0.1' and port '3121'.
17:33:31 INFO  : Jtag cable 'Digilent Zed 210248BD1333' is selected.
17:33:31 INFO  : 'jtag frequency' command is executed.
17:33:31 INFO  : Context for 'APU' is selected.
17:33:31 INFO  : System reset is completed.
17:33:34 INFO  : 'after 3000' command is executed.
17:33:34 INFO  : 'targets -set -filter {jtag_cable_name =~ "Digilent Zed 210248BD1333" && level==0 && jtag_device_ctx=="jsn-Zed-210248BD1333-23727093-0"}' command is executed.
17:33:36 INFO  : Device configured successfully with "C:/openTCSPC3/SRC/zedboard_real_microscope/vitis/app/_ide/bitstream/zedboard_real_microscope_wrapper5.bit"
17:33:36 INFO  : Context for 'APU' is selected.
17:33:45 INFO  : Hardware design and registers information is loaded from 'C:/openTCSPC3/SRC/zedboard_real_microscope/vitis/platform/export/platform/hw/zedboard_real_microscope_wrapper5.xsa'.
17:33:45 INFO  : 'configparams force-mem-access 1' command is executed.
17:33:45 INFO  : Context for 'APU' is selected.
17:33:45 INFO  : Sourcing of 'C:/openTCSPC3/SRC/zedboard_real_microscope/vitis/app/_ide/psinit/ps7_init.tcl' is done.
17:33:46 INFO  : 'ps7_init' command is executed.
17:33:46 INFO  : 'ps7_post_config' command is executed.
17:33:46 INFO  : Context for processor 'ps7_cortexa9_0' is selected.
17:33:53 INFO  : The application 'C:/openTCSPC3/SRC/zedboard_real_microscope/vitis/app/Debug/app.elf' is downloaded to processor 'ps7_cortexa9_0'.
17:33:53 INFO  : 'configparams force-mem-access 0' command is executed.
17:33:53 INFO  : ----------------XSDB Script----------------
connect -url tcp:127.0.0.1:3121
targets -set -nocase -filter {name =~"APU*"}
rst -system
after 3000
targets -set -filter {jtag_cable_name =~ "Digilent Zed 210248BD1333" && level==0 && jtag_device_ctx=="jsn-Zed-210248BD1333-23727093-0"}
fpga -file C:/openTCSPC3/SRC/zedboard_real_microscope/vitis/app/_ide/bitstream/zedboard_real_microscope_wrapper5.bit
targets -set -nocase -filter {name =~"APU*"}
loadhw -hw C:/openTCSPC3/SRC/zedboard_real_microscope/vitis/platform/export/platform/hw/zedboard_real_microscope_wrapper5.xsa -mem-ranges [list {0x40000000 0xbfffffff}] -regs
configparams force-mem-access 1
targets -set -nocase -filter {name =~"APU*"}
source C:/openTCSPC3/SRC/zedboard_real_microscope/vitis/app/_ide/psinit/ps7_init.tcl
ps7_init
ps7_post_config
targets -set -nocase -filter {name =~ "*A9*#0"}
dow C:/openTCSPC3/SRC/zedboard_real_microscope/vitis/app/Debug/app.elf
configparams force-mem-access 0
----------------End of Script----------------

17:33:53 INFO  : Context for processor 'ps7_cortexa9_0' is selected.
17:33:53 INFO  : 'con' command is executed.
17:33:53 INFO  : ----------------XSDB Script (After Launch)----------------
targets -set -nocase -filter {name =~ "*A9*#0"}
con
----------------End of Script----------------

17:33:53 INFO  : Launch script is exported to file 'C:\openTCSPC3\SRC\zedboard_real_microscope\vitis\app_system\_ide\scripts\systemdebugger_app_system_standalone.tcl'
17:35:06 INFO  : Disconnected from the channel tcfchan#14.
17:35:07 ERROR : (XRT Server)C:/Xilinx/Vitis/2024.2/bin/unwrapped/win64.o/xrt_server.exe: error: illegal option '-'
Usage: agent [OPTION]...
Start Target Communication Framework agent.
  -d               run in daemon mode (output is sent to system logger)
  -i               run in interactive mode
  -L<file>         enable logging, use -L- to send log to stderr
  -l<level>        set log level, the level is comma separated list of:
      alloc        memory allocation and deallocation (0x1)
      eventcore    main event queue (0x2)
      waitpid      waitpid() events (0x4)
      events       low-level debugger events (0x8)
      protocol     communication protocol (0x20)
      context      debug context actions (0x40)
      children     debug context children (0x10)
      discovery    discovery (0x80)
      asyncreq     async I/O (0x100)
      proxy        proxy state (0x200)
      tcflog       proxy traffic (0x400)
      elf          ELF reader (0x800)
      stack        stack trace service (0x2000)
      plugin       plugins (0x4000)
      shutdown     shutdown of subsystems (0x8000)
      disasm       disassembly service (0x10000)
  -s<url>          set agent listening port and protocol, default is tcp::0
  -S               print server properties in Json format to stdout
  -g<port>         start GDB Remote Serial Protocol server at the specified TCP port
  -I<idle-seconds> exit if there are no connections for the specified time

17:36:07 ERROR : Timed out. 60 seconds have elapsed while waiting for the XRT server to launch.
17:36:07 INFO  : Connected to target on host '127.0.0.1' and port '3121'.
17:36:07 INFO  : Jtag cable 'Digilent Zed 210248BD1333' is selected.
17:36:07 INFO  : 'jtag frequency' command is executed.
17:36:07 INFO  : Context for 'APU' is selected.
17:36:07 INFO  : System reset is completed.
17:36:10 INFO  : 'after 3000' command is executed.
17:36:10 INFO  : 'targets -set -filter {jtag_cable_name =~ "Digilent Zed 210248BD1333" && level==0 && jtag_device_ctx=="jsn-Zed-210248BD1333-23727093-0"}' command is executed.
17:36:12 INFO  : Device configured successfully with "C:/openTCSPC3/SRC/zedboard_real_microscope/vitis/app/_ide/bitstream/zedboard_real_microscope_wrapper5.bit"
17:36:13 INFO  : Context for 'APU' is selected.
17:36:22 INFO  : Hardware design and registers information is loaded from 'C:/openTCSPC3/SRC/zedboard_real_microscope/vitis/platform/export/platform/hw/zedboard_real_microscope_wrapper5.xsa'.
17:36:22 INFO  : 'configparams force-mem-access 1' command is executed.
17:36:22 INFO  : Context for 'APU' is selected.
17:36:22 INFO  : Sourcing of 'C:/openTCSPC3/SRC/zedboard_real_microscope/vitis/app/_ide/psinit/ps7_init.tcl' is done.
17:36:22 INFO  : 'ps7_init' command is executed.
17:36:22 INFO  : 'ps7_post_config' command is executed.
17:36:22 INFO  : Context for processor 'ps7_cortexa9_0' is selected.
17:36:29 INFO  : The application 'C:/openTCSPC3/SRC/zedboard_real_microscope/vitis/app/Debug/app.elf' is downloaded to processor 'ps7_cortexa9_0'.
17:36:29 INFO  : 'configparams force-mem-access 0' command is executed.
17:36:29 INFO  : ----------------XSDB Script----------------
connect -url tcp:127.0.0.1:3121
targets -set -nocase -filter {name =~"APU*"}
rst -system
after 3000
targets -set -filter {jtag_cable_name =~ "Digilent Zed 210248BD1333" && level==0 && jtag_device_ctx=="jsn-Zed-210248BD1333-23727093-0"}
fpga -file C:/openTCSPC3/SRC/zedboard_real_microscope/vitis/app/_ide/bitstream/zedboard_real_microscope_wrapper5.bit
targets -set -nocase -filter {name =~"APU*"}
loadhw -hw C:/openTCSPC3/SRC/zedboard_real_microscope/vitis/platform/export/platform/hw/zedboard_real_microscope_wrapper5.xsa -mem-ranges [list {0x40000000 0xbfffffff}] -regs
configparams force-mem-access 1
targets -set -nocase -filter {name =~"APU*"}
source C:/openTCSPC3/SRC/zedboard_real_microscope/vitis/app/_ide/psinit/ps7_init.tcl
ps7_init
ps7_post_config
targets -set -nocase -filter {name =~ "*A9*#0"}
dow C:/openTCSPC3/SRC/zedboard_real_microscope/vitis/app/Debug/app.elf
configparams force-mem-access 0
----------------End of Script----------------

17:36:29 INFO  : Context for processor 'ps7_cortexa9_0' is selected.
17:36:29 INFO  : 'con' command is executed.
17:36:29 INFO  : ----------------XSDB Script (After Launch)----------------
targets -set -nocase -filter {name =~ "*A9*#0"}
con
----------------End of Script----------------

17:36:29 INFO  : Launch script is exported to file 'C:\openTCSPC3\SRC\zedboard_real_microscope\vitis\app_system\_ide\scripts\systemdebugger_app_system_standalone.tcl'
17:46:08 INFO  : Disconnected from the channel tcfchan#15.
17:46:09 ERROR : (XRT Server)C:/Xilinx/Vitis/2024.2/bin/unwrapped/win64.o/xrt_server.exe: error: illegal option '-'
Usage: agent [OPTION]...
Start Target Communication Framework agent.
  -d               run in daemon mode (output is sent to system logger)
  -i               run in interactive mode
  -L<file>         enable logging, use -L- to send log to stderr
  -l<level>        set log level, the level is comma separated list of:
      alloc        memory allocation and deallocation (0x1)
      eventcore    main event queue (0x2)
      waitpid      waitpid() events (0x4)
      events       low-level debugger events (0x8)
      protocol     communication protocol (0x20)
      context      debug context actions (0x40)
      children     debug context children (0x10)
      discovery    discovery (0x80)
      asyncreq     async I/O (0x100)
      proxy        proxy state (0x200)
      tcflog       proxy traffic (0x400)
      elf          ELF reader (0x800)
      stack        stack trace service (0x2000)
      plugin       plugins (0x4000)
      shutdown     shutdown of subsystems (0x8000)
      disasm       disassembly service (0x10000)
  -s<url>          set agent listening port and protocol, default is tcp::0
  -S               print server properties in Json format to stdout
  -g<port>         start GDB Remote Serial Protocol server at the specified TCP port
  -I<idle-seconds> exit if there are no connections for the specified time

17:47:08 ERROR : Timed out. 60 seconds have elapsed while waiting for the XRT server to launch.
17:47:08 INFO  : Connected to target on host '127.0.0.1' and port '3121'.
17:47:09 INFO  : Jtag cable 'Digilent Zed 210248BD1333' is selected.
17:47:09 INFO  : 'jtag frequency' command is executed.
17:47:09 INFO  : Context for 'APU' is selected.
17:47:09 INFO  : System reset is completed.
17:47:12 INFO  : 'after 3000' command is executed.
17:47:12 INFO  : 'targets -set -filter {jtag_cable_name =~ "Digilent Zed 210248BD1333" && level==0 && jtag_device_ctx=="jsn-Zed-210248BD1333-23727093-0"}' command is executed.
17:47:14 INFO  : Device configured successfully with "C:/openTCSPC3/SRC/zedboard_real_microscope/vitis/app/_ide/bitstream/zedboard_real_microscope_wrapper5.bit"
17:47:14 INFO  : Context for 'APU' is selected.
17:47:23 INFO  : Hardware design and registers information is loaded from 'C:/openTCSPC3/SRC/zedboard_real_microscope/vitis/platform/export/platform/hw/zedboard_real_microscope_wrapper5.xsa'.
17:47:23 INFO  : 'configparams force-mem-access 1' command is executed.
17:47:23 INFO  : Context for 'APU' is selected.
17:47:23 INFO  : Sourcing of 'C:/openTCSPC3/SRC/zedboard_real_microscope/vitis/app/_ide/psinit/ps7_init.tcl' is done.
17:47:24 INFO  : 'ps7_init' command is executed.
17:47:24 INFO  : 'ps7_post_config' command is executed.
17:47:24 INFO  : Context for processor 'ps7_cortexa9_0' is selected.
17:47:31 INFO  : The application 'C:/openTCSPC3/SRC/zedboard_real_microscope/vitis/app/Debug/app.elf' is downloaded to processor 'ps7_cortexa9_0'.
17:47:31 INFO  : 'configparams force-mem-access 0' command is executed.
17:47:31 INFO  : ----------------XSDB Script----------------
connect -url tcp:127.0.0.1:3121
targets -set -nocase -filter {name =~"APU*"}
rst -system
after 3000
targets -set -filter {jtag_cable_name =~ "Digilent Zed 210248BD1333" && level==0 && jtag_device_ctx=="jsn-Zed-210248BD1333-23727093-0"}
fpga -file C:/openTCSPC3/SRC/zedboard_real_microscope/vitis/app/_ide/bitstream/zedboard_real_microscope_wrapper5.bit
targets -set -nocase -filter {name =~"APU*"}
loadhw -hw C:/openTCSPC3/SRC/zedboard_real_microscope/vitis/platform/export/platform/hw/zedboard_real_microscope_wrapper5.xsa -mem-ranges [list {0x40000000 0xbfffffff}] -regs
configparams force-mem-access 1
targets -set -nocase -filter {name =~"APU*"}
source C:/openTCSPC3/SRC/zedboard_real_microscope/vitis/app/_ide/psinit/ps7_init.tcl
ps7_init
ps7_post_config
targets -set -nocase -filter {name =~ "*A9*#0"}
dow C:/openTCSPC3/SRC/zedboard_real_microscope/vitis/app/Debug/app.elf
configparams force-mem-access 0
----------------End of Script----------------

17:47:31 INFO  : Context for processor 'ps7_cortexa9_0' is selected.
17:47:31 INFO  : 'con' command is executed.
17:47:31 INFO  : ----------------XSDB Script (After Launch)----------------
targets -set -nocase -filter {name =~ "*A9*#0"}
con
----------------End of Script----------------

17:47:31 INFO  : Launch script is exported to file 'C:\openTCSPC3\SRC\zedboard_real_microscope\vitis\app_system\_ide\scripts\systemdebugger_app_system_standalone.tcl'
17:56:19 INFO  : Disconnected from the channel tcfchan#16.
17:56:19 INFO  : Connected to target on host '127.0.0.1' and port '3121'.
17:56:19 INFO  : Jtag cable 'Digilent Zed 210248BD1333' is selected.
17:56:19 INFO  : 'jtag frequency' command is executed.
17:56:19 INFO  : Context for 'APU' is selected.
17:56:20 INFO  : System reset is completed.
17:56:23 INFO  : 'after 3000' command is executed.
17:56:23 INFO  : 'targets -set -filter {jtag_cable_name =~ "Digilent Zed 210248BD1333" && level==0 && jtag_device_ctx=="jsn-Zed-210248BD1333-23727093-0"}' command is executed.
17:56:25 INFO  : Device configured successfully with "C:/openTCSPC3/SRC/zedboard_real_microscope/vitis/app/_ide/bitstream/zedboard_real_microscope_wrapper5.bit"
17:56:25 INFO  : Context for 'APU' is selected.
17:56:35 INFO  : Hardware design and registers information is loaded from 'C:/openTCSPC3/SRC/zedboard_real_microscope/vitis/platform/export/platform/hw/zedboard_real_microscope_wrapper5.xsa'.
17:56:35 INFO  : 'configparams force-mem-access 1' command is executed.
17:56:35 INFO  : Context for 'APU' is selected.
17:56:35 INFO  : Sourcing of 'C:/openTCSPC3/SRC/zedboard_real_microscope/vitis/app/_ide/psinit/ps7_init.tcl' is done.
17:56:36 INFO  : 'ps7_init' command is executed.
17:56:36 INFO  : 'ps7_post_config' command is executed.
17:56:36 INFO  : Context for processor 'ps7_cortexa9_0' is selected.
17:56:42 INFO  : The application 'C:/openTCSPC3/SRC/zedboard_real_microscope/vitis/app/Debug/app.elf' is downloaded to processor 'ps7_cortexa9_0'.
17:56:42 INFO  : 'configparams force-mem-access 0' command is executed.
17:56:42 INFO  : ----------------XSDB Script----------------
connect -url tcp:127.0.0.1:3121
targets -set -nocase -filter {name =~"APU*"}
rst -system
after 3000
targets -set -filter {jtag_cable_name =~ "Digilent Zed 210248BD1333" && level==0 && jtag_device_ctx=="jsn-Zed-210248BD1333-23727093-0"}
fpga -file C:/openTCSPC3/SRC/zedboard_real_microscope/vitis/app/_ide/bitstream/zedboard_real_microscope_wrapper5.bit
targets -set -nocase -filter {name =~"APU*"}
loadhw -hw C:/openTCSPC3/SRC/zedboard_real_microscope/vitis/platform/export/platform/hw/zedboard_real_microscope_wrapper5.xsa -mem-ranges [list {0x40000000 0xbfffffff}] -regs
configparams force-mem-access 1
targets -set -nocase -filter {name =~"APU*"}
source C:/openTCSPC3/SRC/zedboard_real_microscope/vitis/app/_ide/psinit/ps7_init.tcl
ps7_init
ps7_post_config
targets -set -nocase -filter {name =~ "*A9*#0"}
dow C:/openTCSPC3/SRC/zedboard_real_microscope/vitis/app/Debug/app.elf
configparams force-mem-access 0
----------------End of Script----------------

17:56:42 INFO  : Context for processor 'ps7_cortexa9_0' is selected.
17:56:43 INFO  : 'con' command is executed.
17:56:43 INFO  : ----------------XSDB Script (After Launch)----------------
targets -set -nocase -filter {name =~ "*A9*#0"}
con
----------------End of Script----------------

17:56:43 INFO  : Launch script is exported to file 'C:\openTCSPC3\SRC\zedboard_real_microscope\vitis\app_system\_ide\scripts\systemdebugger_app_system_standalone.tcl'
17:58:33 INFO  : Disconnected from the channel tcfchan#17.
17:58:33 INFO  : Connected to target on host '127.0.0.1' and port '3121'.
17:58:33 INFO  : Jtag cable 'Digilent Zed 210248BD1333' is selected.
17:58:33 INFO  : 'jtag frequency' command is executed.
17:58:33 INFO  : Context for 'APU' is selected.
17:58:33 INFO  : System reset is completed.
17:58:36 INFO  : 'after 3000' command is executed.
17:58:36 INFO  : 'targets -set -filter {jtag_cable_name =~ "Digilent Zed 210248BD1333" && level==0 && jtag_device_ctx=="jsn-Zed-210248BD1333-23727093-0"}' command is executed.
17:58:39 INFO  : Device configured successfully with "C:/openTCSPC3/SRC/zedboard_real_microscope/vitis/app/_ide/bitstream/zedboard_real_microscope_wrapper5.bit"
17:58:39 INFO  : Context for 'APU' is selected.
17:58:49 INFO  : Hardware design and registers information is loaded from 'C:/openTCSPC3/SRC/zedboard_real_microscope/vitis/platform/export/platform/hw/zedboard_real_microscope_wrapper5.xsa'.
17:58:49 INFO  : 'configparams force-mem-access 1' command is executed.
17:58:49 INFO  : Context for 'APU' is selected.
17:58:49 INFO  : Sourcing of 'C:/openTCSPC3/SRC/zedboard_real_microscope/vitis/app/_ide/psinit/ps7_init.tcl' is done.
17:58:49 INFO  : 'ps7_init' command is executed.
17:58:49 INFO  : 'ps7_post_config' command is executed.
17:58:49 INFO  : Context for processor 'ps7_cortexa9_0' is selected.
17:58:56 INFO  : The application 'C:/openTCSPC3/SRC/zedboard_real_microscope/vitis/app/Debug/app.elf' is downloaded to processor 'ps7_cortexa9_0'.
17:58:56 INFO  : 'configparams force-mem-access 0' command is executed.
17:58:56 INFO  : ----------------XSDB Script----------------
connect -url tcp:127.0.0.1:3121
targets -set -nocase -filter {name =~"APU*"}
rst -system
after 3000
targets -set -filter {jtag_cable_name =~ "Digilent Zed 210248BD1333" && level==0 && jtag_device_ctx=="jsn-Zed-210248BD1333-23727093-0"}
fpga -file C:/openTCSPC3/SRC/zedboard_real_microscope/vitis/app/_ide/bitstream/zedboard_real_microscope_wrapper5.bit
targets -set -nocase -filter {name =~"APU*"}
loadhw -hw C:/openTCSPC3/SRC/zedboard_real_microscope/vitis/platform/export/platform/hw/zedboard_real_microscope_wrapper5.xsa -mem-ranges [list {0x40000000 0xbfffffff}] -regs
configparams force-mem-access 1
targets -set -nocase -filter {name =~"APU*"}
source C:/openTCSPC3/SRC/zedboard_real_microscope/vitis/app/_ide/psinit/ps7_init.tcl
ps7_init
ps7_post_config
targets -set -nocase -filter {name =~ "*A9*#0"}
dow C:/openTCSPC3/SRC/zedboard_real_microscope/vitis/app/Debug/app.elf
configparams force-mem-access 0
----------------End of Script----------------

17:58:56 INFO  : Context for processor 'ps7_cortexa9_0' is selected.
17:58:56 INFO  : 'con' command is executed.
17:58:56 INFO  : ----------------XSDB Script (After Launch)----------------
targets -set -nocase -filter {name =~ "*A9*#0"}
con
----------------End of Script----------------

17:58:56 INFO  : Launch script is exported to file 'C:\openTCSPC3\SRC\zedboard_real_microscope\vitis\app_system\_ide\scripts\systemdebugger_app_system_standalone.tcl'
18:01:47 INFO  : Disconnected from the channel tcfchan#18.
18:01:47 INFO  : Connected to target on host '127.0.0.1' and port '3121'.
18:01:48 INFO  : Jtag cable 'Digilent Zed 210248BD1333' is selected.
18:01:48 INFO  : 'jtag frequency' command is executed.
18:01:48 INFO  : Context for 'APU' is selected.
18:01:48 INFO  : System reset is completed.
18:01:51 INFO  : 'after 3000' command is executed.
18:01:51 INFO  : 'targets -set -filter {jtag_cable_name =~ "Digilent Zed 210248BD1333" && level==0 && jtag_device_ctx=="jsn-Zed-210248BD1333-23727093-0"}' command is executed.
18:01:53 INFO  : Device configured successfully with "C:/openTCSPC3/SRC/zedboard_real_microscope/vitis/app/_ide/bitstream/zedboard_real_microscope_wrapper5.bit"
18:01:53 INFO  : Context for 'APU' is selected.
18:02:03 INFO  : Hardware design and registers information is loaded from 'C:/openTCSPC3/SRC/zedboard_real_microscope/vitis/platform/export/platform/hw/zedboard_real_microscope_wrapper5.xsa'.
18:02:03 INFO  : 'configparams force-mem-access 1' command is executed.
18:02:03 INFO  : Context for 'APU' is selected.
18:02:03 INFO  : Sourcing of 'C:/openTCSPC3/SRC/zedboard_real_microscope/vitis/app/_ide/psinit/ps7_init.tcl' is done.
18:02:03 INFO  : 'ps7_init' command is executed.
18:02:03 INFO  : 'ps7_post_config' command is executed.
18:02:03 INFO  : Context for processor 'ps7_cortexa9_0' is selected.
18:02:10 INFO  : The application 'C:/openTCSPC3/SRC/zedboard_real_microscope/vitis/app/Debug/app.elf' is downloaded to processor 'ps7_cortexa9_0'.
18:02:10 INFO  : 'configparams force-mem-access 0' command is executed.
18:02:10 INFO  : ----------------XSDB Script----------------
connect -url tcp:127.0.0.1:3121
targets -set -nocase -filter {name =~"APU*"}
rst -system
after 3000
targets -set -filter {jtag_cable_name =~ "Digilent Zed 210248BD1333" && level==0 && jtag_device_ctx=="jsn-Zed-210248BD1333-23727093-0"}
fpga -file C:/openTCSPC3/SRC/zedboard_real_microscope/vitis/app/_ide/bitstream/zedboard_real_microscope_wrapper5.bit
targets -set -nocase -filter {name =~"APU*"}
loadhw -hw C:/openTCSPC3/SRC/zedboard_real_microscope/vitis/platform/export/platform/hw/zedboard_real_microscope_wrapper5.xsa -mem-ranges [list {0x40000000 0xbfffffff}] -regs
configparams force-mem-access 1
targets -set -nocase -filter {name =~"APU*"}
source C:/openTCSPC3/SRC/zedboard_real_microscope/vitis/app/_ide/psinit/ps7_init.tcl
ps7_init
ps7_post_config
targets -set -nocase -filter {name =~ "*A9*#0"}
dow C:/openTCSPC3/SRC/zedboard_real_microscope/vitis/app/Debug/app.elf
configparams force-mem-access 0
----------------End of Script----------------

18:02:10 INFO  : Context for processor 'ps7_cortexa9_0' is selected.
18:02:10 INFO  : 'con' command is executed.
18:02:10 INFO  : ----------------XSDB Script (After Launch)----------------
targets -set -nocase -filter {name =~ "*A9*#0"}
con
----------------End of Script----------------

18:02:10 INFO  : Launch script is exported to file 'C:\openTCSPC3\SRC\zedboard_real_microscope\vitis\app_system\_ide\scripts\systemdebugger_app_system_standalone.tcl'
22:59:30 INFO  : Hardware specification for platform project 'platform' is updated.
23:00:11 INFO  : Result from executing command 'getProjects': platform
23:00:11 INFO  : Result from executing command 'getPlatforms': platform|C:/openTCSPC3/SRC/zedboard_real_microscope/vitis/platform/export/platform/platform.xpfm;xilinx_zcu102_base_202420_1|C:/Xilinx/Vitis/2024.2/base_platforms/xilinx_zcu102_base_202420_1/xilinx_zcu102_base_202420_1.xpfm;xilinx_zcu102_base_dfx_202420_1|C:/Xilinx/Vitis/2024.2/base_platforms/xilinx_zcu102_base_dfx_202420_1/xilinx_zcu102_base_dfx_202420_1.xpfm;xilinx_zcu104_base_202420_1|C:/Xilinx/Vitis/2024.2/base_platforms/xilinx_zcu104_base_202420_1/xilinx_zcu104_base_202420_1.xpfm
23:00:20 INFO  : Checking for BSP changes to sync application flags for project 'app'...
23:00:39 INFO  : The hardware specification used by project 'app' is out of sync with the platform. Resource files extracted from the hardware specification will be updated.
23:00:39 INFO  : The file 'C:\openTCSPC3\SRC\zedboard_real_microscope\vitis\app\_ide\bitstream\zedboard_real_microscope_wrapper5.bit' stored in project is removed.
23:00:39 INFO  : The file 'C:\openTCSPC3\SRC\zedboard_real_microscope\vitis\app\_ide\bitstream\zedboard_real_microscope_wrapper5.mmi' stored in project is removed.
23:00:39 INFO  : The updated bitstream files are copied from platform to folder 'C:\openTCSPC3\SRC\zedboard_real_microscope\vitis\app\_ide\bitstream' in project 'app'.
23:00:39 INFO  : The file 'C:\openTCSPC3\SRC\zedboard_real_microscope\vitis\app\_ide\psinit\ps7_init.tcl' stored in project is removed.
23:00:45 INFO  : The updated ps init files are copied from platform to folder 'C:\openTCSPC3\SRC\zedboard_real_microscope\vitis\app\_ide\psinit' in project 'app'.
23:01:37 ERROR : (XRT Server)C:/Xilinx/Vitis/2024.2/bin/unwrapped/win64.o/xrt_server.exe: error: illegal option '-'
Usage: agent [OPTION]...
Start Target Communication Framework agent.
  -d               run in daemon mode (output is sent to system logger)
  -i               run in interactive mode
  -L<file>         enable logging, use -L- to send log to stderr
  -l<level>        set log level, the level is comma separated list of:
      alloc        memory allocation and deallocation (0x1)
      eventcore    main event queue (0x2)
      waitpid      waitpid() events (0x4)
      events       low-level debugger events (0x8)
      protocol     communication protocol (0x20)
      context      debug context actions (0x40)
      children     debug context children (0x10)
      discovery    discovery (0x80)
      asyncreq     async I/O (0x100)
      proxy        proxy state (0x200)
      tcflog       proxy traffic (0x400)
      elf          ELF reader (0x800)
      stack        stack trace service (0x2000)
      plugin       plugins (0x4000)
      shutdown     shutdown of subsystems (0x8000)
      disasm       disassembly service (0x10000)
  -s<url>          set agent listening port and protocol, default is tcp::0
  -S               print server properties in Json format to stdout
  -g<port>         start GDB Remote Serial Protocol server at the specified TCP port
  -I<idle-seconds> exit if there are no connections for the specified time

23:02:37 ERROR : Timed out. 60 seconds have elapsed while waiting for the XRT server to launch.
23:05:18 INFO  : Disconnected from the channel tcfchan#19.
23:05:19 INFO  : Connected to target on host '127.0.0.1' and port '3121'.
23:05:19 INFO  : Jtag cable 'Digilent Zed 210248BD1333' is selected.
23:05:19 INFO  : 'jtag frequency' command is executed.
23:05:19 INFO  : Context for 'APU' is selected.
23:05:19 INFO  : System reset is completed.
23:05:22 INFO  : 'after 3000' command is executed.
23:05:23 INFO  : 'targets -set -filter {jtag_cable_name =~ "Digilent Zed 210248BD1333" && level==0 && jtag_device_ctx=="jsn-Zed-210248BD1333-23727093-0"}' command is executed.
23:05:25 INFO  : Device configured successfully with "C:/openTCSPC3/SRC/zedboard_real_microscope/vitis/app/_ide/bitstream/zedboard_real_microscope_wrapper_fast_slew.bit"
23:05:25 INFO  : Context for 'APU' is selected.
23:05:25 INFO  : Hardware design and registers information is loaded from 'C:/openTCSPC3/SRC/zedboard_real_microscope/vitis/platform/export/platform/hw/zedboard_real_microscope_wrapper_fast_slew.xsa'.
23:05:25 INFO  : 'configparams force-mem-access 1' command is executed.
23:05:25 INFO  : Context for 'APU' is selected.
23:05:25 INFO  : Sourcing of 'C:/openTCSPC3/SRC/zedboard_real_microscope/vitis/app/_ide/psinit/ps7_init.tcl' is done.
23:05:26 INFO  : 'ps7_init' command is executed.
23:05:26 INFO  : 'ps7_post_config' command is executed.
23:05:26 INFO  : Context for processor 'ps7_cortexa9_0' is selected.
23:05:32 INFO  : The application 'C:/openTCSPC3/SRC/zedboard_real_microscope/vitis/app/Debug/app.elf' is downloaded to processor 'ps7_cortexa9_0'.
23:05:32 INFO  : 'configparams force-mem-access 0' command is executed.
23:05:32 INFO  : ----------------XSDB Script----------------
connect -url tcp:127.0.0.1:3121
targets -set -nocase -filter {name =~"APU*"}
rst -system
after 3000
targets -set -filter {jtag_cable_name =~ "Digilent Zed 210248BD1333" && level==0 && jtag_device_ctx=="jsn-Zed-210248BD1333-23727093-0"}
fpga -file C:/openTCSPC3/SRC/zedboard_real_microscope/vitis/app/_ide/bitstream/zedboard_real_microscope_wrapper_fast_slew.bit
targets -set -nocase -filter {name =~"APU*"}
loadhw -hw C:/openTCSPC3/SRC/zedboard_real_microscope/vitis/platform/export/platform/hw/zedboard_real_microscope_wrapper_fast_slew.xsa -mem-ranges [list {0x40000000 0xbfffffff}] -regs
configparams force-mem-access 1
targets -set -nocase -filter {name =~"APU*"}
source C:/openTCSPC3/SRC/zedboard_real_microscope/vitis/app/_ide/psinit/ps7_init.tcl
ps7_init
ps7_post_config
targets -set -nocase -filter {name =~ "*A9*#0"}
dow C:/openTCSPC3/SRC/zedboard_real_microscope/vitis/app/Debug/app.elf
configparams force-mem-access 0
----------------End of Script----------------

23:05:33 INFO  : Context for processor 'ps7_cortexa9_0' is selected.
23:05:33 INFO  : 'con' command is executed.
23:05:33 INFO  : ----------------XSDB Script (After Launch)----------------
targets -set -nocase -filter {name =~ "*A9*#0"}
con
----------------End of Script----------------

23:05:33 INFO  : Launch script is exported to file 'C:\openTCSPC3\SRC\zedboard_real_microscope\vitis\app_system\_ide\scripts\systemdebugger_app_system_standalone.tcl'
23:06:01 INFO  : Disconnected from the channel tcfchan#22.
23:06:01 INFO  : Connected to target on host '127.0.0.1' and port '3121'.
23:06:01 INFO  : Jtag cable 'Digilent Zed 210248BD1333' is selected.
23:06:01 INFO  : 'jtag frequency' command is executed.
23:06:01 INFO  : Context for 'APU' is selected.
23:06:01 INFO  : System reset is completed.
23:06:04 INFO  : 'after 3000' command is executed.
23:06:04 INFO  : 'targets -set -filter {jtag_cable_name =~ "Digilent Zed 210248BD1333" && level==0 && jtag_device_ctx=="jsn-Zed-210248BD1333-23727093-0"}' command is executed.
23:06:06 INFO  : Device configured successfully with "C:/openTCSPC3/SRC/zedboard_real_microscope/vitis/app/_ide/bitstream/zedboard_real_microscope_wrapper_fast_slew.bit"
23:06:07 INFO  : Context for 'APU' is selected.
23:06:07 INFO  : Hardware design and registers information is loaded from 'C:/openTCSPC3/SRC/zedboard_real_microscope/vitis/platform/export/platform/hw/zedboard_real_microscope_wrapper_fast_slew.xsa'.
23:06:07 INFO  : 'configparams force-mem-access 1' command is executed.
23:06:07 INFO  : Context for 'APU' is selected.
23:06:07 INFO  : Sourcing of 'C:/openTCSPC3/SRC/zedboard_real_microscope/vitis/app/_ide/psinit/ps7_init.tcl' is done.
23:06:07 INFO  : 'ps7_init' command is executed.
23:06:07 INFO  : 'ps7_post_config' command is executed.
23:06:07 INFO  : Context for processor 'ps7_cortexa9_0' is selected.
23:06:14 INFO  : The application 'C:/openTCSPC3/SRC/zedboard_real_microscope/vitis/app/Debug/app.elf' is downloaded to processor 'ps7_cortexa9_0'.
23:06:14 INFO  : 'configparams force-mem-access 0' command is executed.
23:06:14 INFO  : ----------------XSDB Script----------------
connect -url tcp:127.0.0.1:3121
targets -set -nocase -filter {name =~"APU*"}
rst -system
after 3000
targets -set -filter {jtag_cable_name =~ "Digilent Zed 210248BD1333" && level==0 && jtag_device_ctx=="jsn-Zed-210248BD1333-23727093-0"}
fpga -file C:/openTCSPC3/SRC/zedboard_real_microscope/vitis/app/_ide/bitstream/zedboard_real_microscope_wrapper_fast_slew.bit
targets -set -nocase -filter {name =~"APU*"}
loadhw -hw C:/openTCSPC3/SRC/zedboard_real_microscope/vitis/platform/export/platform/hw/zedboard_real_microscope_wrapper_fast_slew.xsa -mem-ranges [list {0x40000000 0xbfffffff}] -regs
configparams force-mem-access 1
targets -set -nocase -filter {name =~"APU*"}
source C:/openTCSPC3/SRC/zedboard_real_microscope/vitis/app/_ide/psinit/ps7_init.tcl
ps7_init
ps7_post_config
targets -set -nocase -filter {name =~ "*A9*#0"}
dow C:/openTCSPC3/SRC/zedboard_real_microscope/vitis/app/Debug/app.elf
configparams force-mem-access 0
----------------End of Script----------------

23:06:14 INFO  : Context for processor 'ps7_cortexa9_0' is selected.
23:06:14 INFO  : 'con' command is executed.
23:06:14 INFO  : ----------------XSDB Script (After Launch)----------------
targets -set -nocase -filter {name =~ "*A9*#0"}
con
----------------End of Script----------------

23:06:14 INFO  : Launch script is exported to file 'C:\openTCSPC3\SRC\zedboard_real_microscope\vitis\app_system\_ide\scripts\systemdebugger_app_system_standalone.tcl'
23:08:54 INFO  : Disconnected from the channel tcfchan#23.
23:08:54 INFO  : Connected to target on host '127.0.0.1' and port '3121'.
23:08:54 INFO  : Jtag cable 'Digilent Zed 210248BD1333' is selected.
23:08:54 INFO  : 'jtag frequency' command is executed.
23:08:54 INFO  : Context for 'APU' is selected.
23:08:54 INFO  : System reset is completed.
23:08:57 INFO  : 'after 3000' command is executed.
23:08:58 INFO  : 'targets -set -filter {jtag_cable_name =~ "Digilent Zed 210248BD1333" && level==0 && jtag_device_ctx=="jsn-Zed-210248BD1333-23727093-0"}' command is executed.
23:09:00 INFO  : Device configured successfully with "C:/openTCSPC3/SRC/zedboard_real_microscope/vitis/app/_ide/bitstream/zedboard_real_microscope_wrapper_fast_slew.bit"
23:09:00 INFO  : Context for 'APU' is selected.
23:09:00 INFO  : Hardware design and registers information is loaded from 'C:/openTCSPC3/SRC/zedboard_real_microscope/vitis/platform/export/platform/hw/zedboard_real_microscope_wrapper_fast_slew.xsa'.
23:09:00 INFO  : 'configparams force-mem-access 1' command is executed.
23:09:00 INFO  : Context for 'APU' is selected.
23:09:00 INFO  : Sourcing of 'C:/openTCSPC3/SRC/zedboard_real_microscope/vitis/app/_ide/psinit/ps7_init.tcl' is done.
23:09:00 INFO  : 'ps7_init' command is executed.
23:09:00 INFO  : 'ps7_post_config' command is executed.
23:09:00 INFO  : Context for processor 'ps7_cortexa9_0' is selected.
23:09:07 INFO  : The application 'C:/openTCSPC3/SRC/zedboard_real_microscope/vitis/app/Debug/app.elf' is downloaded to processor 'ps7_cortexa9_0'.
23:09:07 INFO  : 'configparams force-mem-access 0' command is executed.
23:09:07 INFO  : ----------------XSDB Script----------------
connect -url tcp:127.0.0.1:3121
targets -set -nocase -filter {name =~"APU*"}
rst -system
after 3000
targets -set -filter {jtag_cable_name =~ "Digilent Zed 210248BD1333" && level==0 && jtag_device_ctx=="jsn-Zed-210248BD1333-23727093-0"}
fpga -file C:/openTCSPC3/SRC/zedboard_real_microscope/vitis/app/_ide/bitstream/zedboard_real_microscope_wrapper_fast_slew.bit
targets -set -nocase -filter {name =~"APU*"}
loadhw -hw C:/openTCSPC3/SRC/zedboard_real_microscope/vitis/platform/export/platform/hw/zedboard_real_microscope_wrapper_fast_slew.xsa -mem-ranges [list {0x40000000 0xbfffffff}] -regs
configparams force-mem-access 1
targets -set -nocase -filter {name =~"APU*"}
source C:/openTCSPC3/SRC/zedboard_real_microscope/vitis/app/_ide/psinit/ps7_init.tcl
ps7_init
ps7_post_config
targets -set -nocase -filter {name =~ "*A9*#0"}
dow C:/openTCSPC3/SRC/zedboard_real_microscope/vitis/app/Debug/app.elf
configparams force-mem-access 0
----------------End of Script----------------

23:09:07 INFO  : Context for processor 'ps7_cortexa9_0' is selected.
23:09:07 INFO  : 'con' command is executed.
23:09:07 INFO  : ----------------XSDB Script (After Launch)----------------
targets -set -nocase -filter {name =~ "*A9*#0"}
con
----------------End of Script----------------

23:09:07 INFO  : Launch script is exported to file 'C:\openTCSPC3\SRC\zedboard_real_microscope\vitis\app_system\_ide\scripts\systemdebugger_app_system_standalone.tcl'
23:11:15 INFO  : Disconnected from the channel tcfchan#24.
23:11:15 INFO  : Connected to target on host '127.0.0.1' and port '3121'.
23:11:16 INFO  : Jtag cable 'Digilent Zed 210248BD1333' is selected.
23:11:16 INFO  : 'jtag frequency' command is executed.
23:11:16 INFO  : Context for 'APU' is selected.
23:11:16 INFO  : System reset is completed.
23:11:19 INFO  : 'after 3000' command is executed.
23:11:19 INFO  : 'targets -set -filter {jtag_cable_name =~ "Digilent Zed 210248BD1333" && level==0 && jtag_device_ctx=="jsn-Zed-210248BD1333-23727093-0"}' command is executed.
23:11:21 INFO  : Device configured successfully with "C:/openTCSPC3/SRC/zedboard_real_microscope/vitis/app/_ide/bitstream/zedboard_real_microscope_wrapper_fast_slew.bit"
23:11:21 INFO  : Context for 'APU' is selected.
23:11:21 INFO  : Hardware design and registers information is loaded from 'C:/openTCSPC3/SRC/zedboard_real_microscope/vitis/platform/export/platform/hw/zedboard_real_microscope_wrapper_fast_slew.xsa'.
23:11:21 INFO  : 'configparams force-mem-access 1' command is executed.
23:11:21 INFO  : Context for 'APU' is selected.
23:11:21 INFO  : Sourcing of 'C:/openTCSPC3/SRC/zedboard_real_microscope/vitis/app/_ide/psinit/ps7_init.tcl' is done.
23:11:22 INFO  : 'ps7_init' command is executed.
23:11:22 INFO  : 'ps7_post_config' command is executed.
23:11:22 INFO  : Context for processor 'ps7_cortexa9_0' is selected.
23:11:29 INFO  : The application 'C:/openTCSPC3/SRC/zedboard_real_microscope/vitis/app/Debug/app.elf' is downloaded to processor 'ps7_cortexa9_0'.
23:11:29 INFO  : 'configparams force-mem-access 0' command is executed.
23:11:29 INFO  : ----------------XSDB Script----------------
connect -url tcp:127.0.0.1:3121
targets -set -nocase -filter {name =~"APU*"}
rst -system
after 3000
targets -set -filter {jtag_cable_name =~ "Digilent Zed 210248BD1333" && level==0 && jtag_device_ctx=="jsn-Zed-210248BD1333-23727093-0"}
fpga -file C:/openTCSPC3/SRC/zedboard_real_microscope/vitis/app/_ide/bitstream/zedboard_real_microscope_wrapper_fast_slew.bit
targets -set -nocase -filter {name =~"APU*"}
loadhw -hw C:/openTCSPC3/SRC/zedboard_real_microscope/vitis/platform/export/platform/hw/zedboard_real_microscope_wrapper_fast_slew.xsa -mem-ranges [list {0x40000000 0xbfffffff}] -regs
configparams force-mem-access 1
targets -set -nocase -filter {name =~"APU*"}
source C:/openTCSPC3/SRC/zedboard_real_microscope/vitis/app/_ide/psinit/ps7_init.tcl
ps7_init
ps7_post_config
targets -set -nocase -filter {name =~ "*A9*#0"}
dow C:/openTCSPC3/SRC/zedboard_real_microscope/vitis/app/Debug/app.elf
configparams force-mem-access 0
----------------End of Script----------------

23:11:29 INFO  : Context for processor 'ps7_cortexa9_0' is selected.
23:11:29 INFO  : 'con' command is executed.
23:11:29 INFO  : ----------------XSDB Script (After Launch)----------------
targets -set -nocase -filter {name =~ "*A9*#0"}
con
----------------End of Script----------------

23:11:29 INFO  : Launch script is exported to file 'C:\openTCSPC3\SRC\zedboard_real_microscope\vitis\app_system\_ide\scripts\systemdebugger_app_system_standalone.tcl'
23:12:32 INFO  : Disconnected from the channel tcfchan#25.
23:12:33 INFO  : Connected to target on host '127.0.0.1' and port '3121'.
23:12:33 INFO  : Jtag cable 'Digilent Zed 210248BD1333' is selected.
23:12:33 INFO  : 'jtag frequency' command is executed.
23:12:33 INFO  : Context for 'APU' is selected.
23:12:33 INFO  : System reset is completed.
23:12:36 INFO  : 'after 3000' command is executed.
23:12:36 INFO  : 'targets -set -filter {jtag_cable_name =~ "Digilent Zed 210248BD1333" && level==0 && jtag_device_ctx=="jsn-Zed-210248BD1333-23727093-0"}' command is executed.
23:12:38 INFO  : Device configured successfully with "C:/openTCSPC3/SRC/zedboard_real_microscope/vitis/app/_ide/bitstream/zedboard_real_microscope_wrapper_fast_slew.bit"
23:12:38 INFO  : Context for 'APU' is selected.
23:12:38 INFO  : Hardware design and registers information is loaded from 'C:/openTCSPC3/SRC/zedboard_real_microscope/vitis/platform/export/platform/hw/zedboard_real_microscope_wrapper_fast_slew.xsa'.
23:12:38 INFO  : 'configparams force-mem-access 1' command is executed.
23:12:38 INFO  : Context for 'APU' is selected.
23:12:38 INFO  : Sourcing of 'C:/openTCSPC3/SRC/zedboard_real_microscope/vitis/app/_ide/psinit/ps7_init.tcl' is done.
23:12:39 INFO  : 'ps7_init' command is executed.
23:12:39 INFO  : 'ps7_post_config' command is executed.
23:12:39 INFO  : Context for processor 'ps7_cortexa9_0' is selected.
23:12:45 INFO  : The application 'C:/openTCSPC3/SRC/zedboard_real_microscope/vitis/app/Debug/app.elf' is downloaded to processor 'ps7_cortexa9_0'.
23:12:45 INFO  : 'configparams force-mem-access 0' command is executed.
23:12:45 INFO  : ----------------XSDB Script----------------
connect -url tcp:127.0.0.1:3121
targets -set -nocase -filter {name =~"APU*"}
rst -system
after 3000
targets -set -filter {jtag_cable_name =~ "Digilent Zed 210248BD1333" && level==0 && jtag_device_ctx=="jsn-Zed-210248BD1333-23727093-0"}
fpga -file C:/openTCSPC3/SRC/zedboard_real_microscope/vitis/app/_ide/bitstream/zedboard_real_microscope_wrapper_fast_slew.bit
targets -set -nocase -filter {name =~"APU*"}
loadhw -hw C:/openTCSPC3/SRC/zedboard_real_microscope/vitis/platform/export/platform/hw/zedboard_real_microscope_wrapper_fast_slew.xsa -mem-ranges [list {0x40000000 0xbfffffff}] -regs
configparams force-mem-access 1
targets -set -nocase -filter {name =~"APU*"}
source C:/openTCSPC3/SRC/zedboard_real_microscope/vitis/app/_ide/psinit/ps7_init.tcl
ps7_init
ps7_post_config
targets -set -nocase -filter {name =~ "*A9*#0"}
dow C:/openTCSPC3/SRC/zedboard_real_microscope/vitis/app/Debug/app.elf
configparams force-mem-access 0
----------------End of Script----------------

23:12:46 INFO  : Context for processor 'ps7_cortexa9_0' is selected.
23:12:46 INFO  : 'con' command is executed.
23:12:46 INFO  : ----------------XSDB Script (After Launch)----------------
targets -set -nocase -filter {name =~ "*A9*#0"}
con
----------------End of Script----------------

23:12:46 INFO  : Launch script is exported to file 'C:\openTCSPC3\SRC\zedboard_real_microscope\vitis\app_system\_ide\scripts\systemdebugger_app_system_standalone.tcl'
23:15:50 INFO  : Disconnected from the channel tcfchan#26.
23:15:50 INFO  : Connected to target on host '127.0.0.1' and port '3121'.
23:15:50 INFO  : Jtag cable 'Digilent Zed 210248BD1333' is selected.
23:15:50 INFO  : 'jtag frequency' command is executed.
23:15:50 INFO  : Context for 'APU' is selected.
23:15:50 INFO  : System reset is completed.
23:15:53 INFO  : 'after 3000' command is executed.
23:15:53 INFO  : 'targets -set -filter {jtag_cable_name =~ "Digilent Zed 210248BD1333" && level==0 && jtag_device_ctx=="jsn-Zed-210248BD1333-23727093-0"}' command is executed.
23:15:56 INFO  : Device configured successfully with "C:/openTCSPC3/SRC/zedboard_real_microscope/vitis/app/_ide/bitstream/zedboard_real_microscope_wrapper_fast_slew.bit"
23:15:56 INFO  : Context for 'APU' is selected.
23:15:56 INFO  : Hardware design and registers information is loaded from 'C:/openTCSPC3/SRC/zedboard_real_microscope/vitis/platform/export/platform/hw/zedboard_real_microscope_wrapper_fast_slew.xsa'.
23:15:56 INFO  : 'configparams force-mem-access 1' command is executed.
23:15:56 INFO  : Context for 'APU' is selected.
23:15:56 INFO  : Sourcing of 'C:/openTCSPC3/SRC/zedboard_real_microscope/vitis/app/_ide/psinit/ps7_init.tcl' is done.
23:15:56 INFO  : 'ps7_init' command is executed.
23:15:56 INFO  : 'ps7_post_config' command is executed.
23:15:56 INFO  : Context for processor 'ps7_cortexa9_0' is selected.
23:16:03 INFO  : The application 'C:/openTCSPC3/SRC/zedboard_real_microscope/vitis/app/Debug/app.elf' is downloaded to processor 'ps7_cortexa9_0'.
23:16:03 INFO  : 'configparams force-mem-access 0' command is executed.
23:16:03 INFO  : ----------------XSDB Script----------------
connect -url tcp:127.0.0.1:3121
targets -set -nocase -filter {name =~"APU*"}
rst -system
after 3000
targets -set -filter {jtag_cable_name =~ "Digilent Zed 210248BD1333" && level==0 && jtag_device_ctx=="jsn-Zed-210248BD1333-23727093-0"}
fpga -file C:/openTCSPC3/SRC/zedboard_real_microscope/vitis/app/_ide/bitstream/zedboard_real_microscope_wrapper_fast_slew.bit
targets -set -nocase -filter {name =~"APU*"}
loadhw -hw C:/openTCSPC3/SRC/zedboard_real_microscope/vitis/platform/export/platform/hw/zedboard_real_microscope_wrapper_fast_slew.xsa -mem-ranges [list {0x40000000 0xbfffffff}] -regs
configparams force-mem-access 1
targets -set -nocase -filter {name =~"APU*"}
source C:/openTCSPC3/SRC/zedboard_real_microscope/vitis/app/_ide/psinit/ps7_init.tcl
ps7_init
ps7_post_config
targets -set -nocase -filter {name =~ "*A9*#0"}
dow C:/openTCSPC3/SRC/zedboard_real_microscope/vitis/app/Debug/app.elf
configparams force-mem-access 0
----------------End of Script----------------

23:16:03 INFO  : Context for processor 'ps7_cortexa9_0' is selected.
23:16:03 INFO  : 'con' command is executed.
23:16:03 INFO  : ----------------XSDB Script (After Launch)----------------
targets -set -nocase -filter {name =~ "*A9*#0"}
con
----------------End of Script----------------

23:16:03 INFO  : Launch script is exported to file 'C:\openTCSPC3\SRC\zedboard_real_microscope\vitis\app_system\_ide\scripts\systemdebugger_app_system_standalone.tcl'
10:11:14 INFO  : Disconnected from the channel tcfchan#27.
12:01:50 DEBUG : Logs will be stored at 'C:/openTCSPC3/SRC/zedboard_real_microscope/vitis/IDE.log'.
12:01:51 INFO  : Launching XSCT server: xsct.bat -n  -interactive C:\openTCSPC3\SRC\zedboard_real_microscope\vitis\temp_xsdb_launch_script.tcl
12:01:56 INFO  : Platform repository initialization has completed.
12:01:56 INFO  : XSCT server has started successfully.
12:01:56 INFO  : plnx-install-location is set to ''
12:01:56 INFO  : Registering command handlers for Vitis TCF services
12:02:00 INFO  : Successfully done setting XSCT server connection channel  
12:02:00 INFO  : Successfully done query RDI_DATADIR 
12:02:00 INFO  : Successfully done setting workspace for the tool. 
12:03:05 INFO  : Hardware specification for platform project 'platform' is updated.
12:03:41 INFO  : Result from executing command 'getProjects': platform
12:03:41 INFO  : Result from executing command 'getPlatforms': platform|C:/openTCSPC3/SRC/zedboard_real_microscope/vitis/platform/export/platform/platform.xpfm;xilinx_zcu102_base_202420_1|C:/Xilinx/Vitis/2024.2/base_platforms/xilinx_zcu102_base_202420_1/xilinx_zcu102_base_202420_1.xpfm;xilinx_zcu102_base_dfx_202420_1|C:/Xilinx/Vitis/2024.2/base_platforms/xilinx_zcu102_base_dfx_202420_1/xilinx_zcu102_base_dfx_202420_1.xpfm;xilinx_zcu104_base_202420_1|C:/Xilinx/Vitis/2024.2/base_platforms/xilinx_zcu104_base_202420_1/xilinx_zcu104_base_202420_1.xpfm
12:04:27 INFO  : Checking for BSP changes to sync application flags for project 'app'...
12:04:45 INFO  : The hardware specification used by project 'app' is out of sync with the platform. Resource files extracted from the hardware specification will be updated.
12:04:45 INFO  : The file 'C:\openTCSPC3\SRC\zedboard_real_microscope\vitis\app\_ide\bitstream\zedboard_real_microscope_wrapper_fast_slew.bit' stored in project is removed.
12:04:45 INFO  : The file 'C:\openTCSPC3\SRC\zedboard_real_microscope\vitis\app\_ide\bitstream\zedboard_real_microscope_wrapper_fast_slew.mmi' stored in project is removed.
12:04:45 INFO  : The updated bitstream files are copied from platform to folder 'C:\openTCSPC3\SRC\zedboard_real_microscope\vitis\app\_ide\bitstream' in project 'app'.
12:04:45 INFO  : The file 'C:\openTCSPC3\SRC\zedboard_real_microscope\vitis\app\_ide\psinit\ps7_init.tcl' stored in project is removed.
12:04:51 INFO  : The updated ps init files are copied from platform to folder 'C:\openTCSPC3\SRC\zedboard_real_microscope\vitis\app\_ide\psinit' in project 'app'.
12:05:24 ERROR : (XRT Server)C:/Xilinx/Vitis/2024.2/bin/unwrapped/win64.o/xrt_server.exe: error: illegal option '-'
Usage: agent [OPTION]...
Start Target Communication Framework agent.
  -d               run in daemon mode (output is sent to system logger)
  -i               run in interactive mode
  -L<file>         enable logging, use -L- to send log to stderr
  -l<level>        set log level, the level is comma separated list of:
      alloc        memory allocation and deallocation (0x1)
      eventcore    main event queue (0x2)
      waitpid      waitpid() events (0x4)
      events       low-level debugger events (0x8)
      protocol     communication protocol (0x20)
      context      debug context actions (0x40)
      children     debug context children (0x10)
      discovery    discovery (0x80)
      asyncreq     async I/O (0x100)
      proxy        proxy state (0x200)
      tcflog       proxy traffic (0x400)
      elf          ELF reader (0x800)
      stack        stack trace service (0x2000)
      plugin       plugins (0x4000)
      shutdown     shutdown of subsystems (0x8000)
      disasm       disassembly service (0x10000)
  -s<url>          set agent listening port and protocol, default is tcp::0
  -S               print server properties in Json format to stdout
  -g<port>         start GDB Remote Serial Protocol server at the specified TCP port
  -I<idle-seconds> exit if there are no connections for the specified time

12:06:24 ERROR : Timed out. 60 seconds have elapsed while waiting for the XRT server to launch.
12:06:26 INFO  : Connected to target on host '127.0.0.1' and port '3121'.
12:06:28 INFO  : Jtag cable 'Digilent Zed 210248BD1333' is selected.
12:06:28 INFO  : 'jtag frequency' command is executed.
12:06:28 INFO  : Context for 'APU' is selected.
12:06:28 INFO  : System reset is completed.
12:06:31 INFO  : 'after 3000' command is executed.
12:06:31 INFO  : 'targets -set -filter {jtag_cable_name =~ "Digilent Zed 210248BD1333" && level==0 && jtag_device_ctx=="jsn-Zed-210248BD1333-23727093-0"}' command is executed.
12:06:33 INFO  : Device configured successfully with "C:/openTCSPC3/SRC/zedboard_real_microscope/vitis/app/_ide/bitstream/zedboard_real_microscope_wrapper_8_fast.bit"
12:06:33 INFO  : Context for 'APU' is selected.
12:06:33 INFO  : Hardware design and registers information is loaded from 'C:/openTCSPC3/SRC/zedboard_real_microscope/vitis/platform/export/platform/hw/zedboard_real_microscope_wrapper_8_fast.xsa'.
12:06:33 INFO  : 'configparams force-mem-access 1' command is executed.
12:06:33 INFO  : Context for 'APU' is selected.
12:06:33 INFO  : Sourcing of 'C:/openTCSPC3/SRC/zedboard_real_microscope/vitis/app/_ide/psinit/ps7_init.tcl' is done.
12:06:34 INFO  : 'ps7_init' command is executed.
12:06:34 INFO  : 'ps7_post_config' command is executed.
12:06:34 INFO  : Context for processor 'ps7_cortexa9_0' is selected.
12:06:40 INFO  : The application 'C:/openTCSPC3/SRC/zedboard_real_microscope/vitis/app/Debug/app.elf' is downloaded to processor 'ps7_cortexa9_0'.
12:06:40 INFO  : 'configparams force-mem-access 0' command is executed.
12:06:40 INFO  : ----------------XSDB Script----------------
connect -url tcp:127.0.0.1:3121
targets -set -nocase -filter {name =~"APU*"}
rst -system
after 3000
targets -set -filter {jtag_cable_name =~ "Digilent Zed 210248BD1333" && level==0 && jtag_device_ctx=="jsn-Zed-210248BD1333-23727093-0"}
fpga -file C:/openTCSPC3/SRC/zedboard_real_microscope/vitis/app/_ide/bitstream/zedboard_real_microscope_wrapper_8_fast.bit
targets -set -nocase -filter {name =~"APU*"}
loadhw -hw C:/openTCSPC3/SRC/zedboard_real_microscope/vitis/platform/export/platform/hw/zedboard_real_microscope_wrapper_8_fast.xsa -mem-ranges [list {0x40000000 0xbfffffff}] -regs
configparams force-mem-access 1
targets -set -nocase -filter {name =~"APU*"}
source C:/openTCSPC3/SRC/zedboard_real_microscope/vitis/app/_ide/psinit/ps7_init.tcl
ps7_init
ps7_post_config
targets -set -nocase -filter {name =~ "*A9*#0"}
dow C:/openTCSPC3/SRC/zedboard_real_microscope/vitis/app/Debug/app.elf
configparams force-mem-access 0
----------------End of Script----------------

12:06:40 INFO  : Context for processor 'ps7_cortexa9_0' is selected.
12:06:40 INFO  : 'con' command is executed.
12:06:40 INFO  : ----------------XSDB Script (After Launch)----------------
targets -set -nocase -filter {name =~ "*A9*#0"}
con
----------------End of Script----------------

12:06:40 INFO  : Launch script is exported to file 'C:\openTCSPC3\SRC\zedboard_real_microscope\vitis\app_system\_ide\scripts\systemdebugger_app_system_standalone.tcl'
12:08:11 INFO  : Disconnected from the channel tcfchan#3.
12:08:12 INFO  : Connected to target on host '127.0.0.1' and port '3121'.
12:08:12 INFO  : Jtag cable 'Digilent Zed 210248BD1333' is selected.
12:08:12 INFO  : 'jtag frequency' command is executed.
12:08:12 INFO  : Context for 'APU' is selected.
12:08:12 INFO  : System reset is completed.
12:08:15 INFO  : 'after 3000' command is executed.
12:08:15 INFO  : 'targets -set -filter {jtag_cable_name =~ "Digilent Zed 210248BD1333" && level==0 && jtag_device_ctx=="jsn-Zed-210248BD1333-23727093-0"}' command is executed.
12:08:17 INFO  : Device configured successfully with "C:/openTCSPC3/SRC/zedboard_real_microscope/vitis/app/_ide/bitstream/zedboard_real_microscope_wrapper_8_fast.bit"
12:08:17 INFO  : Context for 'APU' is selected.
12:08:18 INFO  : Hardware design and registers information is loaded from 'C:/openTCSPC3/SRC/zedboard_real_microscope/vitis/platform/export/platform/hw/zedboard_real_microscope_wrapper_8_fast.xsa'.
12:08:18 INFO  : 'configparams force-mem-access 1' command is executed.
12:08:18 INFO  : Context for 'APU' is selected.
12:08:18 INFO  : Sourcing of 'C:/openTCSPC3/SRC/zedboard_real_microscope/vitis/app/_ide/psinit/ps7_init.tcl' is done.
12:08:18 INFO  : 'ps7_init' command is executed.
12:08:18 INFO  : 'ps7_post_config' command is executed.
12:08:18 INFO  : Context for processor 'ps7_cortexa9_0' is selected.
12:08:24 INFO  : The application 'C:/openTCSPC3/SRC/zedboard_real_microscope/vitis/app/Debug/app.elf' is downloaded to processor 'ps7_cortexa9_0'.
12:08:24 INFO  : 'configparams force-mem-access 0' command is executed.
12:08:24 INFO  : ----------------XSDB Script----------------
connect -url tcp:127.0.0.1:3121
targets -set -nocase -filter {name =~"APU*"}
rst -system
after 3000
targets -set -filter {jtag_cable_name =~ "Digilent Zed 210248BD1333" && level==0 && jtag_device_ctx=="jsn-Zed-210248BD1333-23727093-0"}
fpga -file C:/openTCSPC3/SRC/zedboard_real_microscope/vitis/app/_ide/bitstream/zedboard_real_microscope_wrapper_8_fast.bit
targets -set -nocase -filter {name =~"APU*"}
loadhw -hw C:/openTCSPC3/SRC/zedboard_real_microscope/vitis/platform/export/platform/hw/zedboard_real_microscope_wrapper_8_fast.xsa -mem-ranges [list {0x40000000 0xbfffffff}] -regs
configparams force-mem-access 1
targets -set -nocase -filter {name =~"APU*"}
source C:/openTCSPC3/SRC/zedboard_real_microscope/vitis/app/_ide/psinit/ps7_init.tcl
ps7_init
ps7_post_config
targets -set -nocase -filter {name =~ "*A9*#0"}
dow C:/openTCSPC3/SRC/zedboard_real_microscope/vitis/app/Debug/app.elf
configparams force-mem-access 0
----------------End of Script----------------

12:08:25 INFO  : Context for processor 'ps7_cortexa9_0' is selected.
12:08:25 INFO  : 'con' command is executed.
12:08:25 INFO  : ----------------XSDB Script (After Launch)----------------
targets -set -nocase -filter {name =~ "*A9*#0"}
con
----------------End of Script----------------

12:08:25 INFO  : Launch script is exported to file 'C:\openTCSPC3\SRC\zedboard_real_microscope\vitis\app_system\_ide\scripts\systemdebugger_app_system_standalone.tcl'
12:33:41 INFO  : Hardware specification for platform project 'platform' is updated.
12:33:58 INFO  : Result from executing command 'getProjects': platform
12:33:58 INFO  : Result from executing command 'getPlatforms': platform|C:/openTCSPC3/SRC/zedboard_real_microscope/vitis/platform/export/platform/platform.xpfm;xilinx_zcu102_base_202420_1|C:/Xilinx/Vitis/2024.2/base_platforms/xilinx_zcu102_base_202420_1/xilinx_zcu102_base_202420_1.xpfm;xilinx_zcu102_base_dfx_202420_1|C:/Xilinx/Vitis/2024.2/base_platforms/xilinx_zcu102_base_dfx_202420_1/xilinx_zcu102_base_dfx_202420_1.xpfm;xilinx_zcu104_base_202420_1|C:/Xilinx/Vitis/2024.2/base_platforms/xilinx_zcu104_base_202420_1/xilinx_zcu104_base_202420_1.xpfm
12:34:14 INFO  : Checking for BSP changes to sync application flags for project 'app'...
12:34:30 INFO  : The hardware specification used by project 'app' is out of sync with the platform. Resource files extracted from the hardware specification will be updated.
12:34:30 INFO  : The file 'C:\openTCSPC3\SRC\zedboard_real_microscope\vitis\app\_ide\bitstream\zedboard_real_microscope_wrapper_8_fast.bit' stored in project is removed.
12:34:30 INFO  : The file 'C:\openTCSPC3\SRC\zedboard_real_microscope\vitis\app\_ide\bitstream\zedboard_real_microscope_wrapper_8_fast.mmi' stored in project is removed.
12:34:30 INFO  : The updated bitstream files are copied from platform to folder 'C:\openTCSPC3\SRC\zedboard_real_microscope\vitis\app\_ide\bitstream' in project 'app'.
12:34:30 INFO  : The file 'C:\openTCSPC3\SRC\zedboard_real_microscope\vitis\app\_ide\psinit\ps7_init.tcl' stored in project is removed.
12:34:37 INFO  : The updated ps init files are copied from platform to folder 'C:\openTCSPC3\SRC\zedboard_real_microscope\vitis\app\_ide\psinit' in project 'app'.
12:38:05 ERROR : (XRT Server)C:/Xilinx/Vitis/2024.2/bin/unwrapped/win64.o/xrt_server.exe: error: illegal option '-'
Usage: agent [OPTION]...
Start Target Communication Framework agent.
  -d               run in daemon mode (output is sent to system logger)
  -i               run in interactive mode
  -L<file>         enable logging, use -L- to send log to stderr
  -l<level>        set log level, the level is comma separated list of:
      alloc        memory allocation and deallocation (0x1)
      eventcore    main event queue (0x2)
      waitpid      waitpid() events (0x4)
      events       low-level debugger events (0x8)
      protocol     communication protocol (0x20)
      context      debug context actions (0x40)
      children     debug context children (0x10)
      discovery    discovery (0x80)
      asyncreq     async I/O (0x100)
      proxy        proxy state (0x200)
      tcflog       proxy traffic (0x400)
      elf          ELF reader (0x800)
      stack        stack trace service (0x2000)
      plugin       plugins (0x4000)
      shutdown     shutdown of subsystems (0x8000)
      disasm       disassembly service (0x10000)
  -s<url>          set agent listening port and protocol, default is tcp::0
  -S               print server properties in Json format to stdout
  -g<port>         start GDB Remote Serial Protocol server at the specified TCP port
  -I<idle-seconds> exit if there are no connections for the specified time

12:39:05 ERROR : Timed out. 60 seconds have elapsed while waiting for the XRT server to launch.
12:39:50 INFO  : Disconnected from the channel tcfchan#4.
12:39:52 INFO  : Connected to target on host '127.0.0.1' and port '3121'.
12:40:10 INFO  : ----------------XSDB Script----------------
connect -url tcp:127.0.0.1:3121
----------------End of Script----------------

12:40:10 ERROR : Could not find ARM device on the board for connection 'Local'.
Check if the target is in:
1. Split JTAG - No operations are possible with ARM DAP.
2. Non JTAG bootmode - Bootrom may need time to enable DAP.
Please try again.


Troubleshooting hints:
1. Check whether board is connected to system properly.
2. In case of zynq board, check whether Digilent/Xilinx cable switch settings are correct.
3. If you are using Xilinx Platform Cable USB, ensure that status LED is green.
12:41:14 INFO  : Connected to target on host '127.0.0.1' and port '3121'.
12:41:14 INFO  : Jtag cable 'Digilent Zed 210248BD1333' is selected.
12:41:14 INFO  : 'jtag frequency' command is executed.
12:41:14 INFO  : Context for 'APU' is selected.
12:41:14 INFO  : System reset is completed.
12:41:17 INFO  : 'after 3000' command is executed.
12:41:17 INFO  : 'targets -set -filter {jtag_cable_name =~ "Digilent Zed 210248BD1333" && level==0 && jtag_device_ctx=="jsn-Zed-210248BD1333-23727093-0"}' command is executed.
12:41:19 INFO  : Device configured successfully with "C:/openTCSPC3/SRC/zedboard_real_microscope/vitis/app/_ide/bitstream/zedboard_real_microscope_wrapper_8_slow.bit"
12:41:19 INFO  : Context for 'APU' is selected.
12:41:20 INFO  : Hardware design and registers information is loaded from 'C:/openTCSPC3/SRC/zedboard_real_microscope/vitis/platform/export/platform/hw/zedboard_real_microscope_wrapper_8_slow.xsa'.
12:41:20 INFO  : 'configparams force-mem-access 1' command is executed.
12:41:20 INFO  : Context for 'APU' is selected.
12:41:20 INFO  : Sourcing of 'C:/openTCSPC3/SRC/zedboard_real_microscope/vitis/app/_ide/psinit/ps7_init.tcl' is done.
12:41:20 INFO  : 'ps7_init' command is executed.
12:41:20 INFO  : 'ps7_post_config' command is executed.
12:41:20 INFO  : Context for processor 'ps7_cortexa9_0' is selected.
12:41:27 INFO  : The application 'C:/openTCSPC3/SRC/zedboard_real_microscope/vitis/app/Debug/app.elf' is downloaded to processor 'ps7_cortexa9_0'.
12:41:27 INFO  : 'configparams force-mem-access 0' command is executed.
12:41:27 INFO  : ----------------XSDB Script----------------
connect -url tcp:127.0.0.1:3121
targets -set -nocase -filter {name =~"APU*"}
rst -system
after 3000
targets -set -filter {jtag_cable_name =~ "Digilent Zed 210248BD1333" && level==0 && jtag_device_ctx=="jsn-Zed-210248BD1333-23727093-0"}
fpga -file C:/openTCSPC3/SRC/zedboard_real_microscope/vitis/app/_ide/bitstream/zedboard_real_microscope_wrapper_8_slow.bit
targets -set -nocase -filter {name =~"APU*"}
loadhw -hw C:/openTCSPC3/SRC/zedboard_real_microscope/vitis/platform/export/platform/hw/zedboard_real_microscope_wrapper_8_slow.xsa -mem-ranges [list {0x40000000 0xbfffffff}] -regs
configparams force-mem-access 1
targets -set -nocase -filter {name =~"APU*"}
source C:/openTCSPC3/SRC/zedboard_real_microscope/vitis/app/_ide/psinit/ps7_init.tcl
ps7_init
ps7_post_config
targets -set -nocase -filter {name =~ "*A9*#0"}
dow C:/openTCSPC3/SRC/zedboard_real_microscope/vitis/app/Debug/app.elf
configparams force-mem-access 0
----------------End of Script----------------

12:41:27 INFO  : Context for processor 'ps7_cortexa9_0' is selected.
12:41:27 INFO  : 'con' command is executed.
12:41:27 INFO  : ----------------XSDB Script (After Launch)----------------
targets -set -nocase -filter {name =~ "*A9*#0"}
con
----------------End of Script----------------

12:41:27 INFO  : Launch script is exported to file 'C:\openTCSPC3\SRC\zedboard_real_microscope\vitis\app_system\_ide\scripts\systemdebugger_app_system_standalone.tcl'
12:41:44 INFO  : Disconnected from the channel tcfchan#7.
12:41:44 INFO  : Connected to target on host '127.0.0.1' and port '3121'.
12:41:45 INFO  : Jtag cable 'Digilent Zed 210248BD1333' is selected.
12:41:45 INFO  : 'jtag frequency' command is executed.
12:41:45 INFO  : Context for 'APU' is selected.
12:41:45 INFO  : System reset is completed.
12:41:48 INFO  : 'after 3000' command is executed.
12:41:48 INFO  : 'targets -set -filter {jtag_cable_name =~ "Digilent Zed 210248BD1333" && level==0 && jtag_device_ctx=="jsn-Zed-210248BD1333-23727093-0"}' command is executed.
12:41:50 INFO  : Device configured successfully with "C:/openTCSPC3/SRC/zedboard_real_microscope/vitis/app/_ide/bitstream/zedboard_real_microscope_wrapper_8_slow.bit"
12:41:50 INFO  : Context for 'APU' is selected.
12:41:50 INFO  : Hardware design and registers information is loaded from 'C:/openTCSPC3/SRC/zedboard_real_microscope/vitis/platform/export/platform/hw/zedboard_real_microscope_wrapper_8_slow.xsa'.
12:41:50 INFO  : 'configparams force-mem-access 1' command is executed.
12:41:50 INFO  : Context for 'APU' is selected.
12:41:50 INFO  : Sourcing of 'C:/openTCSPC3/SRC/zedboard_real_microscope/vitis/app/_ide/psinit/ps7_init.tcl' is done.
12:41:51 INFO  : 'ps7_init' command is executed.
12:41:51 INFO  : 'ps7_post_config' command is executed.
12:41:51 INFO  : Context for processor 'ps7_cortexa9_0' is selected.
12:41:57 INFO  : The application 'C:/openTCSPC3/SRC/zedboard_real_microscope/vitis/app/Debug/app.elf' is downloaded to processor 'ps7_cortexa9_0'.
12:41:57 INFO  : 'configparams force-mem-access 0' command is executed.
12:41:57 INFO  : ----------------XSDB Script----------------
connect -url tcp:127.0.0.1:3121
targets -set -nocase -filter {name =~"APU*"}
rst -system
after 3000
targets -set -filter {jtag_cable_name =~ "Digilent Zed 210248BD1333" && level==0 && jtag_device_ctx=="jsn-Zed-210248BD1333-23727093-0"}
fpga -file C:/openTCSPC3/SRC/zedboard_real_microscope/vitis/app/_ide/bitstream/zedboard_real_microscope_wrapper_8_slow.bit
targets -set -nocase -filter {name =~"APU*"}
loadhw -hw C:/openTCSPC3/SRC/zedboard_real_microscope/vitis/platform/export/platform/hw/zedboard_real_microscope_wrapper_8_slow.xsa -mem-ranges [list {0x40000000 0xbfffffff}] -regs
configparams force-mem-access 1
targets -set -nocase -filter {name =~"APU*"}
source C:/openTCSPC3/SRC/zedboard_real_microscope/vitis/app/_ide/psinit/ps7_init.tcl
ps7_init
ps7_post_config
targets -set -nocase -filter {name =~ "*A9*#0"}
dow C:/openTCSPC3/SRC/zedboard_real_microscope/vitis/app/Debug/app.elf
configparams force-mem-access 0
----------------End of Script----------------

12:41:57 INFO  : Context for processor 'ps7_cortexa9_0' is selected.
12:41:57 INFO  : 'con' command is executed.
12:41:57 INFO  : ----------------XSDB Script (After Launch)----------------
targets -set -nocase -filter {name =~ "*A9*#0"}
con
----------------End of Script----------------

12:41:57 INFO  : Launch script is exported to file 'C:\openTCSPC3\SRC\zedboard_real_microscope\vitis\app_system\_ide\scripts\systemdebugger_app_system_standalone.tcl'
