TRACE::2026-06-16.16:54:15::SCWPlatform::Trying to open the hw design at C:/openTCSPC3/SRC/zedboard_real_microscope/vitis/platform/hw/zedboard_real_microscope_wrapper.xsa
TRACE::2026-06-16.16:54:15::SCWPlatform::DSA given C:/openTCSPC3/SRC/zedboard_real_microscope/vitis/platform/hw/zedboard_real_microscope_wrapper.xsa
TRACE::2026-06-16.16:54:15::SCWPlatform::DSA absoulate path C:/openTCSPC3/SRC/zedboard_real_microscope/vitis/platform/hw/zedboard_real_microscope_wrapper.xsa
TRACE::2026-06-16.16:54:15::SCWPlatform::DSA directory C:/openTCSPC3/SRC/zedboard_real_microscope/vitis/platform/hw
TRACE::2026-06-16.16:54:15::SCWPlatform:: Platform Path C:/openTCSPC3/SRC/zedboard_real_microscope/vitis/platform/hw/zedboard_real_microscope_wrapper.xsa
TRACE::2026-06-16.16:54:15::SCWPlatform:: Unique name xilinx:zedboard::0.0
TRACE::2026-06-16.16:54:15::SCWPlatform::Do not have an existing db opened. 
TRACE::2026-06-16.16:54:31::SCWPlatform::Opened new HwDB with name zedboard_real_microscope_wrapper_0
TRACE::2026-06-16.16:54:31::SCWWriter::formatted JSON is {
	"platformName":	"platform",
	"sprVersion":	"2.0",
	"mode":	"gui",
	"dsaType":	"Fixed",
	"platformDesc":	"platform",
	"platHandOff":	"C:/openTCSPC3/SRC/zedboard_real_microscope/vitis/zedboard_real_microscope_wrapper.xsa",
	"platIntHandOff":	"<platformDir>/hw/zedboard_real_microscope_wrapper.xsa",
	"deviceType":	"zynq",
	"platIsPrebuiltAutogen":	"false",
	"platIsNoBootBsp":	"false",
	"hasFsblMakeHasChanges":	"false",
	"hasPmufwMakeHasChanges":	"false",
	"platPreBuiltFlag":	false,
	"platformSamplesDir":	""
}
TRACE::2026-06-16.16:54:31::SCWWriter::formatted JSON is {
	"platformName":	"platform",
	"sprVersion":	"2.0",
	"mode":	"gui",
	"dsaType":	"Fixed",
	"platformDesc":	"platform",
	"platHandOff":	"C:/openTCSPC3/SRC/zedboard_real_microscope/vitis/zedboard_real_microscope_wrapper.xsa",
	"platIntHandOff":	"<platformDir>/hw/zedboard_real_microscope_wrapper.xsa",
	"deviceType":	"zynq",
	"platIsPrebuiltAutogen":	"false",
	"platIsNoBootBsp":	"false",
	"hasFsblMakeHasChanges":	"false",
	"hasPmufwMakeHasChanges":	"false",
	"platPreBuiltFlag":	false,
	"platformSamplesDir":	"",
	"platActiveSys":	"platform",
	"systems":	[{
			"systemName":	"platform",
			"systemDesc":	"platform",
			"sysIsBootAutoGen":	"true",
			"systemDispName":	"platform"
		}]
}
TRACE::2026-06-16.16:54:31::SCWPlatform::Boot application domains not present, creating them
TRACE::2026-06-16.16:54:31::SCWDomain::checking for install qemu data   : 
TRACE::2026-06-16.16:54:31::SCWDomain:: Using the QEMU Data from install at  : C:/Xilinx/Vitis/2024.2/data/emulation/platforms/zynq/sw/a9_standalone/qemu/
TRACE::2026-06-16.16:54:31::SCWDomain:: Using the QEMU args  from install at  : C:/Xilinx/Vitis/2024.2/data/emulation/platforms/zynq/sw/a9_standalone/qemu/qemu_args.txt
TRACE::2026-06-16.16:54:31::SCWPlatform::Trying to open the hw design at C:/openTCSPC3/SRC/zedboard_real_microscope/vitis/platform/hw/zedboard_real_microscope_wrapper.xsa
TRACE::2026-06-16.16:54:31::SCWPlatform::DSA given C:/openTCSPC3/SRC/zedboard_real_microscope/vitis/platform/hw/zedboard_real_microscope_wrapper.xsa
TRACE::2026-06-16.16:54:31::SCWPlatform::DSA absoulate path C:/openTCSPC3/SRC/zedboard_real_microscope/vitis/platform/hw/zedboard_real_microscope_wrapper.xsa
TRACE::2026-06-16.16:54:31::SCWPlatform::DSA directory C:/openTCSPC3/SRC/zedboard_real_microscope/vitis/platform/hw
TRACE::2026-06-16.16:54:31::SCWPlatform:: Platform Path C:/openTCSPC3/SRC/zedboard_real_microscope/vitis/platform/hw/zedboard_real_microscope_wrapper.xsa
TRACE::2026-06-16.16:54:31::SCWPlatform:: Unique name xilinx:zedboard::0.0
TRACE::2026-06-16.16:54:31::SCWPlatform::Trying to set the existing hwdb with name zedboard_real_microscope_wrapper_0
TRACE::2026-06-16.16:54:31::SCWPlatform::Opened existing hwdb zedboard_real_microscope_wrapper_0
TRACE::2026-06-16.16:54:31::SCWPlatform::Found the Hw Db part of the input DSA
TRACE::2026-06-16.16:54:31::SCWPlatform::Trying to open the hw design at C:/openTCSPC3/SRC/zedboard_real_microscope/vitis/platform/hw/zedboard_real_microscope_wrapper.xsa
TRACE::2026-06-16.16:54:31::SCWPlatform::DSA given C:/openTCSPC3/SRC/zedboard_real_microscope/vitis/platform/hw/zedboard_real_microscope_wrapper.xsa
TRACE::2026-06-16.16:54:31::SCWPlatform::DSA absoulate path C:/openTCSPC3/SRC/zedboard_real_microscope/vitis/platform/hw/zedboard_real_microscope_wrapper.xsa
TRACE::2026-06-16.16:54:31::SCWPlatform::DSA directory C:/openTCSPC3/SRC/zedboard_real_microscope/vitis/platform/hw
TRACE::2026-06-16.16:54:31::SCWPlatform:: Platform Path C:/openTCSPC3/SRC/zedboard_real_microscope/vitis/platform/hw/zedboard_real_microscope_wrapper.xsa
TRACE::2026-06-16.16:54:31::SCWPlatform:: Unique name xilinx:zedboard::0.0
TRACE::2026-06-16.16:54:31::SCWPlatform::Trying to set the existing hwdb with name zedboard_real_microscope_wrapper_0
TRACE::2026-06-16.16:54:31::SCWPlatform::Opened existing hwdb zedboard_real_microscope_wrapper_0
TRACE::2026-06-16.16:54:31::SCWPlatform::Found the Hw Db part of the input DSA
TRACE::2026-06-16.16:54:31::SCWPlatform::Trying to open the hw design at C:/openTCSPC3/SRC/zedboard_real_microscope/vitis/platform/hw/zedboard_real_microscope_wrapper.xsa
TRACE::2026-06-16.16:54:31::SCWPlatform::DSA given C:/openTCSPC3/SRC/zedboard_real_microscope/vitis/platform/hw/zedboard_real_microscope_wrapper.xsa
TRACE::2026-06-16.16:54:31::SCWPlatform::DSA absoulate path C:/openTCSPC3/SRC/zedboard_real_microscope/vitis/platform/hw/zedboard_real_microscope_wrapper.xsa
TRACE::2026-06-16.16:54:31::SCWPlatform::DSA directory C:/openTCSPC3/SRC/zedboard_real_microscope/vitis/platform/hw
TRACE::2026-06-16.16:54:31::SCWPlatform:: Platform Path C:/openTCSPC3/SRC/zedboard_real_microscope/vitis/platform/hw/zedboard_real_microscope_wrapper.xsa
TRACE::2026-06-16.16:54:31::SCWPlatform:: Unique name xilinx:zedboard::0.0
TRACE::2026-06-16.16:54:31::SCWPlatform::Trying to set the existing hwdb with name zedboard_real_microscope_wrapper_0
TRACE::2026-06-16.16:54:31::SCWPlatform::Opened existing hwdb zedboard_real_microscope_wrapper_0
TRACE::2026-06-16.16:54:31::SCWPlatform::Found the Hw Db part of the input DSA
TRACE::2026-06-16.16:54:31::SCWPlatform::Boot application domain added for zynq_fsbl
TRACE::2026-06-16.16:54:31::SCWPlatform::Generating the sources  .
TRACE::2026-06-16.16:54:32::SCWBDomain::Generating boot domain sources.
TRACE::2026-06-16.16:54:32::SCWBDomain:: Generating the zynq_fsbl Application.
TRACE::2026-06-16.16:54:32::SCWPlatform::Trying to open the hw design at C:/openTCSPC3/SRC/zedboard_real_microscope/vitis/platform/hw/zedboard_real_microscope_wrapper.xsa
TRACE::2026-06-16.16:54:32::SCWPlatform::DSA given C:/openTCSPC3/SRC/zedboard_real_microscope/vitis/platform/hw/zedboard_real_microscope_wrapper.xsa
TRACE::2026-06-16.16:54:32::SCWPlatform::DSA absoulate path C:/openTCSPC3/SRC/zedboard_real_microscope/vitis/platform/hw/zedboard_real_microscope_wrapper.xsa
TRACE::2026-06-16.16:54:32::SCWPlatform::DSA directory C:/openTCSPC3/SRC/zedboard_real_microscope/vitis/platform/hw
TRACE::2026-06-16.16:54:32::SCWPlatform:: Platform Path C:/openTCSPC3/SRC/zedboard_real_microscope/vitis/platform/hw/zedboard_real_microscope_wrapper.xsa
TRACE::2026-06-16.16:54:32::SCWPlatform:: Unique name xilinx:zedboard::0.0
TRACE::2026-06-16.16:54:32::SCWPlatform::Trying to set the existing hwdb with name zedboard_real_microscope_wrapper_0
TRACE::2026-06-16.16:54:32::SCWPlatform::Opened existing hwdb zedboard_real_microscope_wrapper_0
TRACE::2026-06-16.16:54:32::SCWPlatform::Found the Hw Db part of the input DSA
TRACE::2026-06-16.16:54:32::SCWMssOS::Checking the sw design at  C:/openTCSPC3/SRC/zedboard_real_microscope/vitis/platform/zynq_fsbl/zynq_fsbl_bsp/system.mss
TRACE::2026-06-16.16:54:32::SCWMssOS::DEBUG:  swdes dump  
TRACE::2026-06-16.16:54:32::SCWMssOS::No sw design opened at  C:/openTCSPC3/SRC/zedboard_real_microscope/vitis/platform/zynq_fsbl/zynq_fsbl_bsp/system.mss
TRACE::2026-06-16.16:54:32::SCWMssOS::mss does not exists at C:/openTCSPC3/SRC/zedboard_real_microscope/vitis/platform/zynq_fsbl/zynq_fsbl_bsp/system.mss
TRACE::2026-06-16.16:54:32::SCWMssOS::Creating sw design at  C:/openTCSPC3/SRC/zedboard_real_microscope/vitis/platform/zynq_fsbl/zynq_fsbl_bsp/system.mss
TRACE::2026-06-16.16:54:32::SCWMssOS::Adding the swdes entry, created swdb C:/openTCSPC3/SRC/zedboard_real_microscope/vitis/platform/zynq_fsbl/zynq_fsbl_bsp/system.mss with des name C:/openTCSPC3/SRC/zedboard_real_microscope/vitis/platform/zynq_fsbl/zynq_fsbl_bsp/system.mss
TRACE::2026-06-16.16:54:32::SCWMssOS::updating the scw layer changes to swdes at   C:/openTCSPC3/SRC/zedboard_real_microscope/vitis/platform/zynq_fsbl/zynq_fsbl_bsp/system.mss
TRACE::2026-06-16.16:54:32::SCWMssOS::Writing mss at C:/openTCSPC3/SRC/zedboard_real_microscope/vitis/platform/zynq_fsbl/zynq_fsbl_bsp/system.mss
TRACE::2026-06-16.16:54:32::SCWMssOS::Completed writing the mss file at C:/openTCSPC3/SRC/zedboard_real_microscope/vitis/platform/zynq_fsbl/zynq_fsbl_bsp
TRACE::2026-06-16.16:54:32::SCWMssOS::Picking up changes from newly written mss file into SCW Layer. 
TRACE::2026-06-16.16:54:32::SCWMssOS::Updated the changes from newly written mss file into SCW Layer. 
TRACE::2026-06-16.16:54:32::SCWBDomain::Completed writing the mss file at C:/openTCSPC3/SRC/zedboard_real_microscope/vitis/platform/zynq_fsbl/zynq_fsbl_bsp
TRACE::2026-06-16.16:54:43::SCWPlatform::Generating sources Done.
TRACE::2026-06-16.16:54:43::SCWPlatform::Trying to open the hw design at C:/openTCSPC3/SRC/zedboard_real_microscope/vitis/platform/hw/zedboard_real_microscope_wrapper.xsa
TRACE::2026-06-16.16:54:43::SCWPlatform::DSA given C:/openTCSPC3/SRC/zedboard_real_microscope/vitis/platform/hw/zedboard_real_microscope_wrapper.xsa
TRACE::2026-06-16.16:54:43::SCWPlatform::DSA absoulate path C:/openTCSPC3/SRC/zedboard_real_microscope/vitis/platform/hw/zedboard_real_microscope_wrapper.xsa
TRACE::2026-06-16.16:54:43::SCWPlatform::DSA directory C:/openTCSPC3/SRC/zedboard_real_microscope/vitis/platform/hw
TRACE::2026-06-16.16:54:43::SCWPlatform:: Platform Path C:/openTCSPC3/SRC/zedboard_real_microscope/vitis/platform/hw/zedboard_real_microscope_wrapper.xsa
TRACE::2026-06-16.16:54:43::SCWPlatform:: Unique name xilinx:zedboard::0.0
TRACE::2026-06-16.16:54:43::SCWPlatform::Trying to set the existing hwdb with name zedboard_real_microscope_wrapper_0
TRACE::2026-06-16.16:54:43::SCWPlatform::Opened existing hwdb zedboard_real_microscope_wrapper_0
TRACE::2026-06-16.16:54:43::SCWPlatform::Found the Hw Db part of the input DSA
TRACE::2026-06-16.16:54:43::SCWMssOS::Checking the sw design at  C:/openTCSPC3/SRC/zedboard_real_microscope/vitis/platform/zynq_fsbl/zynq_fsbl_bsp/system.mss
TRACE::2026-06-16.16:54:43::SCWMssOS::DEBUG:  swdes dump  
TRACE::2026-06-16.16:54:43::SCWMssOS::No sw design opened at  C:/openTCSPC3/SRC/zedboard_real_microscope/vitis/platform/zynq_fsbl/zynq_fsbl_bsp/system.mss
TRACE::2026-06-16.16:54:43::SCWMssOS::mss exists loading the mss file  C:/openTCSPC3/SRC/zedboard_real_microscope/vitis/platform/zynq_fsbl/zynq_fsbl_bsp/system.mss
TRACE::2026-06-16.16:54:43::SCWMssOS::Opened the sw design from mss  C:/openTCSPC3/SRC/zedboard_real_microscope/vitis/platform/zynq_fsbl/zynq_fsbl_bsp/system.mss
TRACE::2026-06-16.16:54:43::SCWMssOS::Adding the swdes entry C:/openTCSPC3/SRC/zedboard_real_microscope/vitis/platform/zynq_fsbl/zynq_fsbl_bsp/system.mss with des name system
TRACE::2026-06-16.16:54:43::SCWMssOS::updating the scw layer about changes
TRACE::2026-06-16.16:54:43::SCWMssOS::Opened the sw design.  C:/openTCSPC3/SRC/zedboard_real_microscope/vitis/platform/zynq_fsbl/zynq_fsbl_bsp/system.mss
TRACE::2026-06-16.16:54:43::SCWMssOS::Saving the mss changes C:/openTCSPC3/SRC/zedboard_real_microscope/vitis/platform/zynq_fsbl/zynq_fsbl_bsp/system.mss
TRACE::2026-06-16.16:54:43::SCWMssOS::Found a swdesign opened with the mssfile.
TRACE::2026-06-16.16:54:43::SCWMssOS::Completed writemss as part of save.
TRACE::2026-06-16.16:54:43::SCWMssOS::Commit changes completed.
TRACE::2026-06-16.16:54:43::SCWPlatform::Trying to open the hw design at C:/openTCSPC3/SRC/zedboard_real_microscope/vitis/platform/hw/zedboard_real_microscope_wrapper.xsa
TRACE::2026-06-16.16:54:43::SCWPlatform::DSA given C:/openTCSPC3/SRC/zedboard_real_microscope/vitis/platform/hw/zedboard_real_microscope_wrapper.xsa
TRACE::2026-06-16.16:54:43::SCWPlatform::DSA absoulate path C:/openTCSPC3/SRC/zedboard_real_microscope/vitis/platform/hw/zedboard_real_microscope_wrapper.xsa
TRACE::2026-06-16.16:54:43::SCWPlatform::DSA directory C:/openTCSPC3/SRC/zedboard_real_microscope/vitis/platform/hw
TRACE::2026-06-16.16:54:43::SCWPlatform:: Platform Path C:/openTCSPC3/SRC/zedboard_real_microscope/vitis/platform/hw/zedboard_real_microscope_wrapper.xsa
TRACE::2026-06-16.16:54:43::SCWPlatform:: Unique name xilinx:zedboard::0.0
TRACE::2026-06-16.16:54:43::SCWPlatform::Trying to set the existing hwdb with name zedboard_real_microscope_wrapper_0
TRACE::2026-06-16.16:54:43::SCWPlatform::Opened existing hwdb zedboard_real_microscope_wrapper_0
TRACE::2026-06-16.16:54:43::SCWPlatform::Found the Hw Db part of the input DSA
TRACE::2026-06-16.16:54:43::SCWMssOS::Checking the sw design at  C:/openTCSPC3/SRC/zedboard_real_microscope/vitis/platform/zynq_fsbl/zynq_fsbl_bsp/system.mss
TRACE::2026-06-16.16:54:43::SCWMssOS::DEBUG:  swdes dump  C:/openTCSPC3/SRC/zedboard_real_microscope/vitis/platform/zynq_fsbl/zynq_fsbl_bsp/system.mss|system||

TRACE::2026-06-16.16:54:43::SCWMssOS::Sw design exists and opened at  C:/openTCSPC3/SRC/zedboard_real_microscope/vitis/platform/zynq_fsbl/zynq_fsbl_bsp/system.mss
TRACE::2026-06-16.16:54:43::SCWPlatform::Trying to open the hw design at C:/openTCSPC3/SRC/zedboard_real_microscope/vitis/platform/hw/zedboard_real_microscope_wrapper.xsa
TRACE::2026-06-16.16:54:43::SCWPlatform::DSA given C:/openTCSPC3/SRC/zedboard_real_microscope/vitis/platform/hw/zedboard_real_microscope_wrapper.xsa
TRACE::2026-06-16.16:54:43::SCWPlatform::DSA absoulate path C:/openTCSPC3/SRC/zedboard_real_microscope/vitis/platform/hw/zedboard_real_microscope_wrapper.xsa
TRACE::2026-06-16.16:54:43::SCWPlatform::DSA directory C:/openTCSPC3/SRC/zedboard_real_microscope/vitis/platform/hw
TRACE::2026-06-16.16:54:43::SCWPlatform:: Platform Path C:/openTCSPC3/SRC/zedboard_real_microscope/vitis/platform/hw/zedboard_real_microscope_wrapper.xsa
TRACE::2026-06-16.16:54:43::SCWPlatform:: Unique name xilinx:zedboard::0.0
TRACE::2026-06-16.16:54:43::SCWPlatform::Trying to set the existing hwdb with name zedboard_real_microscope_wrapper_0
TRACE::2026-06-16.16:54:43::SCWPlatform::Opened existing hwdb zedboard_real_microscope_wrapper_0
TRACE::2026-06-16.16:54:43::SCWPlatform::Found the Hw Db part of the input DSA
TRACE::2026-06-16.16:54:43::SCWMssOS::Checking the sw design at  C:/openTCSPC3/SRC/zedboard_real_microscope/vitis/platform/zynq_fsbl/zynq_fsbl_bsp/system.mss
TRACE::2026-06-16.16:54:43::SCWMssOS::DEBUG:  swdes dump  C:/openTCSPC3/SRC/zedboard_real_microscope/vitis/platform/zynq_fsbl/zynq_fsbl_bsp/system.mss|system||

TRACE::2026-06-16.16:54:43::SCWMssOS::Sw design exists and opened at  C:/openTCSPC3/SRC/zedboard_real_microscope/vitis/platform/zynq_fsbl/zynq_fsbl_bsp/system.mss
TRACE::2026-06-16.16:54:43::SCWPlatform::Trying to open the hw design at C:/openTCSPC3/SRC/zedboard_real_microscope/vitis/platform/hw/zedboard_real_microscope_wrapper.xsa
TRACE::2026-06-16.16:54:43::SCWPlatform::DSA given C:/openTCSPC3/SRC/zedboard_real_microscope/vitis/platform/hw/zedboard_real_microscope_wrapper.xsa
TRACE::2026-06-16.16:54:43::SCWPlatform::DSA absoulate path C:/openTCSPC3/SRC/zedboard_real_microscope/vitis/platform/hw/zedboard_real_microscope_wrapper.xsa
TRACE::2026-06-16.16:54:43::SCWPlatform::DSA directory C:/openTCSPC3/SRC/zedboard_real_microscope/vitis/platform/hw
TRACE::2026-06-16.16:54:43::SCWPlatform:: Platform Path C:/openTCSPC3/SRC/zedboard_real_microscope/vitis/platform/hw/zedboard_real_microscope_wrapper.xsa
TRACE::2026-06-16.16:54:43::SCWPlatform:: Unique name xilinx:zedboard::0.0
TRACE::2026-06-16.16:54:43::SCWPlatform::Trying to set the existing hwdb with name zedboard_real_microscope_wrapper_0
TRACE::2026-06-16.16:54:43::SCWPlatform::Opened existing hwdb zedboard_real_microscope_wrapper_0
TRACE::2026-06-16.16:54:43::SCWPlatform::Found the Hw Db part of the input DSA
TRACE::2026-06-16.16:54:43::SCWMssOS::Checking the sw design at  C:/openTCSPC3/SRC/zedboard_real_microscope/vitis/platform/zynq_fsbl/zynq_fsbl_bsp/system.mss
TRACE::2026-06-16.16:54:43::SCWMssOS::DEBUG:  swdes dump  C:/openTCSPC3/SRC/zedboard_real_microscope/vitis/platform/zynq_fsbl/zynq_fsbl_bsp/system.mss|system||

TRACE::2026-06-16.16:54:43::SCWMssOS::Sw design exists and opened at  C:/openTCSPC3/SRC/zedboard_real_microscope/vitis/platform/zynq_fsbl/zynq_fsbl_bsp/system.mss
TRACE::2026-06-16.16:54:43::SCWWriter::formatted JSON is {
	"platformName":	"platform",
	"sprVersion":	"2.0",
	"mode":	"gui",
	"dsaType":	"Fixed",
	"platformDesc":	"platform",
	"platHandOff":	"C:/openTCSPC3/SRC/zedboard_real_microscope/vitis/zedboard_real_microscope_wrapper.xsa",
	"platIntHandOff":	"<platformDir>/hw/zedboard_real_microscope_wrapper.xsa",
	"deviceType":	"zynq",
	"platIsPrebuiltAutogen":	"false",
	"platIsNoBootBsp":	"false",
	"platFsblTarget":	"ps7_cortexa9_0",
	"hasFsblMakeHasChanges":	"false",
	"hasPmufwMakeHasChanges":	"false",
	"fsblExtraCompilerFlags":	"-MMD -MP       -mcpu=cortex-a9 -mfpu=vfpv3 -mfloat-abi=hard ",
	"platPreBuiltFlag":	false,
	"platformSamplesDir":	"",
	"platActiveSys":	"platform",
	"systems":	[{
			"systemName":	"platform",
			"systemDesc":	"platform",
			"sysIsBootAutoGen":	"true",
			"systemDispName":	"platform",
			"sysActiveDom":	"zynq_fsbl",
			"sysDefaultDom":	"",
			"domains":	[{
					"domainName":	"zynq_fsbl",
					"domainDispName":	"zynq_fsbl",
					"domainDesc":	"FSBL Application BSP - Auto Generated.",
					"processors":	"ps7_cortexa9_0",
					"os":	"standalone",
					"sdxOs":	"standalone",
					"debugEnable":	"",
					"domRuntimes":	["cpp"],
					"swRepo":	"",
					"mssOsVer":	"9.2",
					"mssFile":	"",
					"md5Digest":	"a9071a011478c87067468cbf8357a083",
					"compatibleApp":	"zynq_fsbl",
					"domType":	"bootDomain",
					"arch":	"32-bit",
					"appSettings":	{
						"appCompilerFlags":	"",
						"appLinkerFlags":	""
					},
					"addedLibs":	["xilffs:5.3", "xilrsa:1.8"],
					"libOptions":	{
						"libsContainingOptions":	[]
					},
					"prebuiltLibs":	{
						"prebuiltIncPath":	[],
						"prebuiltLibPath":	[]
					},
					"isolation":	{
					}
				}]
		}]
}
TRACE::2026-06-16.16:54:43::SCWPlatform::Trying to open the hw design at C:/openTCSPC3/SRC/zedboard_real_microscope/vitis/platform/hw/zedboard_real_microscope_wrapper.xsa
TRACE::2026-06-16.16:54:43::SCWPlatform::DSA given C:/openTCSPC3/SRC/zedboard_real_microscope/vitis/platform/hw/zedboard_real_microscope_wrapper.xsa
TRACE::2026-06-16.16:54:43::SCWPlatform::DSA absoulate path C:/openTCSPC3/SRC/zedboard_real_microscope/vitis/platform/hw/zedboard_real_microscope_wrapper.xsa
TRACE::2026-06-16.16:54:43::SCWPlatform::DSA directory C:/openTCSPC3/SRC/zedboard_real_microscope/vitis/platform/hw
TRACE::2026-06-16.16:54:43::SCWPlatform:: Platform Path C:/openTCSPC3/SRC/zedboard_real_microscope/vitis/platform/hw/zedboard_real_microscope_wrapper.xsa
TRACE::2026-06-16.16:54:43::SCWPlatform:: Unique name xilinx:zedboard::0.0
TRACE::2026-06-16.16:54:43::SCWPlatform::Trying to set the existing hwdb with name zedboard_real_microscope_wrapper_0
TRACE::2026-06-16.16:54:43::SCWPlatform::Opened existing hwdb zedboard_real_microscope_wrapper_0
TRACE::2026-06-16.16:54:43::SCWPlatform::Found the Hw Db part of the input DSA
TRACE::2026-06-16.16:54:43::SCWPlatform::Trying to open the hw design at C:/openTCSPC3/SRC/zedboard_real_microscope/vitis/platform/hw/zedboard_real_microscope_wrapper.xsa
TRACE::2026-06-16.16:54:43::SCWPlatform::DSA given C:/openTCSPC3/SRC/zedboard_real_microscope/vitis/platform/hw/zedboard_real_microscope_wrapper.xsa
TRACE::2026-06-16.16:54:43::SCWPlatform::DSA absoulate path C:/openTCSPC3/SRC/zedboard_real_microscope/vitis/platform/hw/zedboard_real_microscope_wrapper.xsa
TRACE::2026-06-16.16:54:43::SCWPlatform::DSA directory C:/openTCSPC3/SRC/zedboard_real_microscope/vitis/platform/hw
TRACE::2026-06-16.16:54:43::SCWPlatform:: Platform Path C:/openTCSPC3/SRC/zedboard_real_microscope/vitis/platform/hw/zedboard_real_microscope_wrapper.xsa
TRACE::2026-06-16.16:54:43::SCWPlatform:: Unique name xilinx:zedboard::0.0
TRACE::2026-06-16.16:54:43::SCWPlatform::Trying to set the existing hwdb with name zedboard_real_microscope_wrapper_0
TRACE::2026-06-16.16:54:43::SCWPlatform::Opened existing hwdb zedboard_real_microscope_wrapper_0
TRACE::2026-06-16.16:54:43::SCWPlatform::Found the Hw Db part of the input DSA
TRACE::2026-06-16.16:54:43::SCWDomain::checking for install qemu data   : 
TRACE::2026-06-16.16:54:43::SCWDomain:: Using the QEMU Data from install at  : C:/Xilinx/Vitis/2024.2/data/emulation/platforms/zynq/sw/a9_standalone/qemu/
TRACE::2026-06-16.16:54:43::SCWDomain:: Using the QEMU args  from install at  : C:/Xilinx/Vitis/2024.2/data/emulation/platforms/zynq/sw/a9_standalone/qemu/qemu_args.txt
TRACE::2026-06-16.16:54:43::SCWPlatform::Trying to open the hw design at C:/openTCSPC3/SRC/zedboard_real_microscope/vitis/platform/hw/zedboard_real_microscope_wrapper.xsa
TRACE::2026-06-16.16:54:43::SCWPlatform::DSA given C:/openTCSPC3/SRC/zedboard_real_microscope/vitis/platform/hw/zedboard_real_microscope_wrapper.xsa
TRACE::2026-06-16.16:54:43::SCWPlatform::DSA absoulate path C:/openTCSPC3/SRC/zedboard_real_microscope/vitis/platform/hw/zedboard_real_microscope_wrapper.xsa
TRACE::2026-06-16.16:54:43::SCWPlatform::DSA directory C:/openTCSPC3/SRC/zedboard_real_microscope/vitis/platform/hw
TRACE::2026-06-16.16:54:43::SCWPlatform:: Platform Path C:/openTCSPC3/SRC/zedboard_real_microscope/vitis/platform/hw/zedboard_real_microscope_wrapper.xsa
TRACE::2026-06-16.16:54:43::SCWPlatform:: Unique name xilinx:zedboard::0.0
TRACE::2026-06-16.16:54:43::SCWPlatform::Trying to set the existing hwdb with name zedboard_real_microscope_wrapper_0
TRACE::2026-06-16.16:54:43::SCWPlatform::Opened existing hwdb zedboard_real_microscope_wrapper_0
TRACE::2026-06-16.16:54:43::SCWPlatform::Found the Hw Db part of the input DSA
TRACE::2026-06-16.16:54:43::SCWPlatform::Trying to open the hw design at C:/openTCSPC3/SRC/zedboard_real_microscope/vitis/platform/hw/zedboard_real_microscope_wrapper.xsa
TRACE::2026-06-16.16:54:43::SCWPlatform::DSA given C:/openTCSPC3/SRC/zedboard_real_microscope/vitis/platform/hw/zedboard_real_microscope_wrapper.xsa
TRACE::2026-06-16.16:54:43::SCWPlatform::DSA absoulate path C:/openTCSPC3/SRC/zedboard_real_microscope/vitis/platform/hw/zedboard_real_microscope_wrapper.xsa
TRACE::2026-06-16.16:54:43::SCWPlatform::DSA directory C:/openTCSPC3/SRC/zedboard_real_microscope/vitis/platform/hw
TRACE::2026-06-16.16:54:43::SCWPlatform:: Platform Path C:/openTCSPC3/SRC/zedboard_real_microscope/vitis/platform/hw/zedboard_real_microscope_wrapper.xsa
TRACE::2026-06-16.16:54:43::SCWPlatform:: Unique name xilinx:zedboard::0.0
TRACE::2026-06-16.16:54:43::SCWPlatform::Trying to set the existing hwdb with name zedboard_real_microscope_wrapper_0
TRACE::2026-06-16.16:54:43::SCWPlatform::Opened existing hwdb zedboard_real_microscope_wrapper_0
TRACE::2026-06-16.16:54:43::SCWPlatform::Found the Hw Db part of the input DSA
TRACE::2026-06-16.16:54:43::SCWDomain::Qemu Directory name is changed from "" to "qemu"
TRACE::2026-06-16.16:54:43::SCWPlatform::Trying to open the hw design at C:/openTCSPC3/SRC/zedboard_real_microscope/vitis/platform/hw/zedboard_real_microscope_wrapper.xsa
TRACE::2026-06-16.16:54:43::SCWPlatform::DSA given C:/openTCSPC3/SRC/zedboard_real_microscope/vitis/platform/hw/zedboard_real_microscope_wrapper.xsa
TRACE::2026-06-16.16:54:43::SCWPlatform::DSA absoulate path C:/openTCSPC3/SRC/zedboard_real_microscope/vitis/platform/hw/zedboard_real_microscope_wrapper.xsa
TRACE::2026-06-16.16:54:43::SCWPlatform::DSA directory C:/openTCSPC3/SRC/zedboard_real_microscope/vitis/platform/hw
TRACE::2026-06-16.16:54:43::SCWPlatform:: Platform Path C:/openTCSPC3/SRC/zedboard_real_microscope/vitis/platform/hw/zedboard_real_microscope_wrapper.xsa
TRACE::2026-06-16.16:54:43::SCWPlatform:: Unique name xilinx:zedboard::0.0
TRACE::2026-06-16.16:54:43::SCWPlatform::Trying to set the existing hwdb with name zedboard_real_microscope_wrapper_0
TRACE::2026-06-16.16:54:43::SCWPlatform::Opened existing hwdb zedboard_real_microscope_wrapper_0
TRACE::2026-06-16.16:54:43::SCWPlatform::Found the Hw Db part of the input DSA
TRACE::2026-06-16.16:54:43::SCWMssOS::Checking the sw design at  C:/openTCSPC3/SRC/zedboard_real_microscope/vitis/platform/ps7_cortexa9_0/standalone_domain/bsp/system.mss
TRACE::2026-06-16.16:54:43::SCWMssOS::DEBUG:  swdes dump  C:/openTCSPC3/SRC/zedboard_real_microscope/vitis/platform/zynq_fsbl/zynq_fsbl_bsp/system.mss|system||

TRACE::2026-06-16.16:54:43::SCWMssOS::No sw design opened at  C:/openTCSPC3/SRC/zedboard_real_microscope/vitis/platform/ps7_cortexa9_0/standalone_domain/bsp/system.mss
TRACE::2026-06-16.16:54:43::SCWMssOS::mss does not exists at C:/openTCSPC3/SRC/zedboard_real_microscope/vitis/platform/ps7_cortexa9_0/standalone_domain/bsp/system.mss
TRACE::2026-06-16.16:54:43::SCWMssOS::Creating sw design at  C:/openTCSPC3/SRC/zedboard_real_microscope/vitis/platform/ps7_cortexa9_0/standalone_domain/bsp/system.mss
TRACE::2026-06-16.16:54:43::SCWMssOS::Adding the swdes entry, created swdb C:/openTCSPC3/SRC/zedboard_real_microscope/vitis/platform/ps7_cortexa9_0/standalone_domain/bsp/system.mss with des name C:/openTCSPC3/SRC/zedboard_real_microscope/vitis/platform/ps7_cortexa9_0/standalone_domain/bsp/system.mss
TRACE::2026-06-16.16:54:43::SCWMssOS::updating the scw layer changes to swdes at   C:/openTCSPC3/SRC/zedboard_real_microscope/vitis/platform/ps7_cortexa9_0/standalone_domain/bsp/system.mss
TRACE::2026-06-16.16:54:43::SCWMssOS::Writing mss at C:/openTCSPC3/SRC/zedboard_real_microscope/vitis/platform/ps7_cortexa9_0/standalone_domain/bsp/system.mss
TRACE::2026-06-16.16:54:43::SCWMssOS::Completed writing the mss file at C:/openTCSPC3/SRC/zedboard_real_microscope/vitis/platform/ps7_cortexa9_0/standalone_domain/bsp
TRACE::2026-06-16.16:54:43::SCWMssOS::Picking up changes from newly written mss file into SCW Layer. 
TRACE::2026-06-16.16:54:43::SCWMssOS::Updated the changes from newly written mss file into SCW Layer. 
TRACE::2026-06-16.16:54:43::SCWMssOS::Completed writing the mss file at C:/openTCSPC3/SRC/zedboard_real_microscope/vitis/platform/ps7_cortexa9_0/standalone_domain/bsp
TRACE::2026-06-16.16:54:43::SCWMssOS::Forcing BSP Sources regeneration.
TRACE::2026-06-16.16:54:46::SCWMssOS::Saving the mss changes C:/openTCSPC3/SRC/zedboard_real_microscope/vitis/platform/zynq_fsbl/zynq_fsbl_bsp/system.mss
TRACE::2026-06-16.16:54:46::SCWMssOS::Found a swdesign opened with the mssfile.
TRACE::2026-06-16.16:54:46::SCWMssOS::Completed writemss as part of save.
TRACE::2026-06-16.16:54:46::SCWMssOS::Commit changes completed.
TRACE::2026-06-16.16:54:46::SCWMssOS::Saving the mss changes C:/openTCSPC3/SRC/zedboard_real_microscope/vitis/platform/ps7_cortexa9_0/standalone_domain/bsp/system.mss
TRACE::2026-06-16.16:54:46::SCWMssOS::Adding the swdes entry, mss present, able to open swdb C:/openTCSPC3/SRC/zedboard_real_microscope/vitis/platform/ps7_cortexa9_0/standalone_domain/bsp/system.mss with des name system_0
TRACE::2026-06-16.16:54:46::SCWMssOS::Writing the mss file completed C:/openTCSPC3/SRC/zedboard_real_microscope/vitis/platform/ps7_cortexa9_0/standalone_domain/bsp/system.mss
TRACE::2026-06-16.16:54:46::SCWMssOS::Commit changes completed.
TRACE::2026-06-16.16:54:46::SCWPlatform::Trying to open the hw design at C:/openTCSPC3/SRC/zedboard_real_microscope/vitis/platform/hw/zedboard_real_microscope_wrapper.xsa
TRACE::2026-06-16.16:54:46::SCWPlatform::DSA given C:/openTCSPC3/SRC/zedboard_real_microscope/vitis/platform/hw/zedboard_real_microscope_wrapper.xsa
TRACE::2026-06-16.16:54:46::SCWPlatform::DSA absoulate path C:/openTCSPC3/SRC/zedboard_real_microscope/vitis/platform/hw/zedboard_real_microscope_wrapper.xsa
TRACE::2026-06-16.16:54:46::SCWPlatform::DSA directory C:/openTCSPC3/SRC/zedboard_real_microscope/vitis/platform/hw
TRACE::2026-06-16.16:54:46::SCWPlatform:: Platform Path C:/openTCSPC3/SRC/zedboard_real_microscope/vitis/platform/hw/zedboard_real_microscope_wrapper.xsa
TRACE::2026-06-16.16:54:46::SCWPlatform:: Unique name xilinx:zedboard::0.0
TRACE::2026-06-16.16:54:46::SCWPlatform::Trying to set the existing hwdb with name zedboard_real_microscope_wrapper_0
TRACE::2026-06-16.16:54:46::SCWPlatform::Opened existing hwdb zedboard_real_microscope_wrapper_0
TRACE::2026-06-16.16:54:46::SCWPlatform::Found the Hw Db part of the input DSA
TRACE::2026-06-16.16:54:46::SCWMssOS::Checking the sw design at  C:/openTCSPC3/SRC/zedboard_real_microscope/vitis/platform/zynq_fsbl/zynq_fsbl_bsp/system.mss
TRACE::2026-06-16.16:54:46::SCWMssOS::DEBUG:  swdes dump  C:/openTCSPC3/SRC/zedboard_real_microscope/vitis/platform/ps7_cortexa9_0/standalone_domain/bsp/system.mss|system_0||
C:/openTCSPC3/SRC/zedboard_real_microscope/vitis/platform/zynq_fsbl/zynq_fsbl_bsp/system.mss|system||

TRACE::2026-06-16.16:54:46::SCWMssOS::Sw design exists and opened at  C:/openTCSPC3/SRC/zedboard_real_microscope/vitis/platform/zynq_fsbl/zynq_fsbl_bsp/system.mss
TRACE::2026-06-16.16:54:46::SCWPlatform::Trying to open the hw design at C:/openTCSPC3/SRC/zedboard_real_microscope/vitis/platform/hw/zedboard_real_microscope_wrapper.xsa
TRACE::2026-06-16.16:54:46::SCWPlatform::DSA given C:/openTCSPC3/SRC/zedboard_real_microscope/vitis/platform/hw/zedboard_real_microscope_wrapper.xsa
TRACE::2026-06-16.16:54:46::SCWPlatform::DSA absoulate path C:/openTCSPC3/SRC/zedboard_real_microscope/vitis/platform/hw/zedboard_real_microscope_wrapper.xsa
TRACE::2026-06-16.16:54:46::SCWPlatform::DSA directory C:/openTCSPC3/SRC/zedboard_real_microscope/vitis/platform/hw
TRACE::2026-06-16.16:54:46::SCWPlatform:: Platform Path C:/openTCSPC3/SRC/zedboard_real_microscope/vitis/platform/hw/zedboard_real_microscope_wrapper.xsa
TRACE::2026-06-16.16:54:46::SCWPlatform:: Unique name xilinx:zedboard::0.0
TRACE::2026-06-16.16:54:46::SCWPlatform::Trying to set the existing hwdb with name zedboard_real_microscope_wrapper_0
TRACE::2026-06-16.16:54:46::SCWPlatform::Opened existing hwdb zedboard_real_microscope_wrapper_0
TRACE::2026-06-16.16:54:46::SCWPlatform::Found the Hw Db part of the input DSA
TRACE::2026-06-16.16:54:46::SCWMssOS::Checking the sw design at  C:/openTCSPC3/SRC/zedboard_real_microscope/vitis/platform/zynq_fsbl/zynq_fsbl_bsp/system.mss
TRACE::2026-06-16.16:54:46::SCWMssOS::DEBUG:  swdes dump  C:/openTCSPC3/SRC/zedboard_real_microscope/vitis/platform/ps7_cortexa9_0/standalone_domain/bsp/system.mss|system_0||
C:/openTCSPC3/SRC/zedboard_real_microscope/vitis/platform/zynq_fsbl/zynq_fsbl_bsp/system.mss|system||

TRACE::2026-06-16.16:54:46::SCWMssOS::Sw design exists and opened at  C:/openTCSPC3/SRC/zedboard_real_microscope/vitis/platform/zynq_fsbl/zynq_fsbl_bsp/system.mss
TRACE::2026-06-16.16:54:46::SCWPlatform::Trying to open the hw design at C:/openTCSPC3/SRC/zedboard_real_microscope/vitis/platform/hw/zedboard_real_microscope_wrapper.xsa
TRACE::2026-06-16.16:54:46::SCWPlatform::DSA given C:/openTCSPC3/SRC/zedboard_real_microscope/vitis/platform/hw/zedboard_real_microscope_wrapper.xsa
TRACE::2026-06-16.16:54:46::SCWPlatform::DSA absoulate path C:/openTCSPC3/SRC/zedboard_real_microscope/vitis/platform/hw/zedboard_real_microscope_wrapper.xsa
TRACE::2026-06-16.16:54:46::SCWPlatform::DSA directory C:/openTCSPC3/SRC/zedboard_real_microscope/vitis/platform/hw
TRACE::2026-06-16.16:54:46::SCWPlatform:: Platform Path C:/openTCSPC3/SRC/zedboard_real_microscope/vitis/platform/hw/zedboard_real_microscope_wrapper.xsa
TRACE::2026-06-16.16:54:46::SCWPlatform:: Unique name xilinx:zedboard::0.0
TRACE::2026-06-16.16:54:46::SCWPlatform::Trying to set the existing hwdb with name zedboard_real_microscope_wrapper_0
TRACE::2026-06-16.16:54:46::SCWPlatform::Opened existing hwdb zedboard_real_microscope_wrapper_0
TRACE::2026-06-16.16:54:46::SCWPlatform::Found the Hw Db part of the input DSA
TRACE::2026-06-16.16:54:46::SCWMssOS::Checking the sw design at  C:/openTCSPC3/SRC/zedboard_real_microscope/vitis/platform/zynq_fsbl/zynq_fsbl_bsp/system.mss
TRACE::2026-06-16.16:54:46::SCWMssOS::DEBUG:  swdes dump  C:/openTCSPC3/SRC/zedboard_real_microscope/vitis/platform/ps7_cortexa9_0/standalone_domain/bsp/system.mss|system_0||
C:/openTCSPC3/SRC/zedboard_real_microscope/vitis/platform/zynq_fsbl/zynq_fsbl_bsp/system.mss|system||

TRACE::2026-06-16.16:54:46::SCWMssOS::Sw design exists and opened at  C:/openTCSPC3/SRC/zedboard_real_microscope/vitis/platform/zynq_fsbl/zynq_fsbl_bsp/system.mss
TRACE::2026-06-16.16:54:46::SCWPlatform::Trying to open the hw design at C:/openTCSPC3/SRC/zedboard_real_microscope/vitis/platform/hw/zedboard_real_microscope_wrapper.xsa
TRACE::2026-06-16.16:54:46::SCWPlatform::DSA given C:/openTCSPC3/SRC/zedboard_real_microscope/vitis/platform/hw/zedboard_real_microscope_wrapper.xsa
TRACE::2026-06-16.16:54:46::SCWPlatform::DSA absoulate path C:/openTCSPC3/SRC/zedboard_real_microscope/vitis/platform/hw/zedboard_real_microscope_wrapper.xsa
TRACE::2026-06-16.16:54:46::SCWPlatform::DSA directory C:/openTCSPC3/SRC/zedboard_real_microscope/vitis/platform/hw
TRACE::2026-06-16.16:54:46::SCWPlatform:: Platform Path C:/openTCSPC3/SRC/zedboard_real_microscope/vitis/platform/hw/zedboard_real_microscope_wrapper.xsa
TRACE::2026-06-16.16:54:46::SCWPlatform:: Unique name xilinx:zedboard::0.0
TRACE::2026-06-16.16:54:46::SCWPlatform::Trying to set the existing hwdb with name zedboard_real_microscope_wrapper_0
TRACE::2026-06-16.16:54:46::SCWPlatform::Opened existing hwdb zedboard_real_microscope_wrapper_0
TRACE::2026-06-16.16:54:46::SCWPlatform::Found the Hw Db part of the input DSA
TRACE::2026-06-16.16:54:46::SCWMssOS::Checking the sw design at  C:/openTCSPC3/SRC/zedboard_real_microscope/vitis/platform/ps7_cortexa9_0/standalone_domain/bsp/system.mss
TRACE::2026-06-16.16:54:46::SCWMssOS::DEBUG:  swdes dump  C:/openTCSPC3/SRC/zedboard_real_microscope/vitis/platform/ps7_cortexa9_0/standalone_domain/bsp/system.mss|system_0||
C:/openTCSPC3/SRC/zedboard_real_microscope/vitis/platform/zynq_fsbl/zynq_fsbl_bsp/system.mss|system||

TRACE::2026-06-16.16:54:46::SCWMssOS::Sw design exists and opened at  C:/openTCSPC3/SRC/zedboard_real_microscope/vitis/platform/ps7_cortexa9_0/standalone_domain/bsp/system.mss
TRACE::2026-06-16.16:54:46::SCWPlatform::Trying to open the hw design at C:/openTCSPC3/SRC/zedboard_real_microscope/vitis/platform/hw/zedboard_real_microscope_wrapper.xsa
TRACE::2026-06-16.16:54:46::SCWPlatform::DSA given C:/openTCSPC3/SRC/zedboard_real_microscope/vitis/platform/hw/zedboard_real_microscope_wrapper.xsa
TRACE::2026-06-16.16:54:46::SCWPlatform::DSA absoulate path C:/openTCSPC3/SRC/zedboard_real_microscope/vitis/platform/hw/zedboard_real_microscope_wrapper.xsa
TRACE::2026-06-16.16:54:46::SCWPlatform::DSA directory C:/openTCSPC3/SRC/zedboard_real_microscope/vitis/platform/hw
TRACE::2026-06-16.16:54:46::SCWPlatform:: Platform Path C:/openTCSPC3/SRC/zedboard_real_microscope/vitis/platform/hw/zedboard_real_microscope_wrapper.xsa
TRACE::2026-06-16.16:54:46::SCWPlatform:: Unique name xilinx:zedboard::0.0
TRACE::2026-06-16.16:54:46::SCWPlatform::Trying to set the existing hwdb with name zedboard_real_microscope_wrapper_0
TRACE::2026-06-16.16:54:46::SCWPlatform::Opened existing hwdb zedboard_real_microscope_wrapper_0
TRACE::2026-06-16.16:54:46::SCWPlatform::Found the Hw Db part of the input DSA
TRACE::2026-06-16.16:54:46::SCWMssOS::Checking the sw design at  C:/openTCSPC3/SRC/zedboard_real_microscope/vitis/platform/ps7_cortexa9_0/standalone_domain/bsp/system.mss
TRACE::2026-06-16.16:54:46::SCWMssOS::DEBUG:  swdes dump  C:/openTCSPC3/SRC/zedboard_real_microscope/vitis/platform/ps7_cortexa9_0/standalone_domain/bsp/system.mss|system_0||
C:/openTCSPC3/SRC/zedboard_real_microscope/vitis/platform/zynq_fsbl/zynq_fsbl_bsp/system.mss|system||

TRACE::2026-06-16.16:54:46::SCWMssOS::Sw design exists and opened at  C:/openTCSPC3/SRC/zedboard_real_microscope/vitis/platform/ps7_cortexa9_0/standalone_domain/bsp/system.mss
TRACE::2026-06-16.16:54:46::SCWPlatform::Trying to open the hw design at C:/openTCSPC3/SRC/zedboard_real_microscope/vitis/platform/hw/zedboard_real_microscope_wrapper.xsa
TRACE::2026-06-16.16:54:46::SCWPlatform::DSA given C:/openTCSPC3/SRC/zedboard_real_microscope/vitis/platform/hw/zedboard_real_microscope_wrapper.xsa
TRACE::2026-06-16.16:54:46::SCWPlatform::DSA absoulate path C:/openTCSPC3/SRC/zedboard_real_microscope/vitis/platform/hw/zedboard_real_microscope_wrapper.xsa
TRACE::2026-06-16.16:54:46::SCWPlatform::DSA directory C:/openTCSPC3/SRC/zedboard_real_microscope/vitis/platform/hw
TRACE::2026-06-16.16:54:46::SCWPlatform:: Platform Path C:/openTCSPC3/SRC/zedboard_real_microscope/vitis/platform/hw/zedboard_real_microscope_wrapper.xsa
TRACE::2026-06-16.16:54:46::SCWPlatform:: Unique name xilinx:zedboard::0.0
TRACE::2026-06-16.16:54:46::SCWPlatform::Trying to set the existing hwdb with name zedboard_real_microscope_wrapper_0
TRACE::2026-06-16.16:54:46::SCWPlatform::Opened existing hwdb zedboard_real_microscope_wrapper_0
TRACE::2026-06-16.16:54:46::SCWPlatform::Found the Hw Db part of the input DSA
TRACE::2026-06-16.16:54:46::SCWMssOS::Checking the sw design at  C:/openTCSPC3/SRC/zedboard_real_microscope/vitis/platform/ps7_cortexa9_0/standalone_domain/bsp/system.mss
TRACE::2026-06-16.16:54:46::SCWMssOS::DEBUG:  swdes dump  C:/openTCSPC3/SRC/zedboard_real_microscope/vitis/platform/ps7_cortexa9_0/standalone_domain/bsp/system.mss|system_0||
C:/openTCSPC3/SRC/zedboard_real_microscope/vitis/platform/zynq_fsbl/zynq_fsbl_bsp/system.mss|system||

TRACE::2026-06-16.16:54:46::SCWMssOS::Sw design exists and opened at  C:/openTCSPC3/SRC/zedboard_real_microscope/vitis/platform/ps7_cortexa9_0/standalone_domain/bsp/system.mss
TRACE::2026-06-16.16:54:46::SCWWriter::formatted JSON is {
	"platformName":	"platform",
	"sprVersion":	"2.0",
	"mode":	"gui",
	"dsaType":	"Fixed",
	"platformDesc":	"platform",
	"platHandOff":	"C:/openTCSPC3/SRC/zedboard_real_microscope/vitis/zedboard_real_microscope_wrapper.xsa",
	"platIntHandOff":	"<platformDir>/hw/zedboard_real_microscope_wrapper.xsa",
	"deviceType":	"zynq",
	"platIsPrebuiltAutogen":	"false",
	"platIsNoBootBsp":	"false",
	"platFsblTarget":	"ps7_cortexa9_0",
	"hasFsblMakeHasChanges":	"false",
	"hasPmufwMakeHasChanges":	"false",
	"fsblExtraCompilerFlags":	"-MMD -MP       -mcpu=cortex-a9 -mfpu=vfpv3 -mfloat-abi=hard ",
	"platPreBuiltFlag":	false,
	"platformSamplesDir":	"",
	"platActiveSys":	"platform",
	"systems":	[{
			"systemName":	"platform",
			"systemDesc":	"platform",
			"sysIsBootAutoGen":	"true",
			"systemDispName":	"platform",
			"sysActiveDom":	"standalone_domain",
			"sysDefaultDom":	"standalone_domain",
			"domains":	[{
					"domainName":	"zynq_fsbl",
					"domainDispName":	"zynq_fsbl",
					"domainDesc":	"FSBL Application BSP - Auto Generated.",
					"processors":	"ps7_cortexa9_0",
					"os":	"standalone",
					"sdxOs":	"standalone",
					"debugEnable":	"",
					"domRuntimes":	["cpp"],
					"swRepo":	"",
					"mssOsVer":	"9.2",
					"mssFile":	"",
					"md5Digest":	"a9071a011478c87067468cbf8357a083",
					"compatibleApp":	"zynq_fsbl",
					"domType":	"bootDomain",
					"arch":	"32-bit",
					"appSettings":	{
						"appCompilerFlags":	"",
						"appLinkerFlags":	""
					},
					"addedLibs":	["xilffs:5.3", "xilrsa:1.8"],
					"libOptions":	{
						"libsContainingOptions":	[]
					},
					"prebuiltLibs":	{
						"prebuiltIncPath":	[],
						"prebuiltLibPath":	[]
					},
					"isolation":	{
					}
				}, {
					"domainName":	"standalone_domain",
					"domainDispName":	"standalone_domain",
					"domainDesc":	"standalone_domain",
					"processors":	"ps7_cortexa9_0",
					"os":	"standalone",
					"sdxOs":	"standalone",
					"qemuArgs":	"<platformDir>/resources/platform/standalone_domain/qemu_args.txt",
					"qemuData":	"<platformDir>/resources/platform/standalone_domain/qemu",
					"debugEnable":	"False",
					"domRuntimes":	["cpp"],
					"swRepo":	"",
					"mssOsVer":	"9.2",
					"mssFile":	"",
					"md5Digest":	"b7c04fadbfe58eb2f640582f5b7f6446",
					"compatibleApp":	"",
					"domType":	"mssDomain",
					"appSettings":	{
						"appCompilerFlags":	"",
						"appLinkerFlags":	""
					},
					"addedLibs":	[],
					"libOptions":	{
						"libsContainingOptions":	[]
					},
					"prebuiltLibs":	{
						"prebuiltIncPath":	[],
						"prebuiltLibPath":	[]
					},
					"isolation":	{
					}
				}]
		}]
}
LOG::2026-06-16.16:54:46::SCWPlatform::Started generating the artifacts platform platform
TRACE::2026-06-16.16:54:46::SCWPlatform::Sanity checking of platform is completed
LOG::2026-06-16.16:54:46::SCWPlatform::Started generating the artifacts for system configuration platform
LOG::2026-06-16.16:54:46::SCWSystem::Checking the domain zynq_fsbl
LOG::2026-06-16.16:54:46::SCWSystem::Doing application build for :  zynq_fsbl
TRACE::2026-06-16.16:54:46::SCWBDomain::Not a forced makefile updation, No changes are present. 
TRACE::2026-06-16.16:54:46::SCWDomain::Skipping the build for domain :  zynq_fsbl
LOG::2026-06-16.16:54:46::SCWSystem::Checking the domain standalone_domain
LOG::2026-06-16.16:54:46::SCWSystem::Not a boot domain 
LOG::2026-06-16.16:54:46::SCWSystem::Started Processing the domain standalone_domain
TRACE::2026-06-16.16:54:46::SCWDomain::Generating domain artifcats
TRACE::2026-06-16.16:54:46::SCWMssOS::Generating standalone artifcats
TRACE::2026-06-16.16:54:46::SCWMssOS::Copying the qemu file from  C:/openTCSPC3/SRC/zedboard_real_microscope/vitis/platform/resources/platform/standalone_domain/qemu_args.txt To C:/openTCSPC3/SRC/zedboard_real_microscope/vitis/platform/export/platform/sw/platform/qemu/
TRACE::2026-06-16.16:54:46::SCWMssOS::Copying the qemu file from  C:/openTCSPC3/SRC/zedboard_real_microscope/vitis/platform/resources/platform/standalone_domain/qemu_args.txt To C:/openTCSPC3/SRC/zedboard_real_microscope/vitis/platform/export/platform/sw/platform/standalone_domain/qemu/
TRACE::2026-06-16.16:54:46::SCWMssOS:: Copying the user libraries. 
TRACE::2026-06-16.16:54:46::SCWPlatform::Trying to open the hw design at C:/openTCSPC3/SRC/zedboard_real_microscope/vitis/platform/hw/zedboard_real_microscope_wrapper.xsa
TRACE::2026-06-16.16:54:46::SCWPlatform::DSA given C:/openTCSPC3/SRC/zedboard_real_microscope/vitis/platform/hw/zedboard_real_microscope_wrapper.xsa
TRACE::2026-06-16.16:54:46::SCWPlatform::DSA absoulate path C:/openTCSPC3/SRC/zedboard_real_microscope/vitis/platform/hw/zedboard_real_microscope_wrapper.xsa
TRACE::2026-06-16.16:54:46::SCWPlatform::DSA directory C:/openTCSPC3/SRC/zedboard_real_microscope/vitis/platform/hw
TRACE::2026-06-16.16:54:46::SCWPlatform:: Platform Path C:/openTCSPC3/SRC/zedboard_real_microscope/vitis/platform/hw/zedboard_real_microscope_wrapper.xsa
TRACE::2026-06-16.16:54:46::SCWPlatform:: Unique name xilinx:zedboard::0.0
TRACE::2026-06-16.16:54:46::SCWPlatform::Trying to set the existing hwdb with name zedboard_real_microscope_wrapper_0
TRACE::2026-06-16.16:54:46::SCWPlatform::Opened existing hwdb zedboard_real_microscope_wrapper_0
TRACE::2026-06-16.16:54:46::SCWPlatform::Found the Hw Db part of the input DSA
TRACE::2026-06-16.16:54:46::SCWMssOS::Checking the sw design at  C:/openTCSPC3/SRC/zedboard_real_microscope/vitis/platform/ps7_cortexa9_0/standalone_domain/bsp/system.mss
TRACE::2026-06-16.16:54:46::SCWMssOS::DEBUG:  swdes dump  C:/openTCSPC3/SRC/zedboard_real_microscope/vitis/platform/ps7_cortexa9_0/standalone_domain/bsp/system.mss|system_0||
C:/openTCSPC3/SRC/zedboard_real_microscope/vitis/platform/zynq_fsbl/zynq_fsbl_bsp/system.mss|system||

TRACE::2026-06-16.16:54:46::SCWMssOS::Sw design exists and opened at  C:/openTCSPC3/SRC/zedboard_real_microscope/vitis/platform/ps7_cortexa9_0/standalone_domain/bsp/system.mss
TRACE::2026-06-16.16:54:46::SCWMssOS::Completed writing the mss file at C:/openTCSPC3/SRC/zedboard_real_microscope/vitis/platform/ps7_cortexa9_0/standalone_domain/bsp
TRACE::2026-06-16.16:54:46::SCWMssOS::Mss edits present, copying mssfile into export location C:/openTCSPC3/SRC/zedboard_real_microscope/vitis/platform/ps7_cortexa9_0/standalone_domain/bsp/system.mss
TRACE::2026-06-16.16:54:46::SCWMssOS::bsp generated is upto date with the mss file. Skipping bsp generation.
TRACE::2026-06-16.16:54:46::SCWMssOS::BSP is already built. skipping the bsp build ... 
TRACE::2026-06-16.16:54:46::SCWDomain::Skipping the build for domain :  standalone_domain
TRACE::2026-06-16.16:54:46::SCWMssOS::skipping the bsp build ... 
TRACE::2026-06-16.16:54:46::SCWMssOS::Copying to export directory.
TRACE::2026-06-16.16:54:46::SCWMssOS:: Checking if to create the Supporting Applications
TRACE::2026-06-16.16:54:46::SCWMssOS:: No Linux domain exists, trying to generate FSBL 
TRACE::2026-06-16.16:54:46::SCWMssOS:: Completed Standalone Artifacts creation 
LOG::2026-06-16.16:54:46::SCWSystem::Completed Processing the domain standalone_domain
LOG::2026-06-16.16:54:46::SCWSystem::Completed Processing the sysconfig platform
LOG::2026-06-16.16:54:46::SCWPlatform::Completed generating the artifacts for system configuration platform
TRACE::2026-06-16.16:54:46::SCWPlatform::Started preparing the platform 
TRACE::2026-06-16.16:54:46::SCWSystem::Writing the bif file for system config platform
TRACE::2026-06-16.16:54:46::SCWSystem::dir created 
TRACE::2026-06-16.16:54:46::SCWSystem::Writing the bif 
TRACE::2026-06-16.16:54:46::SCWPlatform::Started writing the spfm file 
TRACE::2026-06-16.16:54:46::SCWPlatform::Started writing the xpfm file 
TRACE::2026-06-16.16:54:46::SCWPlatform::Completed generating the platform
TRACE::2026-06-16.16:54:46::SCWMssOS::Saving the mss changes C:/openTCSPC3/SRC/zedboard_real_microscope/vitis/platform/zynq_fsbl/zynq_fsbl_bsp/system.mss
TRACE::2026-06-16.16:54:46::SCWMssOS::Found a swdesign opened with the mssfile.
TRACE::2026-06-16.16:54:46::SCWMssOS::Completed writemss as part of save.
TRACE::2026-06-16.16:54:46::SCWMssOS::Commit changes completed.
TRACE::2026-06-16.16:54:46::SCWMssOS::Saving the mss changes C:/openTCSPC3/SRC/zedboard_real_microscope/vitis/platform/ps7_cortexa9_0/standalone_domain/bsp/system.mss
TRACE::2026-06-16.16:54:46::SCWMssOS::Found a swdesign opened with the mssfile.
TRACE::2026-06-16.16:54:46::SCWMssOS::Completed writemss as part of save.
TRACE::2026-06-16.16:54:46::SCWMssOS::Commit changes completed.
TRACE::2026-06-16.16:54:46::SCWPlatform::Trying to open the hw design at C:/openTCSPC3/SRC/zedboard_real_microscope/vitis/platform/hw/zedboard_real_microscope_wrapper.xsa
TRACE::2026-06-16.16:54:46::SCWPlatform::DSA given C:/openTCSPC3/SRC/zedboard_real_microscope/vitis/platform/hw/zedboard_real_microscope_wrapper.xsa
TRACE::2026-06-16.16:54:46::SCWPlatform::DSA absoulate path C:/openTCSPC3/SRC/zedboard_real_microscope/vitis/platform/hw/zedboard_real_microscope_wrapper.xsa
TRACE::2026-06-16.16:54:46::SCWPlatform::DSA directory C:/openTCSPC3/SRC/zedboard_real_microscope/vitis/platform/hw
TRACE::2026-06-16.16:54:46::SCWPlatform:: Platform Path C:/openTCSPC3/SRC/zedboard_real_microscope/vitis/platform/hw/zedboard_real_microscope_wrapper.xsa
TRACE::2026-06-16.16:54:46::SCWPlatform:: Unique name xilinx:zedboard::0.0
TRACE::2026-06-16.16:54:46::SCWPlatform::Trying to set the existing hwdb with name zedboard_real_microscope_wrapper_0
TRACE::2026-06-16.16:54:46::SCWPlatform::Opened existing hwdb zedboard_real_microscope_wrapper_0
TRACE::2026-06-16.16:54:46::SCWPlatform::Found the Hw Db part of the input DSA
TRACE::2026-06-16.16:54:46::SCWMssOS::Checking the sw design at  C:/openTCSPC3/SRC/zedboard_real_microscope/vitis/platform/zynq_fsbl/zynq_fsbl_bsp/system.mss
TRACE::2026-06-16.16:54:46::SCWMssOS::DEBUG:  swdes dump  C:/openTCSPC3/SRC/zedboard_real_microscope/vitis/platform/ps7_cortexa9_0/standalone_domain/bsp/system.mss|system_0||
C:/openTCSPC3/SRC/zedboard_real_microscope/vitis/platform/zynq_fsbl/zynq_fsbl_bsp/system.mss|system||

TRACE::2026-06-16.16:54:46::SCWMssOS::Sw design exists and opened at  C:/openTCSPC3/SRC/zedboard_real_microscope/vitis/platform/zynq_fsbl/zynq_fsbl_bsp/system.mss
TRACE::2026-06-16.16:54:46::SCWPlatform::Trying to open the hw design at C:/openTCSPC3/SRC/zedboard_real_microscope/vitis/platform/hw/zedboard_real_microscope_wrapper.xsa
TRACE::2026-06-16.16:54:46::SCWPlatform::DSA given C:/openTCSPC3/SRC/zedboard_real_microscope/vitis/platform/hw/zedboard_real_microscope_wrapper.xsa
TRACE::2026-06-16.16:54:46::SCWPlatform::DSA absoulate path C:/openTCSPC3/SRC/zedboard_real_microscope/vitis/platform/hw/zedboard_real_microscope_wrapper.xsa
TRACE::2026-06-16.16:54:46::SCWPlatform::DSA directory C:/openTCSPC3/SRC/zedboard_real_microscope/vitis/platform/hw
TRACE::2026-06-16.16:54:46::SCWPlatform:: Platform Path C:/openTCSPC3/SRC/zedboard_real_microscope/vitis/platform/hw/zedboard_real_microscope_wrapper.xsa
TRACE::2026-06-16.16:54:46::SCWPlatform:: Unique name xilinx:zedboard::0.0
TRACE::2026-06-16.16:54:46::SCWPlatform::Trying to set the existing hwdb with name zedboard_real_microscope_wrapper_0
TRACE::2026-06-16.16:54:46::SCWPlatform::Opened existing hwdb zedboard_real_microscope_wrapper_0
TRACE::2026-06-16.16:54:46::SCWPlatform::Found the Hw Db part of the input DSA
TRACE::2026-06-16.16:54:46::SCWMssOS::Checking the sw design at  C:/openTCSPC3/SRC/zedboard_real_microscope/vitis/platform/zynq_fsbl/zynq_fsbl_bsp/system.mss
TRACE::2026-06-16.16:54:46::SCWMssOS::DEBUG:  swdes dump  C:/openTCSPC3/SRC/zedboard_real_microscope/vitis/platform/ps7_cortexa9_0/standalone_domain/bsp/system.mss|system_0||
C:/openTCSPC3/SRC/zedboard_real_microscope/vitis/platform/zynq_fsbl/zynq_fsbl_bsp/system.mss|system||

TRACE::2026-06-16.16:54:46::SCWMssOS::Sw design exists and opened at  C:/openTCSPC3/SRC/zedboard_real_microscope/vitis/platform/zynq_fsbl/zynq_fsbl_bsp/system.mss
TRACE::2026-06-16.16:54:46::SCWPlatform::Trying to open the hw design at C:/openTCSPC3/SRC/zedboard_real_microscope/vitis/platform/hw/zedboard_real_microscope_wrapper.xsa
TRACE::2026-06-16.16:54:46::SCWPlatform::DSA given C:/openTCSPC3/SRC/zedboard_real_microscope/vitis/platform/hw/zedboard_real_microscope_wrapper.xsa
TRACE::2026-06-16.16:54:46::SCWPlatform::DSA absoulate path C:/openTCSPC3/SRC/zedboard_real_microscope/vitis/platform/hw/zedboard_real_microscope_wrapper.xsa
TRACE::2026-06-16.16:54:46::SCWPlatform::DSA directory C:/openTCSPC3/SRC/zedboard_real_microscope/vitis/platform/hw
TRACE::2026-06-16.16:54:46::SCWPlatform:: Platform Path C:/openTCSPC3/SRC/zedboard_real_microscope/vitis/platform/hw/zedboard_real_microscope_wrapper.xsa
TRACE::2026-06-16.16:54:46::SCWPlatform:: Unique name xilinx:zedboard::0.0
TRACE::2026-06-16.16:54:46::SCWPlatform::Trying to set the existing hwdb with name zedboard_real_microscope_wrapper_0
TRACE::2026-06-16.16:54:46::SCWPlatform::Opened existing hwdb zedboard_real_microscope_wrapper_0
TRACE::2026-06-16.16:54:46::SCWPlatform::Found the Hw Db part of the input DSA
TRACE::2026-06-16.16:54:46::SCWMssOS::Checking the sw design at  C:/openTCSPC3/SRC/zedboard_real_microscope/vitis/platform/zynq_fsbl/zynq_fsbl_bsp/system.mss
TRACE::2026-06-16.16:54:46::SCWMssOS::DEBUG:  swdes dump  C:/openTCSPC3/SRC/zedboard_real_microscope/vitis/platform/ps7_cortexa9_0/standalone_domain/bsp/system.mss|system_0||
C:/openTCSPC3/SRC/zedboard_real_microscope/vitis/platform/zynq_fsbl/zynq_fsbl_bsp/system.mss|system||

TRACE::2026-06-16.16:54:46::SCWMssOS::Sw design exists and opened at  C:/openTCSPC3/SRC/zedboard_real_microscope/vitis/platform/zynq_fsbl/zynq_fsbl_bsp/system.mss
TRACE::2026-06-16.16:54:46::SCWPlatform::Trying to open the hw design at C:/openTCSPC3/SRC/zedboard_real_microscope/vitis/platform/hw/zedboard_real_microscope_wrapper.xsa
TRACE::2026-06-16.16:54:46::SCWPlatform::DSA given C:/openTCSPC3/SRC/zedboard_real_microscope/vitis/platform/hw/zedboard_real_microscope_wrapper.xsa
TRACE::2026-06-16.16:54:46::SCWPlatform::DSA absoulate path C:/openTCSPC3/SRC/zedboard_real_microscope/vitis/platform/hw/zedboard_real_microscope_wrapper.xsa
TRACE::2026-06-16.16:54:46::SCWPlatform::DSA directory C:/openTCSPC3/SRC/zedboard_real_microscope/vitis/platform/hw
TRACE::2026-06-16.16:54:46::SCWPlatform:: Platform Path C:/openTCSPC3/SRC/zedboard_real_microscope/vitis/platform/hw/zedboard_real_microscope_wrapper.xsa
TRACE::2026-06-16.16:54:46::SCWPlatform:: Unique name xilinx:zedboard::0.0
TRACE::2026-06-16.16:54:46::SCWPlatform::Trying to set the existing hwdb with name zedboard_real_microscope_wrapper_0
TRACE::2026-06-16.16:54:46::SCWPlatform::Opened existing hwdb zedboard_real_microscope_wrapper_0
TRACE::2026-06-16.16:54:46::SCWPlatform::Found the Hw Db part of the input DSA
TRACE::2026-06-16.16:54:46::SCWMssOS::Checking the sw design at  C:/openTCSPC3/SRC/zedboard_real_microscope/vitis/platform/ps7_cortexa9_0/standalone_domain/bsp/system.mss
TRACE::2026-06-16.16:54:46::SCWMssOS::DEBUG:  swdes dump  C:/openTCSPC3/SRC/zedboard_real_microscope/vitis/platform/ps7_cortexa9_0/standalone_domain/bsp/system.mss|system_0||
C:/openTCSPC3/SRC/zedboard_real_microscope/vitis/platform/zynq_fsbl/zynq_fsbl_bsp/system.mss|system||

TRACE::2026-06-16.16:54:46::SCWMssOS::Sw design exists and opened at  C:/openTCSPC3/SRC/zedboard_real_microscope/vitis/platform/ps7_cortexa9_0/standalone_domain/bsp/system.mss
TRACE::2026-06-16.16:54:46::SCWPlatform::Trying to open the hw design at C:/openTCSPC3/SRC/zedboard_real_microscope/vitis/platform/hw/zedboard_real_microscope_wrapper.xsa
TRACE::2026-06-16.16:54:46::SCWPlatform::DSA given C:/openTCSPC3/SRC/zedboard_real_microscope/vitis/platform/hw/zedboard_real_microscope_wrapper.xsa
TRACE::2026-06-16.16:54:46::SCWPlatform::DSA absoulate path C:/openTCSPC3/SRC/zedboard_real_microscope/vitis/platform/hw/zedboard_real_microscope_wrapper.xsa
TRACE::2026-06-16.16:54:46::SCWPlatform::DSA directory C:/openTCSPC3/SRC/zedboard_real_microscope/vitis/platform/hw
TRACE::2026-06-16.16:54:46::SCWPlatform:: Platform Path C:/openTCSPC3/SRC/zedboard_real_microscope/vitis/platform/hw/zedboard_real_microscope_wrapper.xsa
TRACE::2026-06-16.16:54:46::SCWPlatform:: Unique name xilinx:zedboard::0.0
TRACE::2026-06-16.16:54:46::SCWPlatform::Trying to set the existing hwdb with name zedboard_real_microscope_wrapper_0
TRACE::2026-06-16.16:54:46::SCWPlatform::Opened existing hwdb zedboard_real_microscope_wrapper_0
TRACE::2026-06-16.16:54:46::SCWPlatform::Found the Hw Db part of the input DSA
TRACE::2026-06-16.16:54:46::SCWMssOS::Checking the sw design at  C:/openTCSPC3/SRC/zedboard_real_microscope/vitis/platform/ps7_cortexa9_0/standalone_domain/bsp/system.mss
TRACE::2026-06-16.16:54:46::SCWMssOS::DEBUG:  swdes dump  C:/openTCSPC3/SRC/zedboard_real_microscope/vitis/platform/ps7_cortexa9_0/standalone_domain/bsp/system.mss|system_0||
C:/openTCSPC3/SRC/zedboard_real_microscope/vitis/platform/zynq_fsbl/zynq_fsbl_bsp/system.mss|system||

TRACE::2026-06-16.16:54:46::SCWMssOS::Sw design exists and opened at  C:/openTCSPC3/SRC/zedboard_real_microscope/vitis/platform/ps7_cortexa9_0/standalone_domain/bsp/system.mss
TRACE::2026-06-16.16:54:46::SCWPlatform::Trying to open the hw design at C:/openTCSPC3/SRC/zedboard_real_microscope/vitis/platform/hw/zedboard_real_microscope_wrapper.xsa
TRACE::2026-06-16.16:54:46::SCWPlatform::DSA given C:/openTCSPC3/SRC/zedboard_real_microscope/vitis/platform/hw/zedboard_real_microscope_wrapper.xsa
TRACE::2026-06-16.16:54:46::SCWPlatform::DSA absoulate path C:/openTCSPC3/SRC/zedboard_real_microscope/vitis/platform/hw/zedboard_real_microscope_wrapper.xsa
TRACE::2026-06-16.16:54:46::SCWPlatform::DSA directory C:/openTCSPC3/SRC/zedboard_real_microscope/vitis/platform/hw
TRACE::2026-06-16.16:54:46::SCWPlatform:: Platform Path C:/openTCSPC3/SRC/zedboard_real_microscope/vitis/platform/hw/zedboard_real_microscope_wrapper.xsa
TRACE::2026-06-16.16:54:46::SCWPlatform:: Unique name xilinx:zedboard::0.0
TRACE::2026-06-16.16:54:46::SCWPlatform::Trying to set the existing hwdb with name zedboard_real_microscope_wrapper_0
TRACE::2026-06-16.16:54:46::SCWPlatform::Opened existing hwdb zedboard_real_microscope_wrapper_0
TRACE::2026-06-16.16:54:46::SCWPlatform::Found the Hw Db part of the input DSA
TRACE::2026-06-16.16:54:46::SCWMssOS::Checking the sw design at  C:/openTCSPC3/SRC/zedboard_real_microscope/vitis/platform/ps7_cortexa9_0/standalone_domain/bsp/system.mss
TRACE::2026-06-16.16:54:46::SCWMssOS::DEBUG:  swdes dump  C:/openTCSPC3/SRC/zedboard_real_microscope/vitis/platform/ps7_cortexa9_0/standalone_domain/bsp/system.mss|system_0||
C:/openTCSPC3/SRC/zedboard_real_microscope/vitis/platform/zynq_fsbl/zynq_fsbl_bsp/system.mss|system||

TRACE::2026-06-16.16:54:46::SCWMssOS::Sw design exists and opened at  C:/openTCSPC3/SRC/zedboard_real_microscope/vitis/platform/ps7_cortexa9_0/standalone_domain/bsp/system.mss
TRACE::2026-06-16.16:54:46::SCWWriter::formatted JSON is {
	"platformName":	"platform",
	"sprVersion":	"2.0",
	"mode":	"gui",
	"dsaType":	"Fixed",
	"platformDesc":	"platform",
	"platHandOff":	"C:/openTCSPC3/SRC/zedboard_real_microscope/vitis/zedboard_real_microscope_wrapper.xsa",
	"platIntHandOff":	"<platformDir>/hw/zedboard_real_microscope_wrapper.xsa",
	"deviceType":	"zynq",
	"platIsPrebuiltAutogen":	"false",
	"platIsNoBootBsp":	"false",
	"platFsblTarget":	"ps7_cortexa9_0",
	"hasFsblMakeHasChanges":	"false",
	"hasPmufwMakeHasChanges":	"false",
	"fsblExtraCompilerFlags":	"-MMD -MP       -mcpu=cortex-a9 -mfpu=vfpv3 -mfloat-abi=hard ",
	"platPreBuiltFlag":	false,
	"platformSamplesDir":	"",
	"platActiveSys":	"platform",
	"systems":	[{
			"systemName":	"platform",
			"systemDesc":	"platform",
			"sysIsBootAutoGen":	"true",
			"systemDispName":	"platform",
			"sysActiveDom":	"standalone_domain",
			"sysDefaultDom":	"standalone_domain",
			"domains":	[{
					"domainName":	"zynq_fsbl",
					"domainDispName":	"zynq_fsbl",
					"domainDesc":	"FSBL Application BSP - Auto Generated.",
					"processors":	"ps7_cortexa9_0",
					"os":	"standalone",
					"sdxOs":	"standalone",
					"debugEnable":	"",
					"domRuntimes":	["cpp"],
					"swRepo":	"",
					"mssOsVer":	"9.2",
					"mssFile":	"",
					"md5Digest":	"a9071a011478c87067468cbf8357a083",
					"compatibleApp":	"zynq_fsbl",
					"domType":	"bootDomain",
					"arch":	"32-bit",
					"appSettings":	{
						"appCompilerFlags":	"",
						"appLinkerFlags":	""
					},
					"addedLibs":	["xilffs:5.3", "xilrsa:1.8"],
					"libOptions":	{
						"libsContainingOptions":	[]
					},
					"prebuiltLibs":	{
						"prebuiltIncPath":	[],
						"prebuiltLibPath":	[]
					},
					"isolation":	{
					}
				}, {
					"domainName":	"standalone_domain",
					"domainDispName":	"standalone_domain",
					"domainDesc":	"standalone_domain",
					"processors":	"ps7_cortexa9_0",
					"os":	"standalone",
					"sdxOs":	"standalone",
					"qemuArgs":	"<platformDir>/resources/platform/standalone_domain/qemu_args.txt",
					"qemuData":	"<platformDir>/resources/platform/standalone_domain/qemu",
					"debugEnable":	"False",
					"domRuntimes":	["cpp"],
					"swRepo":	"",
					"mssOsVer":	"9.2",
					"mssFile":	"",
					"md5Digest":	"b7c04fadbfe58eb2f640582f5b7f6446",
					"compatibleApp":	"",
					"domType":	"mssDomain",
					"appSettings":	{
						"appCompilerFlags":	"",
						"appLinkerFlags":	""
					},
					"addedLibs":	[],
					"libOptions":	{
						"libsContainingOptions":	[]
					},
					"prebuiltLibs":	{
						"prebuiltIncPath":	[],
						"prebuiltLibPath":	[]
					},
					"isolation":	{
					}
				}]
		}]
}
KEYINFO::2026-06-16.16:54:46::SCWPlatform::updated the xpfm file.
TRACE::2026-06-16.16:54:46::SCWPlatform::Trying to open the hw design at C:/openTCSPC3/SRC/zedboard_real_microscope/vitis/platform/hw/zedboard_real_microscope_wrapper.xsa
TRACE::2026-06-16.16:54:46::SCWPlatform::DSA given C:/openTCSPC3/SRC/zedboard_real_microscope/vitis/platform/hw/zedboard_real_microscope_wrapper.xsa
TRACE::2026-06-16.16:54:46::SCWPlatform::DSA absoulate path C:/openTCSPC3/SRC/zedboard_real_microscope/vitis/platform/hw/zedboard_real_microscope_wrapper.xsa
TRACE::2026-06-16.16:54:46::SCWPlatform::DSA directory C:/openTCSPC3/SRC/zedboard_real_microscope/vitis/platform/hw
TRACE::2026-06-16.16:54:46::SCWPlatform:: Platform Path C:/openTCSPC3/SRC/zedboard_real_microscope/vitis/platform/hw/zedboard_real_microscope_wrapper.xsa
TRACE::2026-06-16.16:54:46::SCWPlatform:: Unique name xilinx:zedboard::0.0
TRACE::2026-06-16.16:54:46::SCWPlatform::Trying to set the existing hwdb with name zedboard_real_microscope_wrapper_0
TRACE::2026-06-16.16:54:46::SCWPlatform::Opened existing hwdb zedboard_real_microscope_wrapper_0
TRACE::2026-06-16.16:54:46::SCWPlatform::Found the Hw Db part of the input DSA
TRACE::2026-06-16.16:54:46::SCWMssOS::Checking the sw design at  C:/openTCSPC3/SRC/zedboard_real_microscope/vitis/platform/ps7_cortexa9_0/standalone_domain/bsp/system.mss
TRACE::2026-06-16.16:54:46::SCWMssOS::DEBUG:  swdes dump  C:/openTCSPC3/SRC/zedboard_real_microscope/vitis/platform/ps7_cortexa9_0/standalone_domain/bsp/system.mss|system_0||
C:/openTCSPC3/SRC/zedboard_real_microscope/vitis/platform/zynq_fsbl/zynq_fsbl_bsp/system.mss|system||

TRACE::2026-06-16.16:54:46::SCWMssOS::Sw design exists and opened at  C:/openTCSPC3/SRC/zedboard_real_microscope/vitis/platform/ps7_cortexa9_0/standalone_domain/bsp/system.mss
TRACE::2026-06-16.16:54:46::SCWMssOS::Saving the mss changes C:/openTCSPC3/SRC/zedboard_real_microscope/vitis/platform/zynq_fsbl/zynq_fsbl_bsp/system.mss
TRACE::2026-06-16.16:54:46::SCWMssOS::Found a swdesign opened with the mssfile.
TRACE::2026-06-16.16:54:46::SCWMssOS::Completed writemss as part of save.
TRACE::2026-06-16.16:54:46::SCWMssOS::Commit changes completed.
TRACE::2026-06-16.16:54:46::SCWMssOS::Saving the mss changes C:/openTCSPC3/SRC/zedboard_real_microscope/vitis/platform/ps7_cortexa9_0/standalone_domain/bsp/system.mss
TRACE::2026-06-16.16:54:46::SCWMssOS::Found a swdesign opened with the mssfile.
TRACE::2026-06-16.16:54:46::SCWMssOS::Completed writemss as part of save.
TRACE::2026-06-16.16:54:46::SCWMssOS::Commit changes completed.
TRACE::2026-06-16.16:54:46::SCWPlatform::Trying to open the hw design at C:/openTCSPC3/SRC/zedboard_real_microscope/vitis/platform/hw/zedboard_real_microscope_wrapper.xsa
TRACE::2026-06-16.16:54:46::SCWPlatform::DSA given C:/openTCSPC3/SRC/zedboard_real_microscope/vitis/platform/hw/zedboard_real_microscope_wrapper.xsa
TRACE::2026-06-16.16:54:46::SCWPlatform::DSA absoulate path C:/openTCSPC3/SRC/zedboard_real_microscope/vitis/platform/hw/zedboard_real_microscope_wrapper.xsa
TRACE::2026-06-16.16:54:46::SCWPlatform::DSA directory C:/openTCSPC3/SRC/zedboard_real_microscope/vitis/platform/hw
TRACE::2026-06-16.16:54:46::SCWPlatform:: Platform Path C:/openTCSPC3/SRC/zedboard_real_microscope/vitis/platform/hw/zedboard_real_microscope_wrapper.xsa
TRACE::2026-06-16.16:54:46::SCWPlatform:: Unique name xilinx:zedboard::0.0
TRACE::2026-06-16.16:54:46::SCWPlatform::Trying to set the existing hwdb with name zedboard_real_microscope_wrapper_0
TRACE::2026-06-16.16:54:46::SCWPlatform::Opened existing hwdb zedboard_real_microscope_wrapper_0
TRACE::2026-06-16.16:54:46::SCWPlatform::Found the Hw Db part of the input DSA
TRACE::2026-06-16.16:54:46::SCWMssOS::Checking the sw design at  C:/openTCSPC3/SRC/zedboard_real_microscope/vitis/platform/zynq_fsbl/zynq_fsbl_bsp/system.mss
TRACE::2026-06-16.16:54:46::SCWMssOS::DEBUG:  swdes dump  C:/openTCSPC3/SRC/zedboard_real_microscope/vitis/platform/ps7_cortexa9_0/standalone_domain/bsp/system.mss|system_0||
C:/openTCSPC3/SRC/zedboard_real_microscope/vitis/platform/zynq_fsbl/zynq_fsbl_bsp/system.mss|system||

TRACE::2026-06-16.16:54:46::SCWMssOS::Sw design exists and opened at  C:/openTCSPC3/SRC/zedboard_real_microscope/vitis/platform/zynq_fsbl/zynq_fsbl_bsp/system.mss
TRACE::2026-06-16.16:54:46::SCWPlatform::Trying to open the hw design at C:/openTCSPC3/SRC/zedboard_real_microscope/vitis/platform/hw/zedboard_real_microscope_wrapper.xsa
TRACE::2026-06-16.16:54:46::SCWPlatform::DSA given C:/openTCSPC3/SRC/zedboard_real_microscope/vitis/platform/hw/zedboard_real_microscope_wrapper.xsa
TRACE::2026-06-16.16:54:46::SCWPlatform::DSA absoulate path C:/openTCSPC3/SRC/zedboard_real_microscope/vitis/platform/hw/zedboard_real_microscope_wrapper.xsa
TRACE::2026-06-16.16:54:46::SCWPlatform::DSA directory C:/openTCSPC3/SRC/zedboard_real_microscope/vitis/platform/hw
TRACE::2026-06-16.16:54:46::SCWPlatform:: Platform Path C:/openTCSPC3/SRC/zedboard_real_microscope/vitis/platform/hw/zedboard_real_microscope_wrapper.xsa
TRACE::2026-06-16.16:54:46::SCWPlatform:: Unique name xilinx:zedboard::0.0
TRACE::2026-06-16.16:54:46::SCWPlatform::Trying to set the existing hwdb with name zedboard_real_microscope_wrapper_0
TRACE::2026-06-16.16:54:46::SCWPlatform::Opened existing hwdb zedboard_real_microscope_wrapper_0
TRACE::2026-06-16.16:54:46::SCWPlatform::Found the Hw Db part of the input DSA
TRACE::2026-06-16.16:54:46::SCWMssOS::Checking the sw design at  C:/openTCSPC3/SRC/zedboard_real_microscope/vitis/platform/zynq_fsbl/zynq_fsbl_bsp/system.mss
TRACE::2026-06-16.16:54:46::SCWMssOS::DEBUG:  swdes dump  C:/openTCSPC3/SRC/zedboard_real_microscope/vitis/platform/ps7_cortexa9_0/standalone_domain/bsp/system.mss|system_0||
C:/openTCSPC3/SRC/zedboard_real_microscope/vitis/platform/zynq_fsbl/zynq_fsbl_bsp/system.mss|system||

TRACE::2026-06-16.16:54:46::SCWMssOS::Sw design exists and opened at  C:/openTCSPC3/SRC/zedboard_real_microscope/vitis/platform/zynq_fsbl/zynq_fsbl_bsp/system.mss
TRACE::2026-06-16.16:54:46::SCWPlatform::Trying to open the hw design at C:/openTCSPC3/SRC/zedboard_real_microscope/vitis/platform/hw/zedboard_real_microscope_wrapper.xsa
TRACE::2026-06-16.16:54:46::SCWPlatform::DSA given C:/openTCSPC3/SRC/zedboard_real_microscope/vitis/platform/hw/zedboard_real_microscope_wrapper.xsa
TRACE::2026-06-16.16:54:46::SCWPlatform::DSA absoulate path C:/openTCSPC3/SRC/zedboard_real_microscope/vitis/platform/hw/zedboard_real_microscope_wrapper.xsa
TRACE::2026-06-16.16:54:46::SCWPlatform::DSA directory C:/openTCSPC3/SRC/zedboard_real_microscope/vitis/platform/hw
TRACE::2026-06-16.16:54:46::SCWPlatform:: Platform Path C:/openTCSPC3/SRC/zedboard_real_microscope/vitis/platform/hw/zedboard_real_microscope_wrapper.xsa
TRACE::2026-06-16.16:54:46::SCWPlatform:: Unique name xilinx:zedboard::0.0
TRACE::2026-06-16.16:54:46::SCWPlatform::Trying to set the existing hwdb with name zedboard_real_microscope_wrapper_0
TRACE::2026-06-16.16:54:46::SCWPlatform::Opened existing hwdb zedboard_real_microscope_wrapper_0
TRACE::2026-06-16.16:54:46::SCWPlatform::Found the Hw Db part of the input DSA
TRACE::2026-06-16.16:54:46::SCWMssOS::Checking the sw design at  C:/openTCSPC3/SRC/zedboard_real_microscope/vitis/platform/zynq_fsbl/zynq_fsbl_bsp/system.mss
TRACE::2026-06-16.16:54:46::SCWMssOS::DEBUG:  swdes dump  C:/openTCSPC3/SRC/zedboard_real_microscope/vitis/platform/ps7_cortexa9_0/standalone_domain/bsp/system.mss|system_0||
C:/openTCSPC3/SRC/zedboard_real_microscope/vitis/platform/zynq_fsbl/zynq_fsbl_bsp/system.mss|system||

TRACE::2026-06-16.16:54:46::SCWMssOS::Sw design exists and opened at  C:/openTCSPC3/SRC/zedboard_real_microscope/vitis/platform/zynq_fsbl/zynq_fsbl_bsp/system.mss
TRACE::2026-06-16.16:54:46::SCWPlatform::Trying to open the hw design at C:/openTCSPC3/SRC/zedboard_real_microscope/vitis/platform/hw/zedboard_real_microscope_wrapper.xsa
TRACE::2026-06-16.16:54:46::SCWPlatform::DSA given C:/openTCSPC3/SRC/zedboard_real_microscope/vitis/platform/hw/zedboard_real_microscope_wrapper.xsa
TRACE::2026-06-16.16:54:46::SCWPlatform::DSA absoulate path C:/openTCSPC3/SRC/zedboard_real_microscope/vitis/platform/hw/zedboard_real_microscope_wrapper.xsa
TRACE::2026-06-16.16:54:46::SCWPlatform::DSA directory C:/openTCSPC3/SRC/zedboard_real_microscope/vitis/platform/hw
TRACE::2026-06-16.16:54:46::SCWPlatform:: Platform Path C:/openTCSPC3/SRC/zedboard_real_microscope/vitis/platform/hw/zedboard_real_microscope_wrapper.xsa
TRACE::2026-06-16.16:54:46::SCWPlatform:: Unique name xilinx:zedboard::0.0
TRACE::2026-06-16.16:54:46::SCWPlatform::Trying to set the existing hwdb with name zedboard_real_microscope_wrapper_0
TRACE::2026-06-16.16:54:46::SCWPlatform::Opened existing hwdb zedboard_real_microscope_wrapper_0
TRACE::2026-06-16.16:54:46::SCWPlatform::Found the Hw Db part of the input DSA
TRACE::2026-06-16.16:54:46::SCWMssOS::Checking the sw design at  C:/openTCSPC3/SRC/zedboard_real_microscope/vitis/platform/ps7_cortexa9_0/standalone_domain/bsp/system.mss
TRACE::2026-06-16.16:54:46::SCWMssOS::DEBUG:  swdes dump  C:/openTCSPC3/SRC/zedboard_real_microscope/vitis/platform/ps7_cortexa9_0/standalone_domain/bsp/system.mss|system_0||
C:/openTCSPC3/SRC/zedboard_real_microscope/vitis/platform/zynq_fsbl/zynq_fsbl_bsp/system.mss|system||

TRACE::2026-06-16.16:54:46::SCWMssOS::Sw design exists and opened at  C:/openTCSPC3/SRC/zedboard_real_microscope/vitis/platform/ps7_cortexa9_0/standalone_domain/bsp/system.mss
TRACE::2026-06-16.16:54:46::SCWPlatform::Trying to open the hw design at C:/openTCSPC3/SRC/zedboard_real_microscope/vitis/platform/hw/zedboard_real_microscope_wrapper.xsa
TRACE::2026-06-16.16:54:46::SCWPlatform::DSA given C:/openTCSPC3/SRC/zedboard_real_microscope/vitis/platform/hw/zedboard_real_microscope_wrapper.xsa
TRACE::2026-06-16.16:54:46::SCWPlatform::DSA absoulate path C:/openTCSPC3/SRC/zedboard_real_microscope/vitis/platform/hw/zedboard_real_microscope_wrapper.xsa
TRACE::2026-06-16.16:54:46::SCWPlatform::DSA directory C:/openTCSPC3/SRC/zedboard_real_microscope/vitis/platform/hw
TRACE::2026-06-16.16:54:46::SCWPlatform:: Platform Path C:/openTCSPC3/SRC/zedboard_real_microscope/vitis/platform/hw/zedboard_real_microscope_wrapper.xsa
TRACE::2026-06-16.16:54:46::SCWPlatform:: Unique name xilinx:zedboard::0.0
TRACE::2026-06-16.16:54:46::SCWPlatform::Trying to set the existing hwdb with name zedboard_real_microscope_wrapper_0
TRACE::2026-06-16.16:54:46::SCWPlatform::Opened existing hwdb zedboard_real_microscope_wrapper_0
TRACE::2026-06-16.16:54:46::SCWPlatform::Found the Hw Db part of the input DSA
TRACE::2026-06-16.16:54:46::SCWMssOS::Checking the sw design at  C:/openTCSPC3/SRC/zedboard_real_microscope/vitis/platform/ps7_cortexa9_0/standalone_domain/bsp/system.mss
TRACE::2026-06-16.16:54:46::SCWMssOS::DEBUG:  swdes dump  C:/openTCSPC3/SRC/zedboard_real_microscope/vitis/platform/ps7_cortexa9_0/standalone_domain/bsp/system.mss|system_0||
C:/openTCSPC3/SRC/zedboard_real_microscope/vitis/platform/zynq_fsbl/zynq_fsbl_bsp/system.mss|system||

TRACE::2026-06-16.16:54:46::SCWMssOS::Sw design exists and opened at  C:/openTCSPC3/SRC/zedboard_real_microscope/vitis/platform/ps7_cortexa9_0/standalone_domain/bsp/system.mss
TRACE::2026-06-16.16:54:46::SCWPlatform::Trying to open the hw design at C:/openTCSPC3/SRC/zedboard_real_microscope/vitis/platform/hw/zedboard_real_microscope_wrapper.xsa
TRACE::2026-06-16.16:54:46::SCWPlatform::DSA given C:/openTCSPC3/SRC/zedboard_real_microscope/vitis/platform/hw/zedboard_real_microscope_wrapper.xsa
TRACE::2026-06-16.16:54:46::SCWPlatform::DSA absoulate path C:/openTCSPC3/SRC/zedboard_real_microscope/vitis/platform/hw/zedboard_real_microscope_wrapper.xsa
TRACE::2026-06-16.16:54:46::SCWPlatform::DSA directory C:/openTCSPC3/SRC/zedboard_real_microscope/vitis/platform/hw
TRACE::2026-06-16.16:54:46::SCWPlatform:: Platform Path C:/openTCSPC3/SRC/zedboard_real_microscope/vitis/platform/hw/zedboard_real_microscope_wrapper.xsa
TRACE::2026-06-16.16:54:46::SCWPlatform:: Unique name xilinx:zedboard::0.0
TRACE::2026-06-16.16:54:46::SCWPlatform::Trying to set the existing hwdb with name zedboard_real_microscope_wrapper_0
TRACE::2026-06-16.16:54:46::SCWPlatform::Opened existing hwdb zedboard_real_microscope_wrapper_0
TRACE::2026-06-16.16:54:46::SCWPlatform::Found the Hw Db part of the input DSA
TRACE::2026-06-16.16:54:46::SCWMssOS::Checking the sw design at  C:/openTCSPC3/SRC/zedboard_real_microscope/vitis/platform/ps7_cortexa9_0/standalone_domain/bsp/system.mss
TRACE::2026-06-16.16:54:46::SCWMssOS::DEBUG:  swdes dump  C:/openTCSPC3/SRC/zedboard_real_microscope/vitis/platform/ps7_cortexa9_0/standalone_domain/bsp/system.mss|system_0||
C:/openTCSPC3/SRC/zedboard_real_microscope/vitis/platform/zynq_fsbl/zynq_fsbl_bsp/system.mss|system||

TRACE::2026-06-16.16:54:46::SCWMssOS::Sw design exists and opened at  C:/openTCSPC3/SRC/zedboard_real_microscope/vitis/platform/ps7_cortexa9_0/standalone_domain/bsp/system.mss
TRACE::2026-06-16.16:54:46::SCWWriter::formatted JSON is {
	"platformName":	"platform",
	"sprVersion":	"2.0",
	"mode":	"gui",
	"dsaType":	"Fixed",
	"platformDesc":	"platform",
	"platHandOff":	"C:/openTCSPC3/SRC/zedboard_real_microscope/vitis/zedboard_real_microscope_wrapper.xsa",
	"platIntHandOff":	"<platformDir>/hw/zedboard_real_microscope_wrapper.xsa",
	"deviceType":	"zynq",
	"platIsPrebuiltAutogen":	"false",
	"platIsNoBootBsp":	"false",
	"platFsblTarget":	"ps7_cortexa9_0",
	"hasFsblMakeHasChanges":	"false",
	"hasPmufwMakeHasChanges":	"false",
	"fsblExtraCompilerFlags":	"-MMD -MP       -mcpu=cortex-a9 -mfpu=vfpv3 -mfloat-abi=hard ",
	"platPreBuiltFlag":	false,
	"platformSamplesDir":	"",
	"platActiveSys":	"platform",
	"systems":	[{
			"systemName":	"platform",
			"systemDesc":	"platform",
			"sysIsBootAutoGen":	"true",
			"systemDispName":	"platform",
			"sysActiveDom":	"standalone_domain",
			"sysDefaultDom":	"standalone_domain",
			"domains":	[{
					"domainName":	"zynq_fsbl",
					"domainDispName":	"zynq_fsbl",
					"domainDesc":	"FSBL Application BSP - Auto Generated.",
					"processors":	"ps7_cortexa9_0",
					"os":	"standalone",
					"sdxOs":	"standalone",
					"debugEnable":	"",
					"domRuntimes":	["cpp"],
					"swRepo":	"",
					"mssOsVer":	"9.2",
					"mssFile":	"",
					"md5Digest":	"a9071a011478c87067468cbf8357a083",
					"compatibleApp":	"zynq_fsbl",
					"domType":	"bootDomain",
					"arch":	"32-bit",
					"appSettings":	{
						"appCompilerFlags":	"",
						"appLinkerFlags":	""
					},
					"addedLibs":	["xilffs:5.3", "xilrsa:1.8"],
					"libOptions":	{
						"libsContainingOptions":	[]
					},
					"prebuiltLibs":	{
						"prebuiltIncPath":	[],
						"prebuiltLibPath":	[]
					},
					"isolation":	{
					}
				}, {
					"domainName":	"standalone_domain",
					"domainDispName":	"standalone_domain",
					"domainDesc":	"standalone_domain",
					"processors":	"ps7_cortexa9_0",
					"os":	"standalone",
					"sdxOs":	"standalone",
					"qemuArgs":	"<platformDir>/resources/platform/standalone_domain/qemu_args.txt",
					"qemuData":	"<platformDir>/resources/platform/standalone_domain/qemu",
					"debugEnable":	"False",
					"domRuntimes":	["cpp"],
					"swRepo":	"",
					"mssOsVer":	"9.2",
					"mssFile":	"",
					"md5Digest":	"b7c04fadbfe58eb2f640582f5b7f6446",
					"compatibleApp":	"",
					"domType":	"mssDomain",
					"appSettings":	{
						"appCompilerFlags":	"",
						"appLinkerFlags":	""
					},
					"addedLibs":	[],
					"libOptions":	{
						"libsContainingOptions":	[]
					},
					"prebuiltLibs":	{
						"prebuiltIncPath":	[],
						"prebuiltLibPath":	[]
					},
					"isolation":	{
					}
				}]
		}]
}
TRACE::2026-06-16.16:54:46::SCWPlatform::Trying to open the hw design at C:/openTCSPC3/SRC/zedboard_real_microscope/vitis/platform/hw/zedboard_real_microscope_wrapper.xsa
TRACE::2026-06-16.16:54:46::SCWPlatform::DSA given C:/openTCSPC3/SRC/zedboard_real_microscope/vitis/platform/hw/zedboard_real_microscope_wrapper.xsa
TRACE::2026-06-16.16:54:46::SCWPlatform::DSA absoulate path C:/openTCSPC3/SRC/zedboard_real_microscope/vitis/platform/hw/zedboard_real_microscope_wrapper.xsa
TRACE::2026-06-16.16:54:46::SCWPlatform::DSA directory C:/openTCSPC3/SRC/zedboard_real_microscope/vitis/platform/hw
TRACE::2026-06-16.16:54:46::SCWPlatform:: Platform Path C:/openTCSPC3/SRC/zedboard_real_microscope/vitis/platform/hw/zedboard_real_microscope_wrapper.xsa
TRACE::2026-06-16.16:54:46::SCWPlatform:: Unique name xilinx:zedboard::0.0
TRACE::2026-06-16.16:54:46::SCWPlatform::Trying to set the existing hwdb with name zedboard_real_microscope_wrapper_0
TRACE::2026-06-16.16:54:46::SCWPlatform::Opened existing hwdb zedboard_real_microscope_wrapper_0
TRACE::2026-06-16.16:54:46::SCWPlatform::Found the Hw Db part of the input DSA
TRACE::2026-06-16.16:54:46::SCWMssOS::Checking the sw design at  C:/openTCSPC3/SRC/zedboard_real_microscope/vitis/platform/ps7_cortexa9_0/standalone_domain/bsp/system.mss
TRACE::2026-06-16.16:54:46::SCWMssOS::DEBUG:  swdes dump  C:/openTCSPC3/SRC/zedboard_real_microscope/vitis/platform/ps7_cortexa9_0/standalone_domain/bsp/system.mss|system_0||
C:/openTCSPC3/SRC/zedboard_real_microscope/vitis/platform/zynq_fsbl/zynq_fsbl_bsp/system.mss|system||

TRACE::2026-06-16.16:54:46::SCWMssOS::Sw design exists and opened at  C:/openTCSPC3/SRC/zedboard_real_microscope/vitis/platform/ps7_cortexa9_0/standalone_domain/bsp/system.mss
TRACE::2026-06-16.16:54:46::SCWPlatform::Trying to open the hw design at C:/openTCSPC3/SRC/zedboard_real_microscope/vitis/platform/hw/zedboard_real_microscope_wrapper.xsa
TRACE::2026-06-16.16:54:46::SCWPlatform::DSA given C:/openTCSPC3/SRC/zedboard_real_microscope/vitis/platform/hw/zedboard_real_microscope_wrapper.xsa
TRACE::2026-06-16.16:54:46::SCWPlatform::DSA absoulate path C:/openTCSPC3/SRC/zedboard_real_microscope/vitis/platform/hw/zedboard_real_microscope_wrapper.xsa
TRACE::2026-06-16.16:54:46::SCWPlatform::DSA directory C:/openTCSPC3/SRC/zedboard_real_microscope/vitis/platform/hw
TRACE::2026-06-16.16:54:46::SCWPlatform:: Platform Path C:/openTCSPC3/SRC/zedboard_real_microscope/vitis/platform/hw/zedboard_real_microscope_wrapper.xsa
TRACE::2026-06-16.16:54:46::SCWPlatform:: Unique name xilinx:zedboard::0.0
TRACE::2026-06-16.16:54:46::SCWPlatform::Trying to set the existing hwdb with name zedboard_real_microscope_wrapper_0
TRACE::2026-06-16.16:54:46::SCWPlatform::Opened existing hwdb zedboard_real_microscope_wrapper_0
TRACE::2026-06-16.16:54:46::SCWPlatform::Found the Hw Db part of the input DSA
TRACE::2026-06-16.16:54:46::SCWMssOS::Checking the sw design at  C:/openTCSPC3/SRC/zedboard_real_microscope/vitis/platform/ps7_cortexa9_0/standalone_domain/bsp/system.mss
TRACE::2026-06-16.16:54:46::SCWMssOS::DEBUG:  swdes dump  C:/openTCSPC3/SRC/zedboard_real_microscope/vitis/platform/ps7_cortexa9_0/standalone_domain/bsp/system.mss|system_0||
C:/openTCSPC3/SRC/zedboard_real_microscope/vitis/platform/zynq_fsbl/zynq_fsbl_bsp/system.mss|system||

TRACE::2026-06-16.16:54:46::SCWMssOS::Sw design exists and opened at  C:/openTCSPC3/SRC/zedboard_real_microscope/vitis/platform/ps7_cortexa9_0/standalone_domain/bsp/system.mss
TRACE::2026-06-16.16:54:46::SCWPlatform::Trying to open the hw design at C:/openTCSPC3/SRC/zedboard_real_microscope/vitis/platform/hw/zedboard_real_microscope_wrapper.xsa
TRACE::2026-06-16.16:54:46::SCWPlatform::DSA given C:/openTCSPC3/SRC/zedboard_real_microscope/vitis/platform/hw/zedboard_real_microscope_wrapper.xsa
TRACE::2026-06-16.16:54:46::SCWPlatform::DSA absoulate path C:/openTCSPC3/SRC/zedboard_real_microscope/vitis/platform/hw/zedboard_real_microscope_wrapper.xsa
TRACE::2026-06-16.16:54:46::SCWPlatform::DSA directory C:/openTCSPC3/SRC/zedboard_real_microscope/vitis/platform/hw
TRACE::2026-06-16.16:54:46::SCWPlatform:: Platform Path C:/openTCSPC3/SRC/zedboard_real_microscope/vitis/platform/hw/zedboard_real_microscope_wrapper.xsa
TRACE::2026-06-16.16:54:46::SCWPlatform:: Unique name xilinx:zedboard::0.0
TRACE::2026-06-16.16:54:46::SCWPlatform::Trying to set the existing hwdb with name zedboard_real_microscope_wrapper_0
TRACE::2026-06-16.16:54:46::SCWPlatform::Opened existing hwdb zedboard_real_microscope_wrapper_0
TRACE::2026-06-16.16:54:46::SCWPlatform::Found the Hw Db part of the input DSA
TRACE::2026-06-16.16:54:46::SCWMssOS::Checking the sw design at  C:/openTCSPC3/SRC/zedboard_real_microscope/vitis/platform/ps7_cortexa9_0/standalone_domain/bsp/system.mss
TRACE::2026-06-16.16:54:46::SCWMssOS::DEBUG:  swdes dump  C:/openTCSPC3/SRC/zedboard_real_microscope/vitis/platform/ps7_cortexa9_0/standalone_domain/bsp/system.mss|system_0||
C:/openTCSPC3/SRC/zedboard_real_microscope/vitis/platform/zynq_fsbl/zynq_fsbl_bsp/system.mss|system||

TRACE::2026-06-16.16:54:46::SCWMssOS::Sw design exists and opened at  C:/openTCSPC3/SRC/zedboard_real_microscope/vitis/platform/ps7_cortexa9_0/standalone_domain/bsp/system.mss
TRACE::2026-06-16.16:54:46::SCWMssOS::Saving the mss changes C:/openTCSPC3/SRC/zedboard_real_microscope/vitis/platform/zynq_fsbl/zynq_fsbl_bsp/system.mss
TRACE::2026-06-16.16:54:46::SCWMssOS::Found a swdesign opened with the mssfile.
TRACE::2026-06-16.16:54:46::SCWMssOS::Completed writemss as part of save.
TRACE::2026-06-16.16:54:46::SCWMssOS::Commit changes completed.
TRACE::2026-06-16.16:54:46::SCWMssOS::Saving the mss changes C:/openTCSPC3/SRC/zedboard_real_microscope/vitis/platform/ps7_cortexa9_0/standalone_domain/bsp/system.mss
TRACE::2026-06-16.16:54:46::SCWMssOS::Found a swdesign opened with the mssfile.
TRACE::2026-06-16.16:54:46::SCWMssOS::Completed writemss as part of save.
TRACE::2026-06-16.16:54:46::SCWMssOS::Commit changes completed.
TRACE::2026-06-16.16:54:46::SCWPlatform::Trying to open the hw design at C:/openTCSPC3/SRC/zedboard_real_microscope/vitis/platform/hw/zedboard_real_microscope_wrapper.xsa
TRACE::2026-06-16.16:54:46::SCWPlatform::DSA given C:/openTCSPC3/SRC/zedboard_real_microscope/vitis/platform/hw/zedboard_real_microscope_wrapper.xsa
TRACE::2026-06-16.16:54:46::SCWPlatform::DSA absoulate path C:/openTCSPC3/SRC/zedboard_real_microscope/vitis/platform/hw/zedboard_real_microscope_wrapper.xsa
TRACE::2026-06-16.16:54:46::SCWPlatform::DSA directory C:/openTCSPC3/SRC/zedboard_real_microscope/vitis/platform/hw
TRACE::2026-06-16.16:54:46::SCWPlatform:: Platform Path C:/openTCSPC3/SRC/zedboard_real_microscope/vitis/platform/hw/zedboard_real_microscope_wrapper.xsa
TRACE::2026-06-16.16:54:46::SCWPlatform:: Unique name xilinx:zedboard::0.0
TRACE::2026-06-16.16:54:46::SCWPlatform::Trying to set the existing hwdb with name zedboard_real_microscope_wrapper_0
TRACE::2026-06-16.16:54:46::SCWPlatform::Opened existing hwdb zedboard_real_microscope_wrapper_0
TRACE::2026-06-16.16:54:46::SCWPlatform::Found the Hw Db part of the input DSA
TRACE::2026-06-16.16:54:46::SCWMssOS::Checking the sw design at  C:/openTCSPC3/SRC/zedboard_real_microscope/vitis/platform/zynq_fsbl/zynq_fsbl_bsp/system.mss
TRACE::2026-06-16.16:54:46::SCWMssOS::DEBUG:  swdes dump  C:/openTCSPC3/SRC/zedboard_real_microscope/vitis/platform/ps7_cortexa9_0/standalone_domain/bsp/system.mss|system_0||
C:/openTCSPC3/SRC/zedboard_real_microscope/vitis/platform/zynq_fsbl/zynq_fsbl_bsp/system.mss|system||

TRACE::2026-06-16.16:54:46::SCWMssOS::Sw design exists and opened at  C:/openTCSPC3/SRC/zedboard_real_microscope/vitis/platform/zynq_fsbl/zynq_fsbl_bsp/system.mss
TRACE::2026-06-16.16:54:46::SCWPlatform::Trying to open the hw design at C:/openTCSPC3/SRC/zedboard_real_microscope/vitis/platform/hw/zedboard_real_microscope_wrapper.xsa
TRACE::2026-06-16.16:54:46::SCWPlatform::DSA given C:/openTCSPC3/SRC/zedboard_real_microscope/vitis/platform/hw/zedboard_real_microscope_wrapper.xsa
TRACE::2026-06-16.16:54:46::SCWPlatform::DSA absoulate path C:/openTCSPC3/SRC/zedboard_real_microscope/vitis/platform/hw/zedboard_real_microscope_wrapper.xsa
TRACE::2026-06-16.16:54:46::SCWPlatform::DSA directory C:/openTCSPC3/SRC/zedboard_real_microscope/vitis/platform/hw
TRACE::2026-06-16.16:54:46::SCWPlatform:: Platform Path C:/openTCSPC3/SRC/zedboard_real_microscope/vitis/platform/hw/zedboard_real_microscope_wrapper.xsa
TRACE::2026-06-16.16:54:46::SCWPlatform:: Unique name xilinx:zedboard::0.0
TRACE::2026-06-16.16:54:46::SCWPlatform::Trying to set the existing hwdb with name zedboard_real_microscope_wrapper_0
TRACE::2026-06-16.16:54:46::SCWPlatform::Opened existing hwdb zedboard_real_microscope_wrapper_0
TRACE::2026-06-16.16:54:46::SCWPlatform::Found the Hw Db part of the input DSA
TRACE::2026-06-16.16:54:46::SCWMssOS::Checking the sw design at  C:/openTCSPC3/SRC/zedboard_real_microscope/vitis/platform/zynq_fsbl/zynq_fsbl_bsp/system.mss
TRACE::2026-06-16.16:54:46::SCWMssOS::DEBUG:  swdes dump  C:/openTCSPC3/SRC/zedboard_real_microscope/vitis/platform/ps7_cortexa9_0/standalone_domain/bsp/system.mss|system_0||
C:/openTCSPC3/SRC/zedboard_real_microscope/vitis/platform/zynq_fsbl/zynq_fsbl_bsp/system.mss|system||

TRACE::2026-06-16.16:54:46::SCWMssOS::Sw design exists and opened at  C:/openTCSPC3/SRC/zedboard_real_microscope/vitis/platform/zynq_fsbl/zynq_fsbl_bsp/system.mss
TRACE::2026-06-16.16:54:46::SCWPlatform::Trying to open the hw design at C:/openTCSPC3/SRC/zedboard_real_microscope/vitis/platform/hw/zedboard_real_microscope_wrapper.xsa
TRACE::2026-06-16.16:54:46::SCWPlatform::DSA given C:/openTCSPC3/SRC/zedboard_real_microscope/vitis/platform/hw/zedboard_real_microscope_wrapper.xsa
TRACE::2026-06-16.16:54:46::SCWPlatform::DSA absoulate path C:/openTCSPC3/SRC/zedboard_real_microscope/vitis/platform/hw/zedboard_real_microscope_wrapper.xsa
TRACE::2026-06-16.16:54:46::SCWPlatform::DSA directory C:/openTCSPC3/SRC/zedboard_real_microscope/vitis/platform/hw
TRACE::2026-06-16.16:54:46::SCWPlatform:: Platform Path C:/openTCSPC3/SRC/zedboard_real_microscope/vitis/platform/hw/zedboard_real_microscope_wrapper.xsa
TRACE::2026-06-16.16:54:46::SCWPlatform:: Unique name xilinx:zedboard::0.0
TRACE::2026-06-16.16:54:46::SCWPlatform::Trying to set the existing hwdb with name zedboard_real_microscope_wrapper_0
TRACE::2026-06-16.16:54:46::SCWPlatform::Opened existing hwdb zedboard_real_microscope_wrapper_0
TRACE::2026-06-16.16:54:46::SCWPlatform::Found the Hw Db part of the input DSA
TRACE::2026-06-16.16:54:46::SCWMssOS::Checking the sw design at  C:/openTCSPC3/SRC/zedboard_real_microscope/vitis/platform/zynq_fsbl/zynq_fsbl_bsp/system.mss
TRACE::2026-06-16.16:54:46::SCWMssOS::DEBUG:  swdes dump  C:/openTCSPC3/SRC/zedboard_real_microscope/vitis/platform/ps7_cortexa9_0/standalone_domain/bsp/system.mss|system_0||
C:/openTCSPC3/SRC/zedboard_real_microscope/vitis/platform/zynq_fsbl/zynq_fsbl_bsp/system.mss|system||

TRACE::2026-06-16.16:54:46::SCWMssOS::Sw design exists and opened at  C:/openTCSPC3/SRC/zedboard_real_microscope/vitis/platform/zynq_fsbl/zynq_fsbl_bsp/system.mss
TRACE::2026-06-16.16:54:46::SCWPlatform::Trying to open the hw design at C:/openTCSPC3/SRC/zedboard_real_microscope/vitis/platform/hw/zedboard_real_microscope_wrapper.xsa
TRACE::2026-06-16.16:54:46::SCWPlatform::DSA given C:/openTCSPC3/SRC/zedboard_real_microscope/vitis/platform/hw/zedboard_real_microscope_wrapper.xsa
TRACE::2026-06-16.16:54:46::SCWPlatform::DSA absoulate path C:/openTCSPC3/SRC/zedboard_real_microscope/vitis/platform/hw/zedboard_real_microscope_wrapper.xsa
TRACE::2026-06-16.16:54:46::SCWPlatform::DSA directory C:/openTCSPC3/SRC/zedboard_real_microscope/vitis/platform/hw
TRACE::2026-06-16.16:54:46::SCWPlatform:: Platform Path C:/openTCSPC3/SRC/zedboard_real_microscope/vitis/platform/hw/zedboard_real_microscope_wrapper.xsa
TRACE::2026-06-16.16:54:46::SCWPlatform:: Unique name xilinx:zedboard::0.0
TRACE::2026-06-16.16:54:46::SCWPlatform::Trying to set the existing hwdb with name zedboard_real_microscope_wrapper_0
TRACE::2026-06-16.16:54:46::SCWPlatform::Opened existing hwdb zedboard_real_microscope_wrapper_0
TRACE::2026-06-16.16:54:46::SCWPlatform::Found the Hw Db part of the input DSA
TRACE::2026-06-16.16:54:46::SCWMssOS::Checking the sw design at  C:/openTCSPC3/SRC/zedboard_real_microscope/vitis/platform/ps7_cortexa9_0/standalone_domain/bsp/system.mss
TRACE::2026-06-16.16:54:46::SCWMssOS::DEBUG:  swdes dump  C:/openTCSPC3/SRC/zedboard_real_microscope/vitis/platform/ps7_cortexa9_0/standalone_domain/bsp/system.mss|system_0||
C:/openTCSPC3/SRC/zedboard_real_microscope/vitis/platform/zynq_fsbl/zynq_fsbl_bsp/system.mss|system||

TRACE::2026-06-16.16:54:46::SCWMssOS::Sw design exists and opened at  C:/openTCSPC3/SRC/zedboard_real_microscope/vitis/platform/ps7_cortexa9_0/standalone_domain/bsp/system.mss
TRACE::2026-06-16.16:54:46::SCWPlatform::Trying to open the hw design at C:/openTCSPC3/SRC/zedboard_real_microscope/vitis/platform/hw/zedboard_real_microscope_wrapper.xsa
TRACE::2026-06-16.16:54:46::SCWPlatform::DSA given C:/openTCSPC3/SRC/zedboard_real_microscope/vitis/platform/hw/zedboard_real_microscope_wrapper.xsa
TRACE::2026-06-16.16:54:46::SCWPlatform::DSA absoulate path C:/openTCSPC3/SRC/zedboard_real_microscope/vitis/platform/hw/zedboard_real_microscope_wrapper.xsa
TRACE::2026-06-16.16:54:46::SCWPlatform::DSA directory C:/openTCSPC3/SRC/zedboard_real_microscope/vitis/platform/hw
TRACE::2026-06-16.16:54:46::SCWPlatform:: Platform Path C:/openTCSPC3/SRC/zedboard_real_microscope/vitis/platform/hw/zedboard_real_microscope_wrapper.xsa
TRACE::2026-06-16.16:54:46::SCWPlatform:: Unique name xilinx:zedboard::0.0
TRACE::2026-06-16.16:54:46::SCWPlatform::Trying to set the existing hwdb with name zedboard_real_microscope_wrapper_0
TRACE::2026-06-16.16:54:46::SCWPlatform::Opened existing hwdb zedboard_real_microscope_wrapper_0
TRACE::2026-06-16.16:54:46::SCWPlatform::Found the Hw Db part of the input DSA
TRACE::2026-06-16.16:54:46::SCWMssOS::Checking the sw design at  C:/openTCSPC3/SRC/zedboard_real_microscope/vitis/platform/ps7_cortexa9_0/standalone_domain/bsp/system.mss
TRACE::2026-06-16.16:54:46::SCWMssOS::DEBUG:  swdes dump  C:/openTCSPC3/SRC/zedboard_real_microscope/vitis/platform/ps7_cortexa9_0/standalone_domain/bsp/system.mss|system_0||
C:/openTCSPC3/SRC/zedboard_real_microscope/vitis/platform/zynq_fsbl/zynq_fsbl_bsp/system.mss|system||

TRACE::2026-06-16.16:54:46::SCWMssOS::Sw design exists and opened at  C:/openTCSPC3/SRC/zedboard_real_microscope/vitis/platform/ps7_cortexa9_0/standalone_domain/bsp/system.mss
TRACE::2026-06-16.16:54:46::SCWPlatform::Trying to open the hw design at C:/openTCSPC3/SRC/zedboard_real_microscope/vitis/platform/hw/zedboard_real_microscope_wrapper.xsa
TRACE::2026-06-16.16:54:46::SCWPlatform::DSA given C:/openTCSPC3/SRC/zedboard_real_microscope/vitis/platform/hw/zedboard_real_microscope_wrapper.xsa
TRACE::2026-06-16.16:54:46::SCWPlatform::DSA absoulate path C:/openTCSPC3/SRC/zedboard_real_microscope/vitis/platform/hw/zedboard_real_microscope_wrapper.xsa
TRACE::2026-06-16.16:54:46::SCWPlatform::DSA directory C:/openTCSPC3/SRC/zedboard_real_microscope/vitis/platform/hw
TRACE::2026-06-16.16:54:46::SCWPlatform:: Platform Path C:/openTCSPC3/SRC/zedboard_real_microscope/vitis/platform/hw/zedboard_real_microscope_wrapper.xsa
TRACE::2026-06-16.16:54:46::SCWPlatform:: Unique name xilinx:zedboard::0.0
TRACE::2026-06-16.16:54:46::SCWPlatform::Trying to set the existing hwdb with name zedboard_real_microscope_wrapper_0
TRACE::2026-06-16.16:54:46::SCWPlatform::Opened existing hwdb zedboard_real_microscope_wrapper_0
TRACE::2026-06-16.16:54:46::SCWPlatform::Found the Hw Db part of the input DSA
TRACE::2026-06-16.16:54:46::SCWMssOS::Checking the sw design at  C:/openTCSPC3/SRC/zedboard_real_microscope/vitis/platform/ps7_cortexa9_0/standalone_domain/bsp/system.mss
TRACE::2026-06-16.16:54:46::SCWMssOS::DEBUG:  swdes dump  C:/openTCSPC3/SRC/zedboard_real_microscope/vitis/platform/ps7_cortexa9_0/standalone_domain/bsp/system.mss|system_0||
C:/openTCSPC3/SRC/zedboard_real_microscope/vitis/platform/zynq_fsbl/zynq_fsbl_bsp/system.mss|system||

TRACE::2026-06-16.16:54:46::SCWMssOS::Sw design exists and opened at  C:/openTCSPC3/SRC/zedboard_real_microscope/vitis/platform/ps7_cortexa9_0/standalone_domain/bsp/system.mss
TRACE::2026-06-16.16:54:46::SCWWriter::formatted JSON is {
	"platformName":	"platform",
	"sprVersion":	"2.0",
	"mode":	"gui",
	"dsaType":	"Fixed",
	"platformDesc":	"platform",
	"platHandOff":	"C:/openTCSPC3/SRC/zedboard_real_microscope/vitis/zedboard_real_microscope_wrapper.xsa",
	"platIntHandOff":	"<platformDir>/hw/zedboard_real_microscope_wrapper.xsa",
	"deviceType":	"zynq",
	"platIsPrebuiltAutogen":	"false",
	"platIsNoBootBsp":	"false",
	"platFsblTarget":	"ps7_cortexa9_0",
	"hasFsblMakeHasChanges":	"false",
	"hasPmufwMakeHasChanges":	"false",
	"fsblExtraCompilerFlags":	"-MMD -MP       -mcpu=cortex-a9 -mfpu=vfpv3 -mfloat-abi=hard ",
	"platPreBuiltFlag":	false,
	"platformSamplesDir":	"",
	"platActiveSys":	"platform",
	"systems":	[{
			"systemName":	"platform",
			"systemDesc":	"platform",
			"sysIsBootAutoGen":	"true",
			"systemDispName":	"platform",
			"sysActiveDom":	"standalone_domain",
			"sysDefaultDom":	"standalone_domain",
			"domains":	[{
					"domainName":	"zynq_fsbl",
					"domainDispName":	"zynq_fsbl",
					"domainDesc":	"FSBL Application BSP - Auto Generated.",
					"processors":	"ps7_cortexa9_0",
					"os":	"standalone",
					"sdxOs":	"standalone",
					"debugEnable":	"",
					"domRuntimes":	["cpp"],
					"swRepo":	"",
					"mssOsVer":	"9.2",
					"mssFile":	"",
					"md5Digest":	"a9071a011478c87067468cbf8357a083",
					"compatibleApp":	"zynq_fsbl",
					"domType":	"bootDomain",
					"arch":	"32-bit",
					"appSettings":	{
						"appCompilerFlags":	"",
						"appLinkerFlags":	""
					},
					"addedLibs":	["xilffs:5.3", "xilrsa:1.8"],
					"libOptions":	{
						"libsContainingOptions":	[]
					},
					"prebuiltLibs":	{
						"prebuiltIncPath":	[],
						"prebuiltLibPath":	[]
					},
					"isolation":	{
					}
				}, {
					"domainName":	"standalone_domain",
					"domainDispName":	"standalone on ps7_cortexa9_0",
					"domainDesc":	"standalone_domain",
					"processors":	"ps7_cortexa9_0",
					"os":	"standalone",
					"sdxOs":	"standalone",
					"qemuArgs":	"<platformDir>/resources/platform/standalone_domain/qemu_args.txt",
					"qemuData":	"<platformDir>/resources/platform/standalone_domain/qemu",
					"debugEnable":	"False",
					"domRuntimes":	["cpp"],
					"swRepo":	"",
					"mssOsVer":	"9.2",
					"mssFile":	"",
					"md5Digest":	"b7c04fadbfe58eb2f640582f5b7f6446",
					"compatibleApp":	"",
					"domType":	"mssDomain",
					"appSettings":	{
						"appCompilerFlags":	"",
						"appLinkerFlags":	""
					},
					"addedLibs":	[],
					"libOptions":	{
						"libsContainingOptions":	[]
					},
					"prebuiltLibs":	{
						"prebuiltIncPath":	[],
						"prebuiltLibPath":	[]
					},
					"isolation":	{
					}
				}]
		}]
}
TRACE::2026-06-16.16:54:46::SCWMssOS::Saving the mss changes C:/openTCSPC3/SRC/zedboard_real_microscope/vitis/platform/zynq_fsbl/zynq_fsbl_bsp/system.mss
TRACE::2026-06-16.16:54:46::SCWMssOS::Found a swdesign opened with the mssfile.
TRACE::2026-06-16.16:54:46::SCWMssOS::Completed writemss as part of save.
TRACE::2026-06-16.16:54:46::SCWMssOS::Commit changes completed.
TRACE::2026-06-16.16:54:46::SCWMssOS::Saving the mss changes C:/openTCSPC3/SRC/zedboard_real_microscope/vitis/platform/ps7_cortexa9_0/standalone_domain/bsp/system.mss
TRACE::2026-06-16.16:54:46::SCWMssOS::Found a swdesign opened with the mssfile.
TRACE::2026-06-16.16:54:46::SCWMssOS::Completed writemss as part of save.
TRACE::2026-06-16.16:54:46::SCWMssOS::Commit changes completed.
TRACE::2026-06-16.16:54:46::SCWPlatform::Trying to open the hw design at C:/openTCSPC3/SRC/zedboard_real_microscope/vitis/platform/hw/zedboard_real_microscope_wrapper.xsa
TRACE::2026-06-16.16:54:46::SCWPlatform::DSA given C:/openTCSPC3/SRC/zedboard_real_microscope/vitis/platform/hw/zedboard_real_microscope_wrapper.xsa
TRACE::2026-06-16.16:54:46::SCWPlatform::DSA absoulate path C:/openTCSPC3/SRC/zedboard_real_microscope/vitis/platform/hw/zedboard_real_microscope_wrapper.xsa
TRACE::2026-06-16.16:54:46::SCWPlatform::DSA directory C:/openTCSPC3/SRC/zedboard_real_microscope/vitis/platform/hw
TRACE::2026-06-16.16:54:46::SCWPlatform:: Platform Path C:/openTCSPC3/SRC/zedboard_real_microscope/vitis/platform/hw/zedboard_real_microscope_wrapper.xsa
TRACE::2026-06-16.16:54:46::SCWPlatform:: Unique name xilinx:zedboard::0.0
TRACE::2026-06-16.16:54:46::SCWPlatform::Trying to set the existing hwdb with name zedboard_real_microscope_wrapper_0
TRACE::2026-06-16.16:54:46::SCWPlatform::Opened existing hwdb zedboard_real_microscope_wrapper_0
TRACE::2026-06-16.16:54:46::SCWPlatform::Found the Hw Db part of the input DSA
TRACE::2026-06-16.16:54:46::SCWMssOS::Checking the sw design at  C:/openTCSPC3/SRC/zedboard_real_microscope/vitis/platform/zynq_fsbl/zynq_fsbl_bsp/system.mss
TRACE::2026-06-16.16:54:46::SCWMssOS::DEBUG:  swdes dump  C:/openTCSPC3/SRC/zedboard_real_microscope/vitis/platform/ps7_cortexa9_0/standalone_domain/bsp/system.mss|system_0||
C:/openTCSPC3/SRC/zedboard_real_microscope/vitis/platform/zynq_fsbl/zynq_fsbl_bsp/system.mss|system||

TRACE::2026-06-16.16:54:46::SCWMssOS::Sw design exists and opened at  C:/openTCSPC3/SRC/zedboard_real_microscope/vitis/platform/zynq_fsbl/zynq_fsbl_bsp/system.mss
TRACE::2026-06-16.16:54:46::SCWPlatform::Trying to open the hw design at C:/openTCSPC3/SRC/zedboard_real_microscope/vitis/platform/hw/zedboard_real_microscope_wrapper.xsa
TRACE::2026-06-16.16:54:46::SCWPlatform::DSA given C:/openTCSPC3/SRC/zedboard_real_microscope/vitis/platform/hw/zedboard_real_microscope_wrapper.xsa
TRACE::2026-06-16.16:54:46::SCWPlatform::DSA absoulate path C:/openTCSPC3/SRC/zedboard_real_microscope/vitis/platform/hw/zedboard_real_microscope_wrapper.xsa
TRACE::2026-06-16.16:54:46::SCWPlatform::DSA directory C:/openTCSPC3/SRC/zedboard_real_microscope/vitis/platform/hw
TRACE::2026-06-16.16:54:46::SCWPlatform:: Platform Path C:/openTCSPC3/SRC/zedboard_real_microscope/vitis/platform/hw/zedboard_real_microscope_wrapper.xsa
TRACE::2026-06-16.16:54:46::SCWPlatform:: Unique name xilinx:zedboard::0.0
TRACE::2026-06-16.16:54:46::SCWPlatform::Trying to set the existing hwdb with name zedboard_real_microscope_wrapper_0
TRACE::2026-06-16.16:54:46::SCWPlatform::Opened existing hwdb zedboard_real_microscope_wrapper_0
TRACE::2026-06-16.16:54:46::SCWPlatform::Found the Hw Db part of the input DSA
TRACE::2026-06-16.16:54:46::SCWMssOS::Checking the sw design at  C:/openTCSPC3/SRC/zedboard_real_microscope/vitis/platform/zynq_fsbl/zynq_fsbl_bsp/system.mss
TRACE::2026-06-16.16:54:46::SCWMssOS::DEBUG:  swdes dump  C:/openTCSPC3/SRC/zedboard_real_microscope/vitis/platform/ps7_cortexa9_0/standalone_domain/bsp/system.mss|system_0||
C:/openTCSPC3/SRC/zedboard_real_microscope/vitis/platform/zynq_fsbl/zynq_fsbl_bsp/system.mss|system||

TRACE::2026-06-16.16:54:46::SCWMssOS::Sw design exists and opened at  C:/openTCSPC3/SRC/zedboard_real_microscope/vitis/platform/zynq_fsbl/zynq_fsbl_bsp/system.mss
TRACE::2026-06-16.16:54:46::SCWPlatform::Trying to open the hw design at C:/openTCSPC3/SRC/zedboard_real_microscope/vitis/platform/hw/zedboard_real_microscope_wrapper.xsa
TRACE::2026-06-16.16:54:46::SCWPlatform::DSA given C:/openTCSPC3/SRC/zedboard_real_microscope/vitis/platform/hw/zedboard_real_microscope_wrapper.xsa
TRACE::2026-06-16.16:54:46::SCWPlatform::DSA absoulate path C:/openTCSPC3/SRC/zedboard_real_microscope/vitis/platform/hw/zedboard_real_microscope_wrapper.xsa
TRACE::2026-06-16.16:54:46::SCWPlatform::DSA directory C:/openTCSPC3/SRC/zedboard_real_microscope/vitis/platform/hw
TRACE::2026-06-16.16:54:46::SCWPlatform:: Platform Path C:/openTCSPC3/SRC/zedboard_real_microscope/vitis/platform/hw/zedboard_real_microscope_wrapper.xsa
TRACE::2026-06-16.16:54:46::SCWPlatform:: Unique name xilinx:zedboard::0.0
TRACE::2026-06-16.16:54:46::SCWPlatform::Trying to set the existing hwdb with name zedboard_real_microscope_wrapper_0
TRACE::2026-06-16.16:54:46::SCWPlatform::Opened existing hwdb zedboard_real_microscope_wrapper_0
TRACE::2026-06-16.16:54:46::SCWPlatform::Found the Hw Db part of the input DSA
TRACE::2026-06-16.16:54:46::SCWMssOS::Checking the sw design at  C:/openTCSPC3/SRC/zedboard_real_microscope/vitis/platform/zynq_fsbl/zynq_fsbl_bsp/system.mss
TRACE::2026-06-16.16:54:46::SCWMssOS::DEBUG:  swdes dump  C:/openTCSPC3/SRC/zedboard_real_microscope/vitis/platform/ps7_cortexa9_0/standalone_domain/bsp/system.mss|system_0||
C:/openTCSPC3/SRC/zedboard_real_microscope/vitis/platform/zynq_fsbl/zynq_fsbl_bsp/system.mss|system||

TRACE::2026-06-16.16:54:46::SCWMssOS::Sw design exists and opened at  C:/openTCSPC3/SRC/zedboard_real_microscope/vitis/platform/zynq_fsbl/zynq_fsbl_bsp/system.mss
TRACE::2026-06-16.16:54:46::SCWPlatform::Trying to open the hw design at C:/openTCSPC3/SRC/zedboard_real_microscope/vitis/platform/hw/zedboard_real_microscope_wrapper.xsa
TRACE::2026-06-16.16:54:46::SCWPlatform::DSA given C:/openTCSPC3/SRC/zedboard_real_microscope/vitis/platform/hw/zedboard_real_microscope_wrapper.xsa
TRACE::2026-06-16.16:54:46::SCWPlatform::DSA absoulate path C:/openTCSPC3/SRC/zedboard_real_microscope/vitis/platform/hw/zedboard_real_microscope_wrapper.xsa
TRACE::2026-06-16.16:54:46::SCWPlatform::DSA directory C:/openTCSPC3/SRC/zedboard_real_microscope/vitis/platform/hw
TRACE::2026-06-16.16:54:46::SCWPlatform:: Platform Path C:/openTCSPC3/SRC/zedboard_real_microscope/vitis/platform/hw/zedboard_real_microscope_wrapper.xsa
TRACE::2026-06-16.16:54:46::SCWPlatform:: Unique name xilinx:zedboard::0.0
TRACE::2026-06-16.16:54:46::SCWPlatform::Trying to set the existing hwdb with name zedboard_real_microscope_wrapper_0
TRACE::2026-06-16.16:54:46::SCWPlatform::Opened existing hwdb zedboard_real_microscope_wrapper_0
TRACE::2026-06-16.16:54:46::SCWPlatform::Found the Hw Db part of the input DSA
TRACE::2026-06-16.16:54:46::SCWMssOS::Checking the sw design at  C:/openTCSPC3/SRC/zedboard_real_microscope/vitis/platform/ps7_cortexa9_0/standalone_domain/bsp/system.mss
TRACE::2026-06-16.16:54:46::SCWMssOS::DEBUG:  swdes dump  C:/openTCSPC3/SRC/zedboard_real_microscope/vitis/platform/ps7_cortexa9_0/standalone_domain/bsp/system.mss|system_0||
C:/openTCSPC3/SRC/zedboard_real_microscope/vitis/platform/zynq_fsbl/zynq_fsbl_bsp/system.mss|system||

TRACE::2026-06-16.16:54:46::SCWMssOS::Sw design exists and opened at  C:/openTCSPC3/SRC/zedboard_real_microscope/vitis/platform/ps7_cortexa9_0/standalone_domain/bsp/system.mss
TRACE::2026-06-16.16:54:46::SCWPlatform::Trying to open the hw design at C:/openTCSPC3/SRC/zedboard_real_microscope/vitis/platform/hw/zedboard_real_microscope_wrapper.xsa
TRACE::2026-06-16.16:54:46::SCWPlatform::DSA given C:/openTCSPC3/SRC/zedboard_real_microscope/vitis/platform/hw/zedboard_real_microscope_wrapper.xsa
TRACE::2026-06-16.16:54:46::SCWPlatform::DSA absoulate path C:/openTCSPC3/SRC/zedboard_real_microscope/vitis/platform/hw/zedboard_real_microscope_wrapper.xsa
TRACE::2026-06-16.16:54:46::SCWPlatform::DSA directory C:/openTCSPC3/SRC/zedboard_real_microscope/vitis/platform/hw
TRACE::2026-06-16.16:54:46::SCWPlatform:: Platform Path C:/openTCSPC3/SRC/zedboard_real_microscope/vitis/platform/hw/zedboard_real_microscope_wrapper.xsa
TRACE::2026-06-16.16:54:46::SCWPlatform:: Unique name xilinx:zedboard::0.0
TRACE::2026-06-16.16:54:46::SCWPlatform::Trying to set the existing hwdb with name zedboard_real_microscope_wrapper_0
TRACE::2026-06-16.16:54:46::SCWPlatform::Opened existing hwdb zedboard_real_microscope_wrapper_0
TRACE::2026-06-16.16:54:46::SCWPlatform::Found the Hw Db part of the input DSA
TRACE::2026-06-16.16:54:46::SCWMssOS::Checking the sw design at  C:/openTCSPC3/SRC/zedboard_real_microscope/vitis/platform/ps7_cortexa9_0/standalone_domain/bsp/system.mss
TRACE::2026-06-16.16:54:46::SCWMssOS::DEBUG:  swdes dump  C:/openTCSPC3/SRC/zedboard_real_microscope/vitis/platform/ps7_cortexa9_0/standalone_domain/bsp/system.mss|system_0||
C:/openTCSPC3/SRC/zedboard_real_microscope/vitis/platform/zynq_fsbl/zynq_fsbl_bsp/system.mss|system||

TRACE::2026-06-16.16:54:46::SCWMssOS::Sw design exists and opened at  C:/openTCSPC3/SRC/zedboard_real_microscope/vitis/platform/ps7_cortexa9_0/standalone_domain/bsp/system.mss
TRACE::2026-06-16.16:54:46::SCWPlatform::Trying to open the hw design at C:/openTCSPC3/SRC/zedboard_real_microscope/vitis/platform/hw/zedboard_real_microscope_wrapper.xsa
TRACE::2026-06-16.16:54:46::SCWPlatform::DSA given C:/openTCSPC3/SRC/zedboard_real_microscope/vitis/platform/hw/zedboard_real_microscope_wrapper.xsa
TRACE::2026-06-16.16:54:46::SCWPlatform::DSA absoulate path C:/openTCSPC3/SRC/zedboard_real_microscope/vitis/platform/hw/zedboard_real_microscope_wrapper.xsa
TRACE::2026-06-16.16:54:46::SCWPlatform::DSA directory C:/openTCSPC3/SRC/zedboard_real_microscope/vitis/platform/hw
TRACE::2026-06-16.16:54:46::SCWPlatform:: Platform Path C:/openTCSPC3/SRC/zedboard_real_microscope/vitis/platform/hw/zedboard_real_microscope_wrapper.xsa
TRACE::2026-06-16.16:54:46::SCWPlatform:: Unique name xilinx:zedboard::0.0
TRACE::2026-06-16.16:54:46::SCWPlatform::Trying to set the existing hwdb with name zedboard_real_microscope_wrapper_0
TRACE::2026-06-16.16:54:46::SCWPlatform::Opened existing hwdb zedboard_real_microscope_wrapper_0
TRACE::2026-06-16.16:54:46::SCWPlatform::Found the Hw Db part of the input DSA
TRACE::2026-06-16.16:54:46::SCWMssOS::Checking the sw design at  C:/openTCSPC3/SRC/zedboard_real_microscope/vitis/platform/ps7_cortexa9_0/standalone_domain/bsp/system.mss
TRACE::2026-06-16.16:54:46::SCWMssOS::DEBUG:  swdes dump  C:/openTCSPC3/SRC/zedboard_real_microscope/vitis/platform/ps7_cortexa9_0/standalone_domain/bsp/system.mss|system_0||
C:/openTCSPC3/SRC/zedboard_real_microscope/vitis/platform/zynq_fsbl/zynq_fsbl_bsp/system.mss|system||

TRACE::2026-06-16.16:54:46::SCWMssOS::Sw design exists and opened at  C:/openTCSPC3/SRC/zedboard_real_microscope/vitis/platform/ps7_cortexa9_0/standalone_domain/bsp/system.mss
TRACE::2026-06-16.16:54:46::SCWWriter::formatted JSON is {
	"platformName":	"platform",
	"sprVersion":	"2.0",
	"mode":	"gui",
	"dsaType":	"Fixed",
	"platformDesc":	"platform",
	"platHandOff":	"C:/openTCSPC3/SRC/zedboard_real_microscope/vitis/zedboard_real_microscope_wrapper.xsa",
	"platIntHandOff":	"<platformDir>/hw/zedboard_real_microscope_wrapper.xsa",
	"deviceType":	"zynq",
	"platIsPrebuiltAutogen":	"false",
	"platIsNoBootBsp":	"false",
	"platFsblTarget":	"ps7_cortexa9_0",
	"hasFsblMakeHasChanges":	"false",
	"hasPmufwMakeHasChanges":	"false",
	"fsblExtraCompilerFlags":	"-MMD -MP       -mcpu=cortex-a9 -mfpu=vfpv3 -mfloat-abi=hard ",
	"platPreBuiltFlag":	false,
	"platformSamplesDir":	"",
	"platActiveSys":	"platform",
	"systems":	[{
			"systemName":	"platform",
			"systemDesc":	"platform",
			"sysIsBootAutoGen":	"true",
			"systemDispName":	"platform",
			"sysActiveDom":	"standalone_domain",
			"sysDefaultDom":	"standalone_domain",
			"domains":	[{
					"domainName":	"zynq_fsbl",
					"domainDispName":	"zynq_fsbl",
					"domainDesc":	"FSBL Application BSP - Auto Generated.",
					"processors":	"ps7_cortexa9_0",
					"os":	"standalone",
					"sdxOs":	"standalone",
					"debugEnable":	"",
					"domRuntimes":	["cpp"],
					"swRepo":	"",
					"mssOsVer":	"9.2",
					"mssFile":	"",
					"md5Digest":	"a9071a011478c87067468cbf8357a083",
					"compatibleApp":	"zynq_fsbl",
					"domType":	"bootDomain",
					"arch":	"32-bit",
					"appSettings":	{
						"appCompilerFlags":	"",
						"appLinkerFlags":	""
					},
					"addedLibs":	["xilffs:5.3", "xilrsa:1.8"],
					"libOptions":	{
						"libsContainingOptions":	[]
					},
					"prebuiltLibs":	{
						"prebuiltIncPath":	[],
						"prebuiltLibPath":	[]
					},
					"isolation":	{
					}
				}, {
					"domainName":	"standalone_domain",
					"domainDispName":	"standalone on ps7_cortexa9_0",
					"domainDesc":	"standalone_domain",
					"processors":	"ps7_cortexa9_0",
					"os":	"standalone",
					"sdxOs":	"standalone",
					"qemuArgs":	"<platformDir>/resources/platform/standalone_domain/qemu_args.txt",
					"qemuData":	"<platformDir>/resources/platform/standalone_domain/qemu",
					"debugEnable":	"False",
					"domRuntimes":	["cpp"],
					"swRepo":	"",
					"mssOsVer":	"9.2",
					"mssFile":	"",
					"md5Digest":	"b7c04fadbfe58eb2f640582f5b7f6446",
					"compatibleApp":	"",
					"domType":	"mssDomain",
					"appSettings":	{
						"appCompilerFlags":	"",
						"appLinkerFlags":	""
					},
					"addedLibs":	[],
					"libOptions":	{
						"libsContainingOptions":	[]
					},
					"prebuiltLibs":	{
						"prebuiltIncPath":	[],
						"prebuiltLibPath":	[]
					},
					"isolation":	{
					}
				}]
		}]
}
TRACE::2026-06-16.16:54:46::SCWPlatform::Clearing the existing platform
TRACE::2026-06-16.16:54:46::SCWSystem::Clearing the existing sysconfig
TRACE::2026-06-16.16:54:46::SCWBDomain::clearing the fsbl build
TRACE::2026-06-16.16:54:46::SCWMssOS::Removing the swdes entry for  C:/openTCSPC3/SRC/zedboard_real_microscope/vitis/platform/zynq_fsbl/zynq_fsbl_bsp/system.mss
TRACE::2026-06-16.16:54:46::SCWMssOS::Removing the swdes entry for  C:/openTCSPC3/SRC/zedboard_real_microscope/vitis/platform/ps7_cortexa9_0/standalone_domain/bsp/system.mss
TRACE::2026-06-16.16:54:46::SCWSystem::Clearing the domains completed.
TRACE::2026-06-16.16:54:46::SCWPlatform::Clearing the opened hw db.
TRACE::2026-06-16.16:54:46::SCWPlatform::DSA given C:/openTCSPC3/SRC/zedboard_real_microscope/vitis/platform/hw/zedboard_real_microscope_wrapper.xsa
TRACE::2026-06-16.16:54:46::SCWPlatform::DSA absoulate path C:/openTCSPC3/SRC/zedboard_real_microscope/vitis/platform/hw/zedboard_real_microscope_wrapper.xsa
TRACE::2026-06-16.16:54:46::SCWPlatform:: Platform location is C:/openTCSPC3/SRC/zedboard_real_microscope/vitis/platform/hw
TRACE::2026-06-16.16:54:46::SCWPlatform:: Platform Path C:/openTCSPC3/SRC/zedboard_real_microscope/vitis/platform/hw/zedboard_real_microscope_wrapper.xsa
TRACE::2026-06-16.16:54:46::SCWPlatform:: Unique name xilinx:zedboard::0.0
TRACE::2026-06-16.16:54:46::SCWPlatform::Removing the HwDB with name C:/openTCSPC3/SRC/zedboard_real_microscope/vitis/platform/hw/zedboard_real_microscope_wrapper.xsa
TRACE::2026-06-16.16:54:46::SCWPlatform::Trying to open the hw design at C:/openTCSPC3/SRC/zedboard_real_microscope/vitis/platform/hw/zedboard_real_microscope_wrapper.xsa
TRACE::2026-06-16.16:54:46::SCWPlatform::DSA given C:/openTCSPC3/SRC/zedboard_real_microscope/vitis/platform/hw/zedboard_real_microscope_wrapper.xsa
TRACE::2026-06-16.16:54:46::SCWPlatform::DSA absoulate path C:/openTCSPC3/SRC/zedboard_real_microscope/vitis/platform/hw/zedboard_real_microscope_wrapper.xsa
TRACE::2026-06-16.16:54:46::SCWPlatform::DSA directory C:/openTCSPC3/SRC/zedboard_real_microscope/vitis/platform/hw
TRACE::2026-06-16.16:54:46::SCWPlatform:: Platform Path C:/openTCSPC3/SRC/zedboard_real_microscope/vitis/platform/hw/zedboard_real_microscope_wrapper.xsa
TRACE::2026-06-16.16:54:46::SCWPlatform:: Unique name xilinx:zedboard::0.0
TRACE::2026-06-16.16:54:46::SCWPlatform::Do not have an existing db opened. 
TRACE::2026-06-16.16:55:03::SCWPlatform::Opened new HwDB with name zedboard_real_microscope_wrapper_1
TRACE::2026-06-16.16:55:03::SCWReader::Active system found as  platform
TRACE::2026-06-16.16:55:03::SCWReader::Handling sysconfig platform
TRACE::2026-06-16.16:55:03::SCWDomain::checking for install qemu data   : 
TRACE::2026-06-16.16:55:03::SCWDomain:: Using the QEMU Data from install at  : C:/Xilinx/Vitis/2024.2/data/emulation/platforms/zynq/sw/a9_standalone/qemu/
TRACE::2026-06-16.16:55:03::SCWDomain:: Using the QEMU args  from install at  : C:/Xilinx/Vitis/2024.2/data/emulation/platforms/zynq/sw/a9_standalone/qemu/qemu_args.txt
TRACE::2026-06-16.16:55:03::SCWPlatform::Trying to open the hw design at C:/openTCSPC3/SRC/zedboard_real_microscope/vitis/platform/hw/zedboard_real_microscope_wrapper.xsa
TRACE::2026-06-16.16:55:03::SCWPlatform::DSA given C:/openTCSPC3/SRC/zedboard_real_microscope/vitis/platform/hw/zedboard_real_microscope_wrapper.xsa
TRACE::2026-06-16.16:55:03::SCWPlatform::DSA absoulate path C:/openTCSPC3/SRC/zedboard_real_microscope/vitis/platform/hw/zedboard_real_microscope_wrapper.xsa
TRACE::2026-06-16.16:55:03::SCWPlatform::DSA directory C:/openTCSPC3/SRC/zedboard_real_microscope/vitis/platform/hw
TRACE::2026-06-16.16:55:03::SCWPlatform:: Platform Path C:/openTCSPC3/SRC/zedboard_real_microscope/vitis/platform/hw/zedboard_real_microscope_wrapper.xsa
TRACE::2026-06-16.16:55:03::SCWPlatform:: Unique name xilinx:zedboard::0.0
TRACE::2026-06-16.16:55:03::SCWPlatform::Trying to set the existing hwdb with name zedboard_real_microscope_wrapper_1
TRACE::2026-06-16.16:55:03::SCWPlatform::Opened existing hwdb zedboard_real_microscope_wrapper_1
TRACE::2026-06-16.16:55:03::SCWPlatform::Found the Hw Db part of the input DSA
TRACE::2026-06-16.16:55:03::SCWPlatform::Trying to open the hw design at C:/openTCSPC3/SRC/zedboard_real_microscope/vitis/platform/hw/zedboard_real_microscope_wrapper.xsa
TRACE::2026-06-16.16:55:03::SCWPlatform::DSA given C:/openTCSPC3/SRC/zedboard_real_microscope/vitis/platform/hw/zedboard_real_microscope_wrapper.xsa
TRACE::2026-06-16.16:55:03::SCWPlatform::DSA absoulate path C:/openTCSPC3/SRC/zedboard_real_microscope/vitis/platform/hw/zedboard_real_microscope_wrapper.xsa
TRACE::2026-06-16.16:55:03::SCWPlatform::DSA directory C:/openTCSPC3/SRC/zedboard_real_microscope/vitis/platform/hw
TRACE::2026-06-16.16:55:03::SCWPlatform:: Platform Path C:/openTCSPC3/SRC/zedboard_real_microscope/vitis/platform/hw/zedboard_real_microscope_wrapper.xsa
TRACE::2026-06-16.16:55:03::SCWPlatform:: Unique name xilinx:zedboard::0.0
TRACE::2026-06-16.16:55:03::SCWPlatform::Trying to set the existing hwdb with name zedboard_real_microscope_wrapper_1
TRACE::2026-06-16.16:55:03::SCWPlatform::Opened existing hwdb zedboard_real_microscope_wrapper_1
TRACE::2026-06-16.16:55:03::SCWPlatform::Found the Hw Db part of the input DSA
TRACE::2026-06-16.16:55:03::SCWPlatform::Trying to open the hw design at C:/openTCSPC3/SRC/zedboard_real_microscope/vitis/platform/hw/zedboard_real_microscope_wrapper.xsa
TRACE::2026-06-16.16:55:03::SCWPlatform::DSA given C:/openTCSPC3/SRC/zedboard_real_microscope/vitis/platform/hw/zedboard_real_microscope_wrapper.xsa
TRACE::2026-06-16.16:55:03::SCWPlatform::DSA absoulate path C:/openTCSPC3/SRC/zedboard_real_microscope/vitis/platform/hw/zedboard_real_microscope_wrapper.xsa
TRACE::2026-06-16.16:55:03::SCWPlatform::DSA directory C:/openTCSPC3/SRC/zedboard_real_microscope/vitis/platform/hw
TRACE::2026-06-16.16:55:03::SCWPlatform:: Platform Path C:/openTCSPC3/SRC/zedboard_real_microscope/vitis/platform/hw/zedboard_real_microscope_wrapper.xsa
TRACE::2026-06-16.16:55:03::SCWPlatform:: Unique name xilinx:zedboard::0.0
TRACE::2026-06-16.16:55:03::SCWPlatform::Trying to set the existing hwdb with name zedboard_real_microscope_wrapper_1
TRACE::2026-06-16.16:55:03::SCWPlatform::Opened existing hwdb zedboard_real_microscope_wrapper_1
TRACE::2026-06-16.16:55:03::SCWPlatform::Found the Hw Db part of the input DSA
TRACE::2026-06-16.16:55:03::SCWReader::Boot application domain added for zynq_fsbl
TRACE::2026-06-16.16:55:03::SCWPlatform::Trying to open the hw design at C:/openTCSPC3/SRC/zedboard_real_microscope/vitis/platform/hw/zedboard_real_microscope_wrapper.xsa
TRACE::2026-06-16.16:55:03::SCWPlatform::DSA given C:/openTCSPC3/SRC/zedboard_real_microscope/vitis/platform/hw/zedboard_real_microscope_wrapper.xsa
TRACE::2026-06-16.16:55:03::SCWPlatform::DSA absoulate path C:/openTCSPC3/SRC/zedboard_real_microscope/vitis/platform/hw/zedboard_real_microscope_wrapper.xsa
TRACE::2026-06-16.16:55:03::SCWPlatform::DSA directory C:/openTCSPC3/SRC/zedboard_real_microscope/vitis/platform/hw
TRACE::2026-06-16.16:55:03::SCWPlatform:: Platform Path C:/openTCSPC3/SRC/zedboard_real_microscope/vitis/platform/hw/zedboard_real_microscope_wrapper.xsa
TRACE::2026-06-16.16:55:03::SCWPlatform:: Unique name xilinx:zedboard::0.0
TRACE::2026-06-16.16:55:03::SCWPlatform::Trying to set the existing hwdb with name zedboard_real_microscope_wrapper_1
TRACE::2026-06-16.16:55:03::SCWPlatform::Opened existing hwdb zedboard_real_microscope_wrapper_1
TRACE::2026-06-16.16:55:03::SCWPlatform::Found the Hw Db part of the input DSA
TRACE::2026-06-16.16:55:03::SCWMssOS::Checking the sw design at  C:/openTCSPC3/SRC/zedboard_real_microscope/vitis/platform/zynq_fsbl/zynq_fsbl_bsp/system.mss
TRACE::2026-06-16.16:55:03::SCWMssOS::DEBUG:  swdes dump  
TRACE::2026-06-16.16:55:03::SCWMssOS::No sw design opened at  C:/openTCSPC3/SRC/zedboard_real_microscope/vitis/platform/zynq_fsbl/zynq_fsbl_bsp/system.mss
TRACE::2026-06-16.16:55:03::SCWMssOS::mss exists loading the mss file  C:/openTCSPC3/SRC/zedboard_real_microscope/vitis/platform/zynq_fsbl/zynq_fsbl_bsp/system.mss
TRACE::2026-06-16.16:55:03::SCWMssOS::Opened the sw design from mss  C:/openTCSPC3/SRC/zedboard_real_microscope/vitis/platform/zynq_fsbl/zynq_fsbl_bsp/system.mss
TRACE::2026-06-16.16:55:03::SCWMssOS::Adding the swdes entry C:/openTCSPC3/SRC/zedboard_real_microscope/vitis/platform/zynq_fsbl/zynq_fsbl_bsp/system.mss with des name system
TRACE::2026-06-16.16:55:03::SCWMssOS::updating the scw layer about changes
TRACE::2026-06-16.16:55:03::SCWMssOS::Opened the sw design.  C:/openTCSPC3/SRC/zedboard_real_microscope/vitis/platform/zynq_fsbl/zynq_fsbl_bsp/system.mss
TRACE::2026-06-16.16:55:03::SCWPlatform::Trying to open the hw design at C:/openTCSPC3/SRC/zedboard_real_microscope/vitis/platform/hw/zedboard_real_microscope_wrapper.xsa
TRACE::2026-06-16.16:55:03::SCWPlatform::DSA given C:/openTCSPC3/SRC/zedboard_real_microscope/vitis/platform/hw/zedboard_real_microscope_wrapper.xsa
TRACE::2026-06-16.16:55:03::SCWPlatform::DSA absoulate path C:/openTCSPC3/SRC/zedboard_real_microscope/vitis/platform/hw/zedboard_real_microscope_wrapper.xsa
TRACE::2026-06-16.16:55:03::SCWPlatform::DSA directory C:/openTCSPC3/SRC/zedboard_real_microscope/vitis/platform/hw
TRACE::2026-06-16.16:55:03::SCWPlatform:: Platform Path C:/openTCSPC3/SRC/zedboard_real_microscope/vitis/platform/hw/zedboard_real_microscope_wrapper.xsa
TRACE::2026-06-16.16:55:03::SCWPlatform:: Unique name xilinx:zedboard::0.0
TRACE::2026-06-16.16:55:03::SCWPlatform::Trying to set the existing hwdb with name zedboard_real_microscope_wrapper_1
TRACE::2026-06-16.16:55:03::SCWPlatform::Opened existing hwdb zedboard_real_microscope_wrapper_1
TRACE::2026-06-16.16:55:03::SCWPlatform::Found the Hw Db part of the input DSA
TRACE::2026-06-16.16:55:03::SCWMssOS::Checking the sw design at  C:/openTCSPC3/SRC/zedboard_real_microscope/vitis/platform/zynq_fsbl/zynq_fsbl_bsp/system.mss
TRACE::2026-06-16.16:55:03::SCWMssOS::DEBUG:  swdes dump  C:/openTCSPC3/SRC/zedboard_real_microscope/vitis/platform/zynq_fsbl/zynq_fsbl_bsp/system.mss|system||

TRACE::2026-06-16.16:55:03::SCWMssOS::Sw design exists and opened at  C:/openTCSPC3/SRC/zedboard_real_microscope/vitis/platform/zynq_fsbl/zynq_fsbl_bsp/system.mss
TRACE::2026-06-16.16:55:03::SCWMssOS:: library already available in sw design:  xilffs:5.3
TRACE::2026-06-16.16:55:03::SCWPlatform::Trying to open the hw design at C:/openTCSPC3/SRC/zedboard_real_microscope/vitis/platform/hw/zedboard_real_microscope_wrapper.xsa
TRACE::2026-06-16.16:55:03::SCWPlatform::DSA given C:/openTCSPC3/SRC/zedboard_real_microscope/vitis/platform/hw/zedboard_real_microscope_wrapper.xsa
TRACE::2026-06-16.16:55:03::SCWPlatform::DSA absoulate path C:/openTCSPC3/SRC/zedboard_real_microscope/vitis/platform/hw/zedboard_real_microscope_wrapper.xsa
TRACE::2026-06-16.16:55:03::SCWPlatform::DSA directory C:/openTCSPC3/SRC/zedboard_real_microscope/vitis/platform/hw
TRACE::2026-06-16.16:55:03::SCWPlatform:: Platform Path C:/openTCSPC3/SRC/zedboard_real_microscope/vitis/platform/hw/zedboard_real_microscope_wrapper.xsa
TRACE::2026-06-16.16:55:03::SCWPlatform:: Unique name xilinx:zedboard::0.0
TRACE::2026-06-16.16:55:03::SCWPlatform::Trying to set the existing hwdb with name zedboard_real_microscope_wrapper_1
TRACE::2026-06-16.16:55:03::SCWPlatform::Opened existing hwdb zedboard_real_microscope_wrapper_1
TRACE::2026-06-16.16:55:03::SCWPlatform::Found the Hw Db part of the input DSA
TRACE::2026-06-16.16:55:03::SCWMssOS::Checking the sw design at  C:/openTCSPC3/SRC/zedboard_real_microscope/vitis/platform/zynq_fsbl/zynq_fsbl_bsp/system.mss
TRACE::2026-06-16.16:55:03::SCWMssOS::DEBUG:  swdes dump  C:/openTCSPC3/SRC/zedboard_real_microscope/vitis/platform/zynq_fsbl/zynq_fsbl_bsp/system.mss|system||

TRACE::2026-06-16.16:55:03::SCWMssOS::Sw design exists and opened at  C:/openTCSPC3/SRC/zedboard_real_microscope/vitis/platform/zynq_fsbl/zynq_fsbl_bsp/system.mss
TRACE::2026-06-16.16:55:03::SCWMssOS:: library already available in sw design:  xilrsa:1.8
TRACE::2026-06-16.16:55:03::SCWMssOS::Saving the mss changes C:/openTCSPC3/SRC/zedboard_real_microscope/vitis/platform/zynq_fsbl/zynq_fsbl_bsp/system.mss
TRACE::2026-06-16.16:55:03::SCWMssOS::Found a swdesign opened with the mssfile.
TRACE::2026-06-16.16:55:03::SCWMssOS::Completed writemss as part of save.
TRACE::2026-06-16.16:55:03::SCWMssOS::Commit changes completed.
TRACE::2026-06-16.16:55:03::SCWReader::Adding prebuilt librarypaths as   
TRACE::2026-06-16.16:55:03::SCWReader::Adding prebuilt incpaths  as   
TRACE::2026-06-16.16:55:03::SCWPlatform::Trying to open the hw design at C:/openTCSPC3/SRC/zedboard_real_microscope/vitis/platform/hw/zedboard_real_microscope_wrapper.xsa
TRACE::2026-06-16.16:55:03::SCWPlatform::DSA given C:/openTCSPC3/SRC/zedboard_real_microscope/vitis/platform/hw/zedboard_real_microscope_wrapper.xsa
TRACE::2026-06-16.16:55:03::SCWPlatform::DSA absoulate path C:/openTCSPC3/SRC/zedboard_real_microscope/vitis/platform/hw/zedboard_real_microscope_wrapper.xsa
TRACE::2026-06-16.16:55:03::SCWPlatform::DSA directory C:/openTCSPC3/SRC/zedboard_real_microscope/vitis/platform/hw
TRACE::2026-06-16.16:55:03::SCWPlatform:: Platform Path C:/openTCSPC3/SRC/zedboard_real_microscope/vitis/platform/hw/zedboard_real_microscope_wrapper.xsa
TRACE::2026-06-16.16:55:03::SCWPlatform:: Unique name xilinx:zedboard::0.0
TRACE::2026-06-16.16:55:03::SCWPlatform::Trying to set the existing hwdb with name zedboard_real_microscope_wrapper_1
TRACE::2026-06-16.16:55:03::SCWPlatform::Opened existing hwdb zedboard_real_microscope_wrapper_1
TRACE::2026-06-16.16:55:03::SCWPlatform::Found the Hw Db part of the input DSA
TRACE::2026-06-16.16:55:03::SCWMssOS::Checking the sw design at  C:/openTCSPC3/SRC/zedboard_real_microscope/vitis/platform/zynq_fsbl/zynq_fsbl_bsp/system.mss
TRACE::2026-06-16.16:55:03::SCWMssOS::DEBUG:  swdes dump  C:/openTCSPC3/SRC/zedboard_real_microscope/vitis/platform/zynq_fsbl/zynq_fsbl_bsp/system.mss|system||

TRACE::2026-06-16.16:55:03::SCWMssOS::Sw design exists and opened at  C:/openTCSPC3/SRC/zedboard_real_microscope/vitis/platform/zynq_fsbl/zynq_fsbl_bsp/system.mss
TRACE::2026-06-16.16:55:03::SCWReader::No isolation master present  
TRACE::2026-06-16.16:55:03::SCWDomain::checking for install qemu data   : 
TRACE::2026-06-16.16:55:03::SCWDomain:: Using the QEMU Data from install at  : C:/Xilinx/Vitis/2024.2/data/emulation/platforms/zynq/sw/a9_standalone/qemu/
TRACE::2026-06-16.16:55:03::SCWDomain:: Using the QEMU args  from install at  : C:/Xilinx/Vitis/2024.2/data/emulation/platforms/zynq/sw/a9_standalone/qemu/qemu_args.txt
TRACE::2026-06-16.16:55:03::SCWPlatform::Trying to open the hw design at C:/openTCSPC3/SRC/zedboard_real_microscope/vitis/platform/hw/zedboard_real_microscope_wrapper.xsa
TRACE::2026-06-16.16:55:03::SCWPlatform::DSA given C:/openTCSPC3/SRC/zedboard_real_microscope/vitis/platform/hw/zedboard_real_microscope_wrapper.xsa
TRACE::2026-06-16.16:55:03::SCWPlatform::DSA absoulate path C:/openTCSPC3/SRC/zedboard_real_microscope/vitis/platform/hw/zedboard_real_microscope_wrapper.xsa
TRACE::2026-06-16.16:55:03::SCWPlatform::DSA directory C:/openTCSPC3/SRC/zedboard_real_microscope/vitis/platform/hw
TRACE::2026-06-16.16:55:03::SCWPlatform:: Platform Path C:/openTCSPC3/SRC/zedboard_real_microscope/vitis/platform/hw/zedboard_real_microscope_wrapper.xsa
TRACE::2026-06-16.16:55:03::SCWPlatform:: Unique name xilinx:zedboard::0.0
TRACE::2026-06-16.16:55:03::SCWPlatform::Trying to set the existing hwdb with name zedboard_real_microscope_wrapper_1
TRACE::2026-06-16.16:55:03::SCWPlatform::Opened existing hwdb zedboard_real_microscope_wrapper_1
TRACE::2026-06-16.16:55:03::SCWPlatform::Found the Hw Db part of the input DSA
TRACE::2026-06-16.16:55:03::SCWPlatform::Trying to open the hw design at C:/openTCSPC3/SRC/zedboard_real_microscope/vitis/platform/hw/zedboard_real_microscope_wrapper.xsa
TRACE::2026-06-16.16:55:03::SCWPlatform::DSA given C:/openTCSPC3/SRC/zedboard_real_microscope/vitis/platform/hw/zedboard_real_microscope_wrapper.xsa
TRACE::2026-06-16.16:55:03::SCWPlatform::DSA absoulate path C:/openTCSPC3/SRC/zedboard_real_microscope/vitis/platform/hw/zedboard_real_microscope_wrapper.xsa
TRACE::2026-06-16.16:55:03::SCWPlatform::DSA directory C:/openTCSPC3/SRC/zedboard_real_microscope/vitis/platform/hw
TRACE::2026-06-16.16:55:03::SCWPlatform:: Platform Path C:/openTCSPC3/SRC/zedboard_real_microscope/vitis/platform/hw/zedboard_real_microscope_wrapper.xsa
TRACE::2026-06-16.16:55:03::SCWPlatform:: Unique name xilinx:zedboard::0.0
TRACE::2026-06-16.16:55:03::SCWPlatform::Trying to set the existing hwdb with name zedboard_real_microscope_wrapper_1
TRACE::2026-06-16.16:55:03::SCWPlatform::Opened existing hwdb zedboard_real_microscope_wrapper_1
TRACE::2026-06-16.16:55:03::SCWPlatform::Found the Hw Db part of the input DSA
TRACE::2026-06-16.16:55:03::SCWPlatform::Trying to open the hw design at C:/openTCSPC3/SRC/zedboard_real_microscope/vitis/platform/hw/zedboard_real_microscope_wrapper.xsa
TRACE::2026-06-16.16:55:03::SCWPlatform::DSA given C:/openTCSPC3/SRC/zedboard_real_microscope/vitis/platform/hw/zedboard_real_microscope_wrapper.xsa
TRACE::2026-06-16.16:55:03::SCWPlatform::DSA absoulate path C:/openTCSPC3/SRC/zedboard_real_microscope/vitis/platform/hw/zedboard_real_microscope_wrapper.xsa
TRACE::2026-06-16.16:55:03::SCWPlatform::DSA directory C:/openTCSPC3/SRC/zedboard_real_microscope/vitis/platform/hw
TRACE::2026-06-16.16:55:03::SCWPlatform:: Platform Path C:/openTCSPC3/SRC/zedboard_real_microscope/vitis/platform/hw/zedboard_real_microscope_wrapper.xsa
TRACE::2026-06-16.16:55:03::SCWPlatform:: Unique name xilinx:zedboard::0.0
TRACE::2026-06-16.16:55:03::SCWPlatform::Trying to set the existing hwdb with name zedboard_real_microscope_wrapper_1
TRACE::2026-06-16.16:55:03::SCWPlatform::Opened existing hwdb zedboard_real_microscope_wrapper_1
TRACE::2026-06-16.16:55:03::SCWPlatform::Found the Hw Db part of the input DSA
TRACE::2026-06-16.16:55:03::SCWMssOS::Checking the sw design at  C:/openTCSPC3/SRC/zedboard_real_microscope/vitis/platform/ps7_cortexa9_0/standalone_domain/bsp/system.mss
TRACE::2026-06-16.16:55:03::SCWMssOS::DEBUG:  swdes dump  C:/openTCSPC3/SRC/zedboard_real_microscope/vitis/platform/zynq_fsbl/zynq_fsbl_bsp/system.mss|system||

TRACE::2026-06-16.16:55:03::SCWMssOS::No sw design opened at  C:/openTCSPC3/SRC/zedboard_real_microscope/vitis/platform/ps7_cortexa9_0/standalone_domain/bsp/system.mss
TRACE::2026-06-16.16:55:03::SCWMssOS::mss exists loading the mss file  C:/openTCSPC3/SRC/zedboard_real_microscope/vitis/platform/ps7_cortexa9_0/standalone_domain/bsp/system.mss
TRACE::2026-06-16.16:55:03::SCWMssOS::Opened the sw design from mss  C:/openTCSPC3/SRC/zedboard_real_microscope/vitis/platform/ps7_cortexa9_0/standalone_domain/bsp/system.mss
TRACE::2026-06-16.16:55:03::SCWMssOS::Adding the swdes entry C:/openTCSPC3/SRC/zedboard_real_microscope/vitis/platform/ps7_cortexa9_0/standalone_domain/bsp/system.mss with des name system_0
TRACE::2026-06-16.16:55:03::SCWMssOS::updating the scw layer about changes
TRACE::2026-06-16.16:55:03::SCWMssOS::Opened the sw design.  C:/openTCSPC3/SRC/zedboard_real_microscope/vitis/platform/ps7_cortexa9_0/standalone_domain/bsp/system.mss
TRACE::2026-06-16.16:55:03::SCWMssOS::Saving the mss changes C:/openTCSPC3/SRC/zedboard_real_microscope/vitis/platform/ps7_cortexa9_0/standalone_domain/bsp/system.mss
TRACE::2026-06-16.16:55:03::SCWMssOS::Found a swdesign opened with the mssfile.
TRACE::2026-06-16.16:55:03::SCWMssOS::Completed writemss as part of save.
TRACE::2026-06-16.16:55:03::SCWMssOS::Commit changes completed.
TRACE::2026-06-16.16:55:03::SCWReader::Adding prebuilt librarypaths as   
TRACE::2026-06-16.16:55:03::SCWReader::Adding prebuilt incpaths  as   
TRACE::2026-06-16.16:55:03::SCWPlatform::Trying to open the hw design at C:/openTCSPC3/SRC/zedboard_real_microscope/vitis/platform/hw/zedboard_real_microscope_wrapper.xsa
TRACE::2026-06-16.16:55:03::SCWPlatform::DSA given C:/openTCSPC3/SRC/zedboard_real_microscope/vitis/platform/hw/zedboard_real_microscope_wrapper.xsa
TRACE::2026-06-16.16:55:03::SCWPlatform::DSA absoulate path C:/openTCSPC3/SRC/zedboard_real_microscope/vitis/platform/hw/zedboard_real_microscope_wrapper.xsa
TRACE::2026-06-16.16:55:03::SCWPlatform::DSA directory C:/openTCSPC3/SRC/zedboard_real_microscope/vitis/platform/hw
TRACE::2026-06-16.16:55:03::SCWPlatform:: Platform Path C:/openTCSPC3/SRC/zedboard_real_microscope/vitis/platform/hw/zedboard_real_microscope_wrapper.xsa
TRACE::2026-06-16.16:55:03::SCWPlatform:: Unique name xilinx:zedboard::0.0
TRACE::2026-06-16.16:55:03::SCWPlatform::Trying to set the existing hwdb with name zedboard_real_microscope_wrapper_1
TRACE::2026-06-16.16:55:03::SCWPlatform::Opened existing hwdb zedboard_real_microscope_wrapper_1
TRACE::2026-06-16.16:55:03::SCWPlatform::Found the Hw Db part of the input DSA
TRACE::2026-06-16.16:55:03::SCWMssOS::Checking the sw design at  C:/openTCSPC3/SRC/zedboard_real_microscope/vitis/platform/ps7_cortexa9_0/standalone_domain/bsp/system.mss
TRACE::2026-06-16.16:55:03::SCWMssOS::DEBUG:  swdes dump  C:/openTCSPC3/SRC/zedboard_real_microscope/vitis/platform/ps7_cortexa9_0/standalone_domain/bsp/system.mss|system_0||
C:/openTCSPC3/SRC/zedboard_real_microscope/vitis/platform/zynq_fsbl/zynq_fsbl_bsp/system.mss|system||

TRACE::2026-06-16.16:55:03::SCWMssOS::Sw design exists and opened at  C:/openTCSPC3/SRC/zedboard_real_microscope/vitis/platform/ps7_cortexa9_0/standalone_domain/bsp/system.mss
TRACE::2026-06-16.16:55:03::SCWReader::No isolation master present  
LOG::2026-06-16.17:01:29::SCWPlatform::Started generating the artifacts platform platform
TRACE::2026-06-16.17:01:29::SCWPlatform::Sanity checking of platform is completed
LOG::2026-06-16.17:01:29::SCWPlatform::Started generating the artifacts for system configuration platform
LOG::2026-06-16.17:01:29::SCWSystem::Checking the domain zynq_fsbl
LOG::2026-06-16.17:01:29::SCWSystem::Doing application build for :  zynq_fsbl
TRACE::2026-06-16.17:01:29::SCWBDomain::Not a forced makefile updation, No changes are present. 
TRACE::2026-06-16.17:01:29::SCWDomain::Building the domain as part of full build :  zynq_fsbl
TRACE::2026-06-16.17:01:29::SCWPlatform::Trying to open the hw design at C:/openTCSPC3/SRC/zedboard_real_microscope/vitis/platform/hw/zedboard_real_microscope_wrapper.xsa
TRACE::2026-06-16.17:01:29::SCWPlatform::DSA given C:/openTCSPC3/SRC/zedboard_real_microscope/vitis/platform/hw/zedboard_real_microscope_wrapper.xsa
TRACE::2026-06-16.17:01:29::SCWPlatform::DSA absoulate path C:/openTCSPC3/SRC/zedboard_real_microscope/vitis/platform/hw/zedboard_real_microscope_wrapper.xsa
TRACE::2026-06-16.17:01:29::SCWPlatform::DSA directory C:/openTCSPC3/SRC/zedboard_real_microscope/vitis/platform/hw
TRACE::2026-06-16.17:01:29::SCWPlatform:: Platform Path C:/openTCSPC3/SRC/zedboard_real_microscope/vitis/platform/hw/zedboard_real_microscope_wrapper.xsa
TRACE::2026-06-16.17:01:29::SCWPlatform:: Unique name xilinx:zedboard::0.0
TRACE::2026-06-16.17:01:29::SCWPlatform::Trying to set the existing hwdb with name zedboard_real_microscope_wrapper_1
TRACE::2026-06-16.17:01:29::SCWPlatform::Opened existing hwdb zedboard_real_microscope_wrapper_1
TRACE::2026-06-16.17:01:29::SCWPlatform::Found the Hw Db part of the input DSA
TRACE::2026-06-16.17:01:29::SCWMssOS::Checking the sw design at  C:/openTCSPC3/SRC/zedboard_real_microscope/vitis/platform/zynq_fsbl/zynq_fsbl_bsp/system.mss
TRACE::2026-06-16.17:01:29::SCWMssOS::DEBUG:  swdes dump  C:/openTCSPC3/SRC/zedboard_real_microscope/vitis/platform/ps7_cortexa9_0/standalone_domain/bsp/system.mss|system_0||
C:/openTCSPC3/SRC/zedboard_real_microscope/vitis/platform/zynq_fsbl/zynq_fsbl_bsp/system.mss|system||

TRACE::2026-06-16.17:01:29::SCWMssOS::Sw design exists and opened at  C:/openTCSPC3/SRC/zedboard_real_microscope/vitis/platform/zynq_fsbl/zynq_fsbl_bsp/system.mss
TRACE::2026-06-16.17:01:29::SCWBDomain::Completed writing the mss file at C:/openTCSPC3/SRC/zedboard_real_microscope/vitis/platform/zynq_fsbl/zynq_fsbl_bsp
TRACE::2026-06-16.17:01:29::SCWBDomain::bsp generated is upto date with the mss file. Skipping bsp generation.
TRACE::2026-06-16.17:01:29::SCWBDomain::Not a forced makefile updation, No changes are present. 
TRACE::2026-06-16.17:01:29::SCWBDomain::System Command Ran  C:&  cd  C:/openTCSPC3/SRC/zedboard_real_microscope/vitis/platform/zynq_fsbl& make -C  zynq_fsbl_bsp & make 
TRACE::2026-06-16.17:01:30::SCWBDomain::make: Entering directory 'C:/openTCSPC3/SRC/zedboard_real_microscope/vitis/platform/zynq_fsbl/zynq_fsbl_bsp'

TRACE::2026-06-16.17:01:30::SCWBDomain::make --no-print-directory seq_libs

TRACE::2026-06-16.17:01:30::SCWBDomain::"Running Make include in ps7_cortexa9_0/libsrc/axidma_v9_19/src"

TRACE::2026-06-16.17:01:30::SCWBDomain::make -C ps7_cortexa9_0/libsrc/axidma_v9_19/src -s include  "SHELL=CMD" "COMPILER=arm-none-eabi-gcc" "ASSEMBLER=arm-none-eabi-as
TRACE::2026-06-16.17:01:30::SCWBDomain::" "ARCHIVER=arm-none-eabi-ar" "COMPILER_FLAGS=  -O2 -c" "EXTRA_COMPILER_FLAGS=-mcpu=cortex-a9 -mfpu=vfpv3 -mfloat-abi=hard -nos
TRACE::2026-06-16.17:01:30::SCWBDomain::tartfiles -g -Wall -Wextra -fno-tree-loop-distribute-patterns"

TRACE::2026-06-16.17:01:30::SCWBDomain::"Running Make include in ps7_cortexa9_0/libsrc/bram_v4_11/src"

TRACE::2026-06-16.17:01:30::SCWBDomain::make -C ps7_cortexa9_0/libsrc/bram_v4_11/src -s include  "SHELL=CMD" "COMPILER=arm-none-eabi-gcc" "ASSEMBLER=arm-none-eabi-as" 
TRACE::2026-06-16.17:01:30::SCWBDomain::"ARCHIVER=arm-none-eabi-ar" "COMPILER_FLAGS=  -O2 -c" "EXTRA_COMPILER_FLAGS=-mcpu=cortex-a9 -mfpu=vfpv3 -mfloat-abi=hard -nosta
TRACE::2026-06-16.17:01:30::SCWBDomain::rtfiles -g -Wall -Wextra -fno-tree-loop-distribute-patterns"

TRACE::2026-06-16.17:01:30::SCWBDomain::"Running Make include in ps7_cortexa9_0/libsrc/coresightps_dcc_v1_11/src"

TRACE::2026-06-16.17:01:30::SCWBDomain::make -C ps7_cortexa9_0/libsrc/coresightps_dcc_v1_11/src -s include  "SHELL=CMD" "COMPILER=arm-none-eabi-gcc" "ASSEMBLER=arm-non
TRACE::2026-06-16.17:01:30::SCWBDomain::e-eabi-as" "ARCHIVER=arm-none-eabi-ar" "COMPILER_FLAGS=  -O2 -c" "EXTRA_COMPILER_FLAGS=-mcpu=cortex-a9 -mfpu=vfpv3 -mfloat-abi=
TRACE::2026-06-16.17:01:30::SCWBDomain::hard -nostartfiles -g -Wall -Wextra -fno-tree-loop-distribute-patterns"

TRACE::2026-06-16.17:01:30::SCWBDomain::"Running Make include in ps7_cortexa9_0/libsrc/cpu_cortexa9_v2_12/src"

TRACE::2026-06-16.17:01:30::SCWBDomain::make -C ps7_cortexa9_0/libsrc/cpu_cortexa9_v2_12/src -s include  "SHELL=CMD" "COMPILER=arm-none-eabi-gcc" "ASSEMBLER=arm-none-e
TRACE::2026-06-16.17:01:30::SCWBDomain::abi-as" "ARCHIVER=arm-none-eabi-ar" "COMPILER_FLAGS=  -O2 -c" "EXTRA_COMPILER_FLAGS=-mcpu=cortex-a9 -mfpu=vfpv3 -mfloat-abi=har
TRACE::2026-06-16.17:01:30::SCWBDomain::d -nostartfiles -g -Wall -Wextra -fno-tree-loop-distribute-patterns"

TRACE::2026-06-16.17:01:30::SCWBDomain::"Running Make include in ps7_cortexa9_0/libsrc/ddrps_v1_2/src"

TRACE::2026-06-16.17:01:30::SCWBDomain::make -C ps7_cortexa9_0/libsrc/ddrps_v1_2/src -s include  "SHELL=CMD" "COMPILER=arm-none-eabi-gcc" "ASSEMBLER=arm-none-eabi-as" 
TRACE::2026-06-16.17:01:30::SCWBDomain::"ARCHIVER=arm-none-eabi-ar" "COMPILER_FLAGS=  -O2 -c" "EXTRA_COMPILER_FLAGS=-mcpu=cortex-a9 -mfpu=vfpv3 -mfloat-abi=hard -nosta
TRACE::2026-06-16.17:01:30::SCWBDomain::rtfiles -g -Wall -Wextra -fno-tree-loop-distribute-patterns"

TRACE::2026-06-16.17:01:31::SCWBDomain::"Running Make include in ps7_cortexa9_0/libsrc/devcfg_v3_8/src"

TRACE::2026-06-16.17:01:31::SCWBDomain::make -C ps7_cortexa9_0/libsrc/devcfg_v3_8/src -s include  "SHELL=CMD" "COMPILER=arm-none-eabi-gcc" "ASSEMBLER=arm-none-eabi-as"
TRACE::2026-06-16.17:01:31::SCWBDomain:: "ARCHIVER=arm-none-eabi-ar" "COMPILER_FLAGS=  -O2 -c" "EXTRA_COMPILER_FLAGS=-mcpu=cortex-a9 -mfpu=vfpv3 -mfloat-abi=hard -nost
TRACE::2026-06-16.17:01:31::SCWBDomain::artfiles -g -Wall -Wextra -fno-tree-loop-distribute-patterns"

TRACE::2026-06-16.17:01:31::SCWBDomain::"Running Make include in ps7_cortexa9_0/libsrc/dmaps_v2_11/src"

TRACE::2026-06-16.17:01:31::SCWBDomain::make -C ps7_cortexa9_0/libsrc/dmaps_v2_11/src -s include  "SHELL=CMD" "COMPILER=arm-none-eabi-gcc" "ASSEMBLER=arm-none-eabi-as"
TRACE::2026-06-16.17:01:31::SCWBDomain:: "ARCHIVER=arm-none-eabi-ar" "COMPILER_FLAGS=  -O2 -c" "EXTRA_COMPILER_FLAGS=-mcpu=cortex-a9 -mfpu=vfpv3 -mfloat-abi=hard -nost
TRACE::2026-06-16.17:01:31::SCWBDomain::artfiles -g -Wall -Wextra -fno-tree-loop-distribute-patterns"

TRACE::2026-06-16.17:01:31::SCWBDomain::"Running Make include in ps7_cortexa9_0/libsrc/emacps_v3_21/src"

TRACE::2026-06-16.17:01:31::SCWBDomain::make -C ps7_cortexa9_0/libsrc/emacps_v3_21/src -s include  "SHELL=CMD" "COMPILER=arm-none-eabi-gcc" "ASSEMBLER=arm-none-eabi-as
TRACE::2026-06-16.17:01:31::SCWBDomain::" "ARCHIVER=arm-none-eabi-ar" "COMPILER_FLAGS=  -O2 -c" "EXTRA_COMPILER_FLAGS=-mcpu=cortex-a9 -mfpu=vfpv3 -mfloat-abi=hard -nos
TRACE::2026-06-16.17:01:31::SCWBDomain::tartfiles -g -Wall -Wextra -fno-tree-loop-distribute-patterns"

TRACE::2026-06-16.17:01:31::SCWBDomain::"Running Make include in ps7_cortexa9_0/libsrc/gpiops_v3_13/src"

TRACE::2026-06-16.17:01:31::SCWBDomain::make -C ps7_cortexa9_0/libsrc/gpiops_v3_13/src -s include  "SHELL=CMD" "COMPILER=arm-none-eabi-gcc" "ASSEMBLER=arm-none-eabi-as
TRACE::2026-06-16.17:01:31::SCWBDomain::" "ARCHIVER=arm-none-eabi-ar" "COMPILER_FLAGS=  -O2 -c" "EXTRA_COMPILER_FLAGS=-mcpu=cortex-a9 -mfpu=vfpv3 -mfloat-abi=hard -nos
TRACE::2026-06-16.17:01:31::SCWBDomain::tartfiles -g -Wall -Wextra -fno-tree-loop-distribute-patterns"

TRACE::2026-06-16.17:01:31::SCWBDomain::"Running Make include in ps7_cortexa9_0/libsrc/gpio_v4_12/src"

TRACE::2026-06-16.17:01:31::SCWBDomain::make -C ps7_cortexa9_0/libsrc/gpio_v4_12/src -s include  "SHELL=CMD" "COMPILER=arm-none-eabi-gcc" "ASSEMBLER=arm-none-eabi-as" 
TRACE::2026-06-16.17:01:31::SCWBDomain::"ARCHIVER=arm-none-eabi-ar" "COMPILER_FLAGS=  -O2 -c" "EXTRA_COMPILER_FLAGS=-mcpu=cortex-a9 -mfpu=vfpv3 -mfloat-abi=hard -nosta
TRACE::2026-06-16.17:01:31::SCWBDomain::rtfiles -g -Wall -Wextra -fno-tree-loop-distribute-patterns"

TRACE::2026-06-16.17:01:31::SCWBDomain::"Running Make include in ps7_cortexa9_0/libsrc/qspips_v3_13/src"

TRACE::2026-06-16.17:01:31::SCWBDomain::make -C ps7_cortexa9_0/libsrc/qspips_v3_13/src -s include  "SHELL=CMD" "COMPILER=arm-none-eabi-gcc" "ASSEMBLER=arm-none-eabi-as
TRACE::2026-06-16.17:01:31::SCWBDomain::" "ARCHIVER=arm-none-eabi-ar" "COMPILER_FLAGS=  -O2 -c" "EXTRA_COMPILER_FLAGS=-mcpu=cortex-a9 -mfpu=vfpv3 -mfloat-abi=hard -nos
TRACE::2026-06-16.17:01:31::SCWBDomain::tartfiles -g -Wall -Wextra -fno-tree-loop-distribute-patterns"

TRACE::2026-06-16.17:01:31::SCWBDomain::"Running Make include in ps7_cortexa9_0/libsrc/scugic_v5_4/src"

TRACE::2026-06-16.17:01:31::SCWBDomain::make -C ps7_cortexa9_0/libsrc/scugic_v5_4/src -s include  "SHELL=CMD" "COMPILER=arm-none-eabi-gcc" "ASSEMBLER=arm-none-eabi-as"
TRACE::2026-06-16.17:01:31::SCWBDomain:: "ARCHIVER=arm-none-eabi-ar" "COMPILER_FLAGS=  -O2 -c" "EXTRA_COMPILER_FLAGS=-mcpu=cortex-a9 -mfpu=vfpv3 -mfloat-abi=hard -nost
TRACE::2026-06-16.17:01:31::SCWBDomain::artfiles -g -Wall -Wextra -fno-tree-loop-distribute-patterns"

TRACE::2026-06-16.17:01:31::SCWBDomain::"Running Make include in ps7_cortexa9_0/libsrc/scutimer_v2_6/src"

TRACE::2026-06-16.17:01:31::SCWBDomain::make -C ps7_cortexa9_0/libsrc/scutimer_v2_6/src -s include  "SHELL=CMD" "COMPILER=arm-none-eabi-gcc" "ASSEMBLER=arm-none-eabi-a
TRACE::2026-06-16.17:01:31::SCWBDomain::s" "ARCHIVER=arm-none-eabi-ar" "COMPILER_FLAGS=  -O2 -c" "EXTRA_COMPILER_FLAGS=-mcpu=cortex-a9 -mfpu=vfpv3 -mfloat-abi=hard -no
TRACE::2026-06-16.17:01:31::SCWBDomain::startfiles -g -Wall -Wextra -fno-tree-loop-distribute-patterns"

TRACE::2026-06-16.17:01:32::SCWBDomain::"Running Make include in ps7_cortexa9_0/libsrc/scuwdt_v2_6/src"

TRACE::2026-06-16.17:01:32::SCWBDomain::make -C ps7_cortexa9_0/libsrc/scuwdt_v2_6/src -s include  "SHELL=CMD" "COMPILER=arm-none-eabi-gcc" "ASSEMBLER=arm-none-eabi-as"
TRACE::2026-06-16.17:01:32::SCWBDomain:: "ARCHIVER=arm-none-eabi-ar" "COMPILER_FLAGS=  -O2 -c" "EXTRA_COMPILER_FLAGS=-mcpu=cortex-a9 -mfpu=vfpv3 -mfloat-abi=hard -nost
TRACE::2026-06-16.17:01:32::SCWBDomain::artfiles -g -Wall -Wextra -fno-tree-loop-distribute-patterns"

TRACE::2026-06-16.17:01:32::SCWBDomain::"Running Make include in ps7_cortexa9_0/libsrc/sdps_v4_4/src"

TRACE::2026-06-16.17:01:32::SCWBDomain::make -C ps7_cortexa9_0/libsrc/sdps_v4_4/src -s include  "SHELL=CMD" "COMPILER=arm-none-eabi-gcc" "ASSEMBLER=arm-none-eabi-as" "
TRACE::2026-06-16.17:01:32::SCWBDomain::ARCHIVER=arm-none-eabi-ar" "COMPILER_FLAGS=  -O2 -c" "EXTRA_COMPILER_FLAGS=-mcpu=cortex-a9 -mfpu=vfpv3 -mfloat-abi=hard -nostar
TRACE::2026-06-16.17:01:32::SCWBDomain::tfiles -g -Wall -Wextra -fno-tree-loop-distribute-patterns"

TRACE::2026-06-16.17:01:32::SCWBDomain::"Running Make include in ps7_cortexa9_0/libsrc/spi_v4_13/src"

TRACE::2026-06-16.17:01:32::SCWBDomain::make -C ps7_cortexa9_0/libsrc/spi_v4_13/src -s include  "SHELL=CMD" "COMPILER=arm-none-eabi-gcc" "ASSEMBLER=arm-none-eabi-as" "
TRACE::2026-06-16.17:01:32::SCWBDomain::ARCHIVER=arm-none-eabi-ar" "COMPILER_FLAGS=  -O2 -c" "EXTRA_COMPILER_FLAGS=-mcpu=cortex-a9 -mfpu=vfpv3 -mfloat-abi=hard -nostar
TRACE::2026-06-16.17:01:32::SCWBDomain::tfiles -g -Wall -Wextra -fno-tree-loop-distribute-patterns"

TRACE::2026-06-16.17:01:32::SCWBDomain::"Running Make include in ps7_cortexa9_0/libsrc/standalone_v9_2/src"

TRACE::2026-06-16.17:01:32::SCWBDomain::make -C ps7_cortexa9_0/libsrc/standalone_v9_2/src -s include  "SHELL=CMD" "COMPILER=arm-none-eabi-gcc" "ASSEMBLER=arm-none-eabi
TRACE::2026-06-16.17:01:32::SCWBDomain::-as" "ARCHIVER=arm-none-eabi-ar" "COMPILER_FLAGS=  -O2 -c" "EXTRA_COMPILER_FLAGS=-mcpu=cortex-a9 -mfpu=vfpv3 -mfloat-abi=hard -
TRACE::2026-06-16.17:01:32::SCWBDomain::nostartfiles -g -Wall -Wextra -fno-tree-loop-distribute-patterns"

TRACE::2026-06-16.17:01:33::SCWBDomain::"Running Make include in ps7_cortexa9_0/libsrc/ttcps_v3_20/src"

TRACE::2026-06-16.17:01:33::SCWBDomain::make -C ps7_cortexa9_0/libsrc/ttcps_v3_20/src -s include  "SHELL=CMD" "COMPILER=arm-none-eabi-gcc" "ASSEMBLER=arm-none-eabi-as"
TRACE::2026-06-16.17:01:33::SCWBDomain:: "ARCHIVER=arm-none-eabi-ar" "COMPILER_FLAGS=  -O2 -c" "EXTRA_COMPILER_FLAGS=-mcpu=cortex-a9 -mfpu=vfpv3 -mfloat-abi=hard -nost
TRACE::2026-06-16.17:01:33::SCWBDomain::artfiles -g -Wall -Wextra -fno-tree-loop-distribute-patterns"

TRACE::2026-06-16.17:01:33::SCWBDomain::"Running Make include in ps7_cortexa9_0/libsrc/uartps_v3_15/src"

TRACE::2026-06-16.17:01:33::SCWBDomain::make -C ps7_cortexa9_0/libsrc/uartps_v3_15/src -s include  "SHELL=CMD" "COMPILER=arm-none-eabi-gcc" "ASSEMBLER=arm-none-eabi-as
TRACE::2026-06-16.17:01:33::SCWBDomain::" "ARCHIVER=arm-none-eabi-ar" "COMPILER_FLAGS=  -O2 -c" "EXTRA_COMPILER_FLAGS=-mcpu=cortex-a9 -mfpu=vfpv3 -mfloat-abi=hard -nos
TRACE::2026-06-16.17:01:33::SCWBDomain::tartfiles -g -Wall -Wextra -fno-tree-loop-distribute-patterns"

TRACE::2026-06-16.17:01:33::SCWBDomain::"Running Make include in ps7_cortexa9_0/libsrc/usbps_v2_9/src"

TRACE::2026-06-16.17:01:33::SCWBDomain::make -C ps7_cortexa9_0/libsrc/usbps_v2_9/src -s include  "SHELL=CMD" "COMPILER=arm-none-eabi-gcc" "ASSEMBLER=arm-none-eabi-as" 
TRACE::2026-06-16.17:01:33::SCWBDomain::"ARCHIVER=arm-none-eabi-ar" "COMPILER_FLAGS=  -O2 -c" "EXTRA_COMPILER_FLAGS=-mcpu=cortex-a9 -mfpu=vfpv3 -mfloat-abi=hard -nosta
TRACE::2026-06-16.17:01:33::SCWBDomain::rtfiles -g -Wall -Wextra -fno-tree-loop-distribute-patterns"

TRACE::2026-06-16.17:01:33::SCWBDomain::"Running Make include in ps7_cortexa9_0/libsrc/xadcps_v2_7/src"

TRACE::2026-06-16.17:01:33::SCWBDomain::make -C ps7_cortexa9_0/libsrc/xadcps_v2_7/src -s include  "SHELL=CMD" "COMPILER=arm-none-eabi-gcc" "ASSEMBLER=arm-none-eabi-as"
TRACE::2026-06-16.17:01:33::SCWBDomain:: "ARCHIVER=arm-none-eabi-ar" "COMPILER_FLAGS=  -O2 -c" "EXTRA_COMPILER_FLAGS=-mcpu=cortex-a9 -mfpu=vfpv3 -mfloat-abi=hard -nost
TRACE::2026-06-16.17:01:33::SCWBDomain::artfiles -g -Wall -Wextra -fno-tree-loop-distribute-patterns"

TRACE::2026-06-16.17:01:34::SCWBDomain::"Running Make include in ps7_cortexa9_0/libsrc/xilffs_v5_3/src"

TRACE::2026-06-16.17:01:34::SCWBDomain::make -C ps7_cortexa9_0/libsrc/xilffs_v5_3/src -s include  "SHELL=CMD" "COMPILER=arm-none-eabi-gcc" "ASSEMBLER=arm-none-eabi-as"
TRACE::2026-06-16.17:01:34::SCWBDomain:: "ARCHIVER=arm-none-eabi-ar" "COMPILER_FLAGS=  -O2 -c" "EXTRA_COMPILER_FLAGS=-mcpu=cortex-a9 -mfpu=vfpv3 -mfloat-abi=hard -nost
TRACE::2026-06-16.17:01:34::SCWBDomain::artfiles -g -Wall -Wextra -fno-tree-loop-distribute-patterns"

TRACE::2026-06-16.17:01:34::SCWBDomain::"Running Make include in ps7_cortexa9_0/libsrc/xilrsa_v1_8/src"

TRACE::2026-06-16.17:01:34::SCWBDomain::make -C ps7_cortexa9_0/libsrc/xilrsa_v1_8/src -s include  "SHELL=CMD" "COMPILER=arm-none-eabi-gcc" "ASSEMBLER=arm-none-eabi-as"
TRACE::2026-06-16.17:01:34::SCWBDomain:: "ARCHIVER=arm-none-eabi-ar" "COMPILER_FLAGS=  -O2 -c" "EXTRA_COMPILER_FLAGS=-mcpu=cortex-a9 -mfpu=vfpv3 -mfloat-abi=hard -nost
TRACE::2026-06-16.17:01:34::SCWBDomain::artfiles -g -Wall -Wextra -fno-tree-loop-distribute-patterns"

TRACE::2026-06-16.17:01:34::SCWBDomain::"Running Make libs in ps7_cortexa9_0/libsrc/xilrsa_v1_8/src"

TRACE::2026-06-16.17:01:34::SCWBDomain::make -C ps7_cortexa9_0/libsrc/xilrsa_v1_8/src -s libs  "SHELL=CMD" "COMPILER=arm-none-eabi-gcc" "ASSEMBLER=arm-none-eabi-as" "A
TRACE::2026-06-16.17:01:34::SCWBDomain::RCHIVER=arm-none-eabi-ar" "COMPILER_FLAGS=  -O2 -c" "EXTRA_COMPILER_FLAGS=-mcpu=cortex-a9 -mfpu=vfpv3 -mfloat-abi=hard -nostart
TRACE::2026-06-16.17:01:34::SCWBDomain::files -g -Wall -Wextra -fno-tree-loop-distribute-patterns"

TRACE::2026-06-16.17:01:34::SCWBDomain::'Finished building libraries sequentially.'

TRACE::2026-06-16.17:01:34::SCWBDomain::make -j 14 --no-print-directory par_libs

TRACE::2026-06-16.17:01:34::SCWBDomain::"Running Make include in ps7_cortexa9_0/libsrc/axidma_v9_19/src"

TRACE::2026-06-16.17:01:34::SCWBDomain::make -C ps7_cortexa9_0/libsrc/axidma_v9_19/src -s include  "SHELL=CMD" "COMPILER=arm-none-eabi-gcc" "ASSEMBLER=arm-none-eabi-as
TRACE::2026-06-16.17:01:34::SCWBDomain::" "ARCHIVER=arm-none-eabi-ar" "COMPILER_FLAGS=  -O2 -c" "EXTRA_COMPILER_FLAGS=-mcpu=cortex-a9 -mfpu=vfpv3 -mfloat-abi=hard -nos
TRACE::2026-06-16.17:01:34::SCWBDomain::tartfiles -g -Wall -Wextra -fno-tree-loop-distribute-patterns"

TRACE::2026-06-16.17:01:34::SCWBDomain::"Running Make include in ps7_cortexa9_0/libsrc/bram_v4_11/src"

TRACE::2026-06-16.17:01:34::SCWBDomain::make -C ps7_cortexa9_0/libsrc/bram_v4_11/src -s include  "SHELL=CMD" "COMPILER=arm-none-eabi-gcc" "ASSEMBLER=arm-none-eabi-as" 
TRACE::2026-06-16.17:01:34::SCWBDomain::"ARCHIVER=arm-none-eabi-ar" "COMPILER_FLAGS=  -O2 -c" "EXTRA_COMPILER_FLAGS=-mcpu=cortex-a9 -mfpu=vfpv3 -mfloat-abi=hard -nosta
TRACE::2026-06-16.17:01:34::SCWBDomain::rtfiles -g -Wall -Wextra -fno-tree-loop-distribute-patterns"

TRACE::2026-06-16.17:01:34::SCWBDomain::"Running Make include in ps7_cortexa9_0/libsrc/coresightps_dcc_v1_11/src"

TRACE::2026-06-16.17:01:34::SCWBDomain::make -C ps7_cortexa9_0/libsrc/coresightps_dcc_v1_11/src -s include  "SHELL=CMD" "COMPILER=arm-none-eabi-gcc" "ASSEMBLER=arm-non
TRACE::2026-06-16.17:01:34::SCWBDomain::e-eabi-as" "ARCHIVER=arm-none-eabi-ar" "COMPILER_FLAGS=  -O2 -c" "EXTRA_COMPILER_FLAGS=-mcpu=cortex-a9 -mfpu=vfpv3 -mfloat-abi=
TRACE::2026-06-16.17:01:34::SCWBDomain::hard -nostartfiles -g -Wall -Wextra -fno-tree-loop-distribute-patterns"

TRACE::2026-06-16.17:01:34::SCWBDomain::"Running Make include in ps7_cortexa9_0/libsrc/cpu_cortexa9_v2_12/src"

TRACE::2026-06-16.17:01:34::SCWBDomain::make -C ps7_cortexa9_0/libsrc/cpu_cortexa9_v2_12/src -s include  "SHELL=CMD" "COMPILER=arm-none-eabi-gcc" "ASSEMBLER=arm-none-e
TRACE::2026-06-16.17:01:34::SCWBDomain::abi-as" "ARCHIVER=arm-none-eabi-ar" "COMPILER_FLAGS=  -O2 -c" "EXTRA_COMPILER_FLAGS=-mcpu=cortex-a9 -mfpu=vfpv3 -mfloat-abi=har
TRACE::2026-06-16.17:01:34::SCWBDomain::d -nostartfiles -g -Wall -Wextra -fno-tree-loop-distribute-patterns"

TRACE::2026-06-16.17:01:34::SCWBDomain::"Running Make include in ps7_cortexa9_0/libsrc/ddrps_v1_2/src"

TRACE::2026-06-16.17:01:34::SCWBDomain::make -C ps7_cortexa9_0/libsrc/ddrps_v1_2/src -s include  "SHELL=CMD" "COMPILER=arm-none-eabi-gcc" "ASSEMBLER=arm-none-eabi-as" 
TRACE::2026-06-16.17:01:34::SCWBDomain::"ARCHIVER=arm-none-eabi-ar" "COMPILER_FLAGS=  -O2 -c" "EXTRA_COMPILER_FLAGS=-mcpu=cortex-a9 -mfpu=vfpv3 -mfloat-abi=hard -nosta
TRACE::2026-06-16.17:01:34::SCWBDomain::rtfiles -g -Wall -Wextra -fno-tree-loop-distribute-patterns"

TRACE::2026-06-16.17:01:34::SCWBDomain::"Running Make include in ps7_cortexa9_0/libsrc/devcfg_v3_8/src"

TRACE::2026-06-16.17:01:34::SCWBDomain::make -C ps7_cortexa9_0/libsrc/devcfg_v3_8/src -s include  "SHELL=CMD" "COMPILER=arm-none-eabi-gcc" "ASSEMBLER=arm-none-eabi-as"
TRACE::2026-06-16.17:01:34::SCWBDomain:: "ARCHIVER=arm-none-eabi-ar" "COMPILER_FLAGS=  -O2 -c" "EXTRA_COMPILER_FLAGS=-mcpu=cortex-a9 -mfpu=vfpv3 -mfloat-abi=hard -nost
TRACE::2026-06-16.17:01:34::SCWBDomain::artfiles -g -Wall -Wextra -fno-tree-loop-distribute-patterns"

TRACE::2026-06-16.17:01:34::SCWBDomain::"Running Make include in ps7_cortexa9_0/libsrc/dmaps_v2_11/src"

TRACE::2026-06-16.17:01:34::SCWBDomain::make -C ps7_cortexa9_0/libsrc/dmaps_v2_11/src -s include  "SHELL=CMD" "COMPILER=arm-none-eabi-gcc" "ASSEMBLER=arm-none-eabi-as"
TRACE::2026-06-16.17:01:34::SCWBDomain:: "ARCHIVER=arm-none-eabi-ar" "COMPILER_FLAGS=  -O2 -c" "EXTRA_COMPILER_FLAGS=-mcpu=cortex-a9 -mfpu=vfpv3 -mfloat-abi=hard -nost
TRACE::2026-06-16.17:01:34::SCWBDomain::artfiles -g -Wall -Wextra -fno-tree-loop-distribute-patterns"

TRACE::2026-06-16.17:01:34::SCWBDomain::"Running Make include in ps7_cortexa9_0/libsrc/emacps_v3_21/src"

TRACE::2026-06-16.17:01:34::SCWBDomain::make -C ps7_cortexa9_0/libsrc/emacps_v3_21/src -s include  "SHELL=CMD" "COMPILER=arm-none-eabi-gcc" "ASSEMBLER=arm-none-eabi-as
TRACE::2026-06-16.17:01:34::SCWBDomain::" "ARCHIVER=arm-none-eabi-ar" "COMPILER_FLAGS=  -O2 -c" "EXTRA_COMPILER_FLAGS=-mcpu=cortex-a9 -mfpu=vfpv3 -mfloat-abi=hard -nos
TRACE::2026-06-16.17:01:34::SCWBDomain::tartfiles -g -Wall -Wextra -fno-tree-loop-distribute-patterns"

TRACE::2026-06-16.17:01:34::SCWBDomain::"Running Make include in ps7_cortexa9_0/libsrc/gpiops_v3_13/src"

TRACE::2026-06-16.17:01:34::SCWBDomain::make -C ps7_cortexa9_0/libsrc/gpiops_v3_13/src -s include  "SHELL=CMD" "COMPILER=arm-none-eabi-gcc" "ASSEMBLER=arm-none-eabi-as
TRACE::2026-06-16.17:01:34::SCWBDomain::" "ARCHIVER=arm-none-eabi-ar" "COMPILER_FLAGS=  -O2 -c" "EXTRA_COMPILER_FLAGS=-mcpu=cortex-a9 -mfpu=vfpv3 -mfloat-abi=hard -nos
TRACE::2026-06-16.17:01:34::SCWBDomain::tartfiles -g -Wall -Wextra -fno-tree-loop-distribute-patterns"

TRACE::2026-06-16.17:01:34::SCWBDomain::"Running Make include in ps7_cortexa9_0/libsrc/gpio_v4_12/src"

TRACE::2026-06-16.17:01:34::SCWBDomain::make -C ps7_cortexa9_0/libsrc/gpio_v4_12/src -s include  "SHELL=CMD" "COMPILER=arm-none-eabi-gcc" "ASSEMBLER=arm-none-eabi-as" 
TRACE::2026-06-16.17:01:34::SCWBDomain::"ARCHIVER=arm-none-eabi-ar" "COMPILER_FLAGS=  -O2 -c" "EXTRA_COMPILER_FLAGS=-mcpu=cortex-a9 -mfpu=vfpv3 -mfloat-abi=hard -nosta
TRACE::2026-06-16.17:01:34::SCWBDomain::rtfiles -g -Wall -Wextra -fno-tree-loop-distribute-patterns"

TRACE::2026-06-16.17:01:34::SCWBDomain::"Running Make include in ps7_cortexa9_0/libsrc/qspips_v3_13/src"

TRACE::2026-06-16.17:01:34::SCWBDomain::make -C ps7_cortexa9_0/libsrc/qspips_v3_13/src -s include  "SHELL=CMD" "COMPILER=arm-none-eabi-gcc" "ASSEMBLER=arm-none-eabi-as
TRACE::2026-06-16.17:01:34::SCWBDomain::" "ARCHIVER=arm-none-eabi-ar" "COMPILER_FLAGS=  -O2 -c" "EXTRA_COMPILER_FLAGS=-mcpu=cortex-a9 -mfpu=vfpv3 -mfloat-abi=hard -nos
TRACE::2026-06-16.17:01:34::SCWBDomain::tartfiles -g -Wall -Wextra -fno-tree-loop-distribute-patterns"

TRACE::2026-06-16.17:01:34::SCWBDomain::"Running Make include in ps7_cortexa9_0/libsrc/scugic_v5_4/src"

TRACE::2026-06-16.17:01:34::SCWBDomain::make -C ps7_cortexa9_0/libsrc/scugic_v5_4/src -s include  "SHELL=CMD" "COMPILER=arm-none-eabi-gcc" "ASSEMBLER=arm-none-eabi-as"
TRACE::2026-06-16.17:01:34::SCWBDomain:: "ARCHIVER=arm-none-eabi-ar" "COMPILER_FLAGS=  -O2 -c" "EXTRA_COMPILER_FLAGS=-mcpu=cortex-a9 -mfpu=vfpv3 -mfloat-abi=hard -nost
TRACE::2026-06-16.17:01:34::SCWBDomain::artfiles -g -Wall -Wextra -fno-tree-loop-distribute-patterns"

TRACE::2026-06-16.17:01:34::SCWBDomain::"Running Make include in ps7_cortexa9_0/libsrc/scutimer_v2_6/src"

TRACE::2026-06-16.17:01:34::SCWBDomain::make -C ps7_cortexa9_0/libsrc/scutimer_v2_6/src -s include  "SHELL=CMD" "COMPILER=arm-none-eabi-gcc" "ASSEMBLER=arm-none-eabi-a
TRACE::2026-06-16.17:01:34::SCWBDomain::s" "ARCHIVER=arm-none-eabi-ar" "COMPILER_FLAGS=  -O2 -c" "EXTRA_COMPILER_FLAGS=-mcpu=cortex-a9 -mfpu=vfpv3 -mfloat-abi=hard -no
TRACE::2026-06-16.17:01:34::SCWBDomain::startfiles -g -Wall -Wextra -fno-tree-loop-distribute-patterns"

TRACE::2026-06-16.17:01:34::SCWBDomain::"Running Make include in ps7_cortexa9_0/libsrc/scuwdt_v2_6/src"

TRACE::2026-06-16.17:01:34::SCWBDomain::make -C ps7_cortexa9_0/libsrc/scuwdt_v2_6/src -s include  "SHELL=CMD" "COMPILER=arm-none-eabi-gcc" "ASSEMBLER=arm-none-eabi-as"
TRACE::2026-06-16.17:01:34::SCWBDomain:: "ARCHIVER=arm-none-eabi-ar" "COMPILER_FLAGS=  -O2 -c" "EXTRA_COMPILER_FLAGS=-mcpu=cortex-a9 -mfpu=vfpv3 -mfloat-abi=hard -nost
TRACE::2026-06-16.17:01:34::SCWBDomain::artfiles -g -Wall -Wextra -fno-tree-loop-distribute-patterns"

TRACE::2026-06-16.17:01:34::SCWBDomain::"Running Make include in ps7_cortexa9_0/libsrc/sdps_v4_4/src"

TRACE::2026-06-16.17:01:34::SCWBDomain::make -C ps7_cortexa9_0/libsrc/sdps_v4_4/src -s include  "SHELL=CMD" "COMPILER=arm-none-eabi-gcc" "ASSEMBLER=arm-none-eabi-as" "
TRACE::2026-06-16.17:01:34::SCWBDomain::ARCHIVER=arm-none-eabi-ar" "COMPILER_FLAGS=  -O2 -c" "EXTRA_COMPILER_FLAGS=-mcpu=cortex-a9 -mfpu=vfpv3 -mfloat-abi=hard -nostar
TRACE::2026-06-16.17:01:34::SCWBDomain::tfiles -g -Wall -Wextra -fno-tree-loop-distribute-patterns"

TRACE::2026-06-16.17:01:34::SCWBDomain::"Running Make include in ps7_cortexa9_0/libsrc/spi_v4_13/src"

TRACE::2026-06-16.17:01:34::SCWBDomain::make -C ps7_cortexa9_0/libsrc/spi_v4_13/src -s include  "SHELL=CMD" "COMPILER=arm-none-eabi-gcc" "ASSEMBLER=arm-none-eabi-as" "
TRACE::2026-06-16.17:01:34::SCWBDomain::ARCHIVER=arm-none-eabi-ar" "COMPILER_FLAGS=  -O2 -c" "EXTRA_COMPILER_FLAGS=-mcpu=cortex-a9 -mfpu=vfpv3 -mfloat-abi=hard -nostar
TRACE::2026-06-16.17:01:34::SCWBDomain::tfiles -g -Wall -Wextra -fno-tree-loop-distribute-patterns"

TRACE::2026-06-16.17:01:34::SCWBDomain::"Running Make include in ps7_cortexa9_0/libsrc/standalone_v9_2/src"

TRACE::2026-06-16.17:01:34::SCWBDomain::make -C ps7_cortexa9_0/libsrc/standalone_v9_2/src -s include  "SHELL=CMD" "COMPILER=arm-none-eabi-gcc" "ASSEMBLER=arm-none-eabi
TRACE::2026-06-16.17:01:34::SCWBDomain::-as" "ARCHIVER=arm-none-eabi-ar" "COMPILER_FLAGS=  -O2 -c" "EXTRA_COMPILER_FLAGS=-mcpu=cortex-a9 -mfpu=vfpv3 -mfloat-abi=hard -
TRACE::2026-06-16.17:01:34::SCWBDomain::nostartfiles -g -Wall -Wextra -fno-tree-loop-distribute-patterns"

TRACE::2026-06-16.17:01:34::SCWBDomain::"Running Make include in ps7_cortexa9_0/libsrc/ttcps_v3_20/src"

TRACE::2026-06-16.17:01:34::SCWBDomain::make -C ps7_cortexa9_0/libsrc/ttcps_v3_20/src -s include  "SHELL=CMD" "COMPILER=arm-none-eabi-gcc" "ASSEMBLER=arm-none-eabi-as"
TRACE::2026-06-16.17:01:34::SCWBDomain:: "ARCHIVER=arm-none-eabi-ar" "COMPILER_FLAGS=  -O2 -c" "EXTRA_COMPILER_FLAGS=-mcpu=cortex-a9 -mfpu=vfpv3 -mfloat-abi=hard -nost
TRACE::2026-06-16.17:01:34::SCWBDomain::artfiles -g -Wall -Wextra -fno-tree-loop-distribute-patterns"

TRACE::2026-06-16.17:01:34::SCWBDomain::"Running Make include in ps7_cortexa9_0/libsrc/uartps_v3_15/src"

TRACE::2026-06-16.17:01:34::SCWBDomain::make -C ps7_cortexa9_0/libsrc/uartps_v3_15/src -s include  "SHELL=CMD" "COMPILER=arm-none-eabi-gcc" "ASSEMBLER=arm-none-eabi-as
TRACE::2026-06-16.17:01:34::SCWBDomain::" "ARCHIVER=arm-none-eabi-ar" "COMPILER_FLAGS=  -O2 -c" "EXTRA_COMPILER_FLAGS=-mcpu=cortex-a9 -mfpu=vfpv3 -mfloat-abi=hard -nos
TRACE::2026-06-16.17:01:34::SCWBDomain::tartfiles -g -Wall -Wextra -fno-tree-loop-distribute-patterns"

TRACE::2026-06-16.17:01:34::SCWBDomain::"Running Make include in ps7_cortexa9_0/libsrc/usbps_v2_9/src"

TRACE::2026-06-16.17:01:34::SCWBDomain::make -C ps7_cortexa9_0/libsrc/usbps_v2_9/src -s include  "SHELL=CMD" "COMPILER=arm-none-eabi-gcc" "ASSEMBLER=arm-none-eabi-as" 
TRACE::2026-06-16.17:01:34::SCWBDomain::"ARCHIVER=arm-none-eabi-ar" "COMPILER_FLAGS=  -O2 -c" "EXTRA_COMPILER_FLAGS=-mcpu=cortex-a9 -mfpu=vfpv3 -mfloat-abi=hard -nosta
TRACE::2026-06-16.17:01:34::SCWBDomain::rtfiles -g -Wall -Wextra -fno-tree-loop-distribute-patterns"

TRACE::2026-06-16.17:01:34::SCWBDomain::"Running Make include in ps7_cortexa9_0/libsrc/xadcps_v2_7/src"

TRACE::2026-06-16.17:01:34::SCWBDomain::make -C ps7_cortexa9_0/libsrc/xadcps_v2_7/src -s include  "SHELL=CMD" "COMPILER=arm-none-eabi-gcc" "ASSEMBLER=arm-none-eabi-as"
TRACE::2026-06-16.17:01:34::SCWBDomain:: "ARCHIVER=arm-none-eabi-ar" "COMPILER_FLAGS=  -O2 -c" "EXTRA_COMPILER_FLAGS=-mcpu=cortex-a9 -mfpu=vfpv3 -mfloat-abi=hard -nost
TRACE::2026-06-16.17:01:34::SCWBDomain::artfiles -g -Wall -Wextra -fno-tree-loop-distribute-patterns"

TRACE::2026-06-16.17:01:35::SCWBDomain::"Running Make include in ps7_cortexa9_0/libsrc/xilffs_v5_3/src"

TRACE::2026-06-16.17:01:35::SCWBDomain::make -C ps7_cortexa9_0/libsrc/xilffs_v5_3/src -s include  "SHELL=CMD" "COMPILER=arm-none-eabi-gcc" "ASSEMBLER=arm-none-eabi-as"
TRACE::2026-06-16.17:01:35::SCWBDomain:: "ARCHIVER=arm-none-eabi-ar" "COMPILER_FLAGS=  -O2 -c" "EXTRA_COMPILER_FLAGS=-mcpu=cortex-a9 -mfpu=vfpv3 -mfloat-abi=hard -nost
TRACE::2026-06-16.17:01:35::SCWBDomain::artfiles -g -Wall -Wextra -fno-tree-loop-distribute-patterns"

TRACE::2026-06-16.17:01:35::SCWBDomain::"Running Make include in ps7_cortexa9_0/libsrc/xilrsa_v1_8/src"

TRACE::2026-06-16.17:01:35::SCWBDomain::make -C ps7_cortexa9_0/libsrc/xilrsa_v1_8/src -s include  "SHELL=CMD" "COMPILER=arm-none-eabi-gcc" "ASSEMBLER=arm-none-eabi-as"
TRACE::2026-06-16.17:01:35::SCWBDomain:: "ARCHIVER=arm-none-eabi-ar" "COMPILER_FLAGS=  -O2 -c" "EXTRA_COMPILER_FLAGS=-mcpu=cortex-a9 -mfpu=vfpv3 -mfloat-abi=hard -nost
TRACE::2026-06-16.17:01:35::SCWBDomain::artfiles -g -Wall -Wextra -fno-tree-loop-distribute-patterns"

TRACE::2026-06-16.17:01:35::SCWBDomain::"Running Make libs in ps7_cortexa9_0/libsrc/axidma_v9_19/src"

TRACE::2026-06-16.17:01:35::SCWBDomain::make -C ps7_cortexa9_0/libsrc/axidma_v9_19/src -s libs  "SHELL=CMD" "COMPILER=arm-none-eabi-gcc" "ASSEMBLER=arm-none-eabi-as" "
TRACE::2026-06-16.17:01:35::SCWBDomain::ARCHIVER=arm-none-eabi-ar" "COMPILER_FLAGS=  -O2 -c" "EXTRA_COMPILER_FLAGS=-mcpu=cortex-a9 -mfpu=vfpv3 -mfloat-abi=hard -nostar
TRACE::2026-06-16.17:01:35::SCWBDomain::tfiles -g -Wall -Wextra -fno-tree-loop-distribute-patterns"

TRACE::2026-06-16.17:01:35::SCWBDomain::"Running Make libs in ps7_cortexa9_0/libsrc/bram_v4_11/src"

TRACE::2026-06-16.17:01:35::SCWBDomain::make -C ps7_cortexa9_0/libsrc/bram_v4_11/src -s libs  "SHELL=CMD" "COMPILER=arm-none-eabi-gcc" "ASSEMBLER=arm-none-eabi-as" "AR
TRACE::2026-06-16.17:01:35::SCWBDomain::CHIVER=arm-none-eabi-ar" "COMPILER_FLAGS=  -O2 -c" "EXTRA_COMPILER_FLAGS=-mcpu=cortex-a9 -mfpu=vfpv3 -mfloat-abi=hard -nostartf
TRACE::2026-06-16.17:01:35::SCWBDomain::iles -g -Wall -Wextra -fno-tree-loop-distribute-patterns"

TRACE::2026-06-16.17:01:35::SCWBDomain::"Running Make libs in ps7_cortexa9_0/libsrc/coresightps_dcc_v1_11/src"

TRACE::2026-06-16.17:01:35::SCWBDomain::make -C ps7_cortexa9_0/libsrc/coresightps_dcc_v1_11/src -s libs  "SHELL=CMD" "COMPILER=arm-none-eabi-gcc" "ASSEMBLER=arm-none-e
TRACE::2026-06-16.17:01:35::SCWBDomain::abi-as" "ARCHIVER=arm-none-eabi-ar" "COMPILER_FLAGS=  -O2 -c" "EXTRA_COMPILER_FLAGS=-mcpu=cortex-a9 -mfpu=vfpv3 -mfloat-abi=har
TRACE::2026-06-16.17:01:35::SCWBDomain::d -nostartfiles -g -Wall -Wextra -fno-tree-loop-distribute-patterns"

TRACE::2026-06-16.17:01:35::SCWBDomain::"Running Make libs in ps7_cortexa9_0/libsrc/cpu_cortexa9_v2_12/src"

TRACE::2026-06-16.17:01:35::SCWBDomain::make -C ps7_cortexa9_0/libsrc/cpu_cortexa9_v2_12/src -s libs  "SHELL=CMD" "COMPILER=arm-none-eabi-gcc" "ASSEMBLER=arm-none-eabi
TRACE::2026-06-16.17:01:35::SCWBDomain::-as" "ARCHIVER=arm-none-eabi-ar" "COMPILER_FLAGS=  -O2 -c" "EXTRA_COMPILER_FLAGS=-mcpu=cortex-a9 -mfpu=vfpv3 -mfloat-abi=hard -
TRACE::2026-06-16.17:01:35::SCWBDomain::nostartfiles -g -Wall -Wextra -fno-tree-loop-distribute-patterns"

TRACE::2026-06-16.17:01:35::SCWBDomain::"Running Make libs in ps7_cortexa9_0/libsrc/ddrps_v1_2/src"

TRACE::2026-06-16.17:01:35::SCWBDomain::make -C ps7_cortexa9_0/libsrc/ddrps_v1_2/src -s libs  "SHELL=CMD" "COMPILER=arm-none-eabi-gcc" "ASSEMBLER=arm-none-eabi-as" "AR
TRACE::2026-06-16.17:01:35::SCWBDomain::CHIVER=arm-none-eabi-ar" "COMPILER_FLAGS=  -O2 -c" "EXTRA_COMPILER_FLAGS=-mcpu=cortex-a9 -mfpu=vfpv3 -mfloat-abi=hard -nostartf
TRACE::2026-06-16.17:01:35::SCWBDomain::iles -g -Wall -Wextra -fno-tree-loop-distribute-patterns"

TRACE::2026-06-16.17:01:35::SCWBDomain::"Running Make libs in ps7_cortexa9_0/libsrc/devcfg_v3_8/src"

TRACE::2026-06-16.17:01:35::SCWBDomain::make -C ps7_cortexa9_0/libsrc/devcfg_v3_8/src -s libs  "SHELL=CMD" "COMPILER=arm-none-eabi-gcc" "ASSEMBLER=arm-none-eabi-as" "A
TRACE::2026-06-16.17:01:35::SCWBDomain::RCHIVER=arm-none-eabi-ar" "COMPILER_FLAGS=  -O2 -c" "EXTRA_COMPILER_FLAGS=-mcpu=cortex-a9 -mfpu=vfpv3 -mfloat-abi=hard -nostart
TRACE::2026-06-16.17:01:35::SCWBDomain::files -g -Wall -Wextra -fno-tree-loop-distribute-patterns"

TRACE::2026-06-16.17:01:35::SCWBDomain::"Running Make libs in ps7_cortexa9_0/libsrc/dmaps_v2_11/src"

TRACE::2026-06-16.17:01:35::SCWBDomain::make -C ps7_cortexa9_0/libsrc/dmaps_v2_11/src -s libs  "SHELL=CMD" "COMPILER=arm-none-eabi-gcc" "ASSEMBLER=arm-none-eabi-as" "A
TRACE::2026-06-16.17:01:35::SCWBDomain::RCHIVER=arm-none-eabi-ar" "COMPILER_FLAGS=  -O2 -c" "EXTRA_COMPILER_FLAGS=-mcpu=cortex-a9 -mfpu=vfpv3 -mfloat-abi=hard -nostart
TRACE::2026-06-16.17:01:35::SCWBDomain::files -g -Wall -Wextra -fno-tree-loop-distribute-patterns"

TRACE::2026-06-16.17:01:35::SCWBDomain::"Running Make libs in ps7_cortexa9_0/libsrc/emacps_v3_21/src"

TRACE::2026-06-16.17:01:35::SCWBDomain::make -C ps7_cortexa9_0/libsrc/emacps_v3_21/src -s libs  "SHELL=CMD" "COMPILER=arm-none-eabi-gcc" "ASSEMBLER=arm-none-eabi-as" "
TRACE::2026-06-16.17:01:35::SCWBDomain::ARCHIVER=arm-none-eabi-ar" "COMPILER_FLAGS=  -O2 -c" "EXTRA_COMPILER_FLAGS=-mcpu=cortex-a9 -mfpu=vfpv3 -mfloat-abi=hard -nostar
TRACE::2026-06-16.17:01:35::SCWBDomain::tfiles -g -Wall -Wextra -fno-tree-loop-distribute-patterns"

TRACE::2026-06-16.17:01:36::SCWBDomain::"Running Make libs in ps7_cortexa9_0/libsrc/gpiops_v3_13/src"

TRACE::2026-06-16.17:01:36::SCWBDomain::make -C ps7_cortexa9_0/libsrc/gpiops_v3_13/src -s libs  "SHELL=CMD" "COMPILER=arm-none-eabi-gcc" "ASSEMBLER=arm-none-eabi-as" "
TRACE::2026-06-16.17:01:36::SCWBDomain::ARCHIVER=arm-none-eabi-ar" "COMPILER_FLAGS=  -O2 -c" "EXTRA_COMPILER_FLAGS=-mcpu=cortex-a9 -mfpu=vfpv3 -mfloat-abi=hard -nostar
TRACE::2026-06-16.17:01:36::SCWBDomain::tfiles -g -Wall -Wextra -fno-tree-loop-distribute-patterns"

TRACE::2026-06-16.17:01:36::SCWBDomain::"Running Make libs in ps7_cortexa9_0/libsrc/gpio_v4_12/src"

TRACE::2026-06-16.17:01:36::SCWBDomain::make -C ps7_cortexa9_0/libsrc/gpio_v4_12/src -s libs  "SHELL=CMD" "COMPILER=arm-none-eabi-gcc" "ASSEMBLER=arm-none-eabi-as" "AR
TRACE::2026-06-16.17:01:36::SCWBDomain::CHIVER=arm-none-eabi-ar" "COMPILER_FLAGS=  -O2 -c" "EXTRA_COMPILER_FLAGS=-mcpu=cortex-a9 -mfpu=vfpv3 -mfloat-abi=hard -nostartf
TRACE::2026-06-16.17:01:36::SCWBDomain::iles -g -Wall -Wextra -fno-tree-loop-distribute-patterns"

TRACE::2026-06-16.17:01:36::SCWBDomain::"Running Make libs in ps7_cortexa9_0/libsrc/qspips_v3_13/src"

TRACE::2026-06-16.17:01:36::SCWBDomain::make -C ps7_cortexa9_0/libsrc/qspips_v3_13/src -s libs  "SHELL=CMD" "COMPILER=arm-none-eabi-gcc" "ASSEMBLER=arm-none-eabi-as" "
TRACE::2026-06-16.17:01:36::SCWBDomain::ARCHIVER=arm-none-eabi-ar" "COMPILER_FLAGS=  -O2 -c" "EXTRA_COMPILER_FLAGS=-mcpu=cortex-a9 -mfpu=vfpv3 -mfloat-abi=hard -nostar
TRACE::2026-06-16.17:01:36::SCWBDomain::tfiles -g -Wall -Wextra -fno-tree-loop-distribute-patterns"

TRACE::2026-06-16.17:01:36::SCWBDomain::"Running Make libs in ps7_cortexa9_0/libsrc/scugic_v5_4/src"

TRACE::2026-06-16.17:01:36::SCWBDomain::make -C ps7_cortexa9_0/libsrc/scugic_v5_4/src -s libs  "SHELL=CMD" "COMPILER=arm-none-eabi-gcc" "ASSEMBLER=arm-none-eabi-as" "A
TRACE::2026-06-16.17:01:36::SCWBDomain::RCHIVER=arm-none-eabi-ar" "COMPILER_FLAGS=  -O2 -c" "EXTRA_COMPILER_FLAGS=-mcpu=cortex-a9 -mfpu=vfpv3 -mfloat-abi=hard -nostart
TRACE::2026-06-16.17:01:36::SCWBDomain::files -g -Wall -Wextra -fno-tree-loop-distribute-patterns"

TRACE::2026-06-16.17:01:36::SCWBDomain::"Running Make libs in ps7_cortexa9_0/libsrc/scutimer_v2_6/src"

TRACE::2026-06-16.17:01:36::SCWBDomain::make -C ps7_cortexa9_0/libsrc/scutimer_v2_6/src -s libs  "SHELL=CMD" "COMPILER=arm-none-eabi-gcc" "ASSEMBLER=arm-none-eabi-as" 
TRACE::2026-06-16.17:01:36::SCWBDomain::"ARCHIVER=arm-none-eabi-ar" "COMPILER_FLAGS=  -O2 -c" "EXTRA_COMPILER_FLAGS=-mcpu=cortex-a9 -mfpu=vfpv3 -mfloat-abi=hard -nosta
TRACE::2026-06-16.17:01:36::SCWBDomain::rtfiles -g -Wall -Wextra -fno-tree-loop-distribute-patterns"

TRACE::2026-06-16.17:01:36::SCWBDomain::"Running Make libs in ps7_cortexa9_0/libsrc/scuwdt_v2_6/src"

TRACE::2026-06-16.17:01:36::SCWBDomain::make -C ps7_cortexa9_0/libsrc/scuwdt_v2_6/src -s libs  "SHELL=CMD" "COMPILER=arm-none-eabi-gcc" "ASSEMBLER=arm-none-eabi-as" "A
TRACE::2026-06-16.17:01:36::SCWBDomain::RCHIVER=arm-none-eabi-ar" "COMPILER_FLAGS=  -O2 -c" "EXTRA_COMPILER_FLAGS=-mcpu=cortex-a9 -mfpu=vfpv3 -mfloat-abi=hard -nostart
TRACE::2026-06-16.17:01:36::SCWBDomain::files -g -Wall -Wextra -fno-tree-loop-distribute-patterns"

TRACE::2026-06-16.17:01:37::SCWBDomain::"Running Make libs in ps7_cortexa9_0/libsrc/sdps_v4_4/src"

TRACE::2026-06-16.17:01:37::SCWBDomain::make -C ps7_cortexa9_0/libsrc/sdps_v4_4/src -s libs  "SHELL=CMD" "COMPILER=arm-none-eabi-gcc" "ASSEMBLER=arm-none-eabi-as" "ARC
TRACE::2026-06-16.17:01:37::SCWBDomain::HIVER=arm-none-eabi-ar" "COMPILER_FLAGS=  -O2 -c" "EXTRA_COMPILER_FLAGS=-mcpu=cortex-a9 -mfpu=vfpv3 -mfloat-abi=hard -nostartfi
TRACE::2026-06-16.17:01:37::SCWBDomain::les -g -Wall -Wextra -fno-tree-loop-distribute-patterns"

TRACE::2026-06-16.17:01:37::SCWBDomain::"Running Make libs in ps7_cortexa9_0/libsrc/spi_v4_13/src"

TRACE::2026-06-16.17:01:37::SCWBDomain::make -C ps7_cortexa9_0/libsrc/spi_v4_13/src -s libs  "SHELL=CMD" "COMPILER=arm-none-eabi-gcc" "ASSEMBLER=arm-none-eabi-as" "ARC
TRACE::2026-06-16.17:01:37::SCWBDomain::HIVER=arm-none-eabi-ar" "COMPILER_FLAGS=  -O2 -c" "EXTRA_COMPILER_FLAGS=-mcpu=cortex-a9 -mfpu=vfpv3 -mfloat-abi=hard -nostartfi
TRACE::2026-06-16.17:01:37::SCWBDomain::les -g -Wall -Wextra -fno-tree-loop-distribute-patterns"

TRACE::2026-06-16.17:01:37::SCWBDomain::"Running Make libs in ps7_cortexa9_0/libsrc/standalone_v9_2/src"

TRACE::2026-06-16.17:01:37::SCWBDomain::make -C ps7_cortexa9_0/libsrc/standalone_v9_2/src -s libs  "SHELL=CMD" "COMPILER=arm-none-eabi-gcc" "ASSEMBLER=arm-none-eabi-as
TRACE::2026-06-16.17:01:37::SCWBDomain::" "ARCHIVER=arm-none-eabi-ar" "COMPILER_FLAGS=  -O2 -c" "EXTRA_COMPILER_FLAGS=-mcpu=cortex-a9 -mfpu=vfpv3 -mfloat-abi=hard -nos
TRACE::2026-06-16.17:01:37::SCWBDomain::tartfiles -g -Wall -Wextra -fno-tree-loop-distribute-patterns"

TRACE::2026-06-16.17:01:37::SCWBDomain::"Running Make libs in ps7_cortexa9_0/libsrc/ttcps_v3_20/src"

TRACE::2026-06-16.17:01:37::SCWBDomain::make -C ps7_cortexa9_0/libsrc/ttcps_v3_20/src -s libs  "SHELL=CMD" "COMPILER=arm-none-eabi-gcc" "ASSEMBLER=arm-none-eabi-as" "A
TRACE::2026-06-16.17:01:37::SCWBDomain::RCHIVER=arm-none-eabi-ar" "COMPILER_FLAGS=  -O2 -c" "EXTRA_COMPILER_FLAGS=-mcpu=cortex-a9 -mfpu=vfpv3 -mfloat-abi=hard -nostart
TRACE::2026-06-16.17:01:37::SCWBDomain::files -g -Wall -Wextra -fno-tree-loop-distribute-patterns"

TRACE::2026-06-16.17:01:37::SCWBDomain::"Running Make libs in ps7_cortexa9_0/libsrc/uartps_v3_15/src"

TRACE::2026-06-16.17:01:37::SCWBDomain::make -C ps7_cortexa9_0/libsrc/uartps_v3_15/src -s libs  "SHELL=CMD" "COMPILER=arm-none-eabi-gcc" "ASSEMBLER=arm-none-eabi-as" "
TRACE::2026-06-16.17:01:37::SCWBDomain::ARCHIVER=arm-none-eabi-ar" "COMPILER_FLAGS=  -O2 -c" "EXTRA_COMPILER_FLAGS=-mcpu=cortex-a9 -mfpu=vfpv3 -mfloat-abi=hard -nostar
TRACE::2026-06-16.17:01:37::SCWBDomain::tfiles -g -Wall -Wextra -fno-tree-loop-distribute-patterns"

TRACE::2026-06-16.17:01:37::SCWBDomain::"Running Make libs in ps7_cortexa9_0/libsrc/usbps_v2_9/src"

TRACE::2026-06-16.17:01:37::SCWBDomain::make -C ps7_cortexa9_0/libsrc/usbps_v2_9/src -s libs  "SHELL=CMD" "COMPILER=arm-none-eabi-gcc" "ASSEMBLER=arm-none-eabi-as" "AR
TRACE::2026-06-16.17:01:37::SCWBDomain::CHIVER=arm-none-eabi-ar" "COMPILER_FLAGS=  -O2 -c" "EXTRA_COMPILER_FLAGS=-mcpu=cortex-a9 -mfpu=vfpv3 -mfloat-abi=hard -nostartf
TRACE::2026-06-16.17:01:37::SCWBDomain::iles -g -Wall -Wextra -fno-tree-loop-distribute-patterns"

TRACE::2026-06-16.17:01:37::SCWBDomain::"Running Make libs in ps7_cortexa9_0/libsrc/xadcps_v2_7/src"

TRACE::2026-06-16.17:01:37::SCWBDomain::make -C ps7_cortexa9_0/libsrc/xadcps_v2_7/src -s libs  "SHELL=CMD" "COMPILER=arm-none-eabi-gcc" "ASSEMBLER=arm-none-eabi-as" "A
TRACE::2026-06-16.17:01:37::SCWBDomain::RCHIVER=arm-none-eabi-ar" "COMPILER_FLAGS=  -O2 -c" "EXTRA_COMPILER_FLAGS=-mcpu=cortex-a9 -mfpu=vfpv3 -mfloat-abi=hard -nostart
TRACE::2026-06-16.17:01:37::SCWBDomain::files -g -Wall -Wextra -fno-tree-loop-distribute-patterns"

TRACE::2026-06-16.17:01:38::SCWBDomain::"Running Make libs in ps7_cortexa9_0/libsrc/xilffs_v5_3/src"

TRACE::2026-06-16.17:01:38::SCWBDomain::make -C ps7_cortexa9_0/libsrc/xilffs_v5_3/src -s libs  "SHELL=CMD" "COMPILER=arm-none-eabi-gcc" "ASSEMBLER=arm-none-eabi-as" "A
TRACE::2026-06-16.17:01:38::SCWBDomain::RCHIVER=arm-none-eabi-ar" "COMPILER_FLAGS=  -O2 -c" "EXTRA_COMPILER_FLAGS=-mcpu=cortex-a9 -mfpu=vfpv3 -mfloat-abi=hard -nostart
TRACE::2026-06-16.17:01:38::SCWBDomain::files -g -Wall -Wextra -fno-tree-loop-distribute-patterns"

TRACE::2026-06-16.17:01:40::SCWBDomain::'Finished building libraries parallelly.'

TRACE::2026-06-16.17:01:40::SCWBDomain::make --no-print-directory archive

TRACE::2026-06-16.17:01:40::SCWBDomain::arm-none-eabi-ar -r  ps7_cortexa9_0/lib/libxil.a ps7_cortexa9_0/lib/_exit.o ps7_cortexa9_0/lib/_open.o ps7_cortexa9_0/lib/_sbrk
TRACE::2026-06-16.17:01:40::SCWBDomain::.o ps7_cortexa9_0/lib/abort.o ps7_cortexa9_0/lib/asm_vectors.o ps7_cortexa9_0/lib/boot.o ps7_cortexa9_0/lib/close.o ps7_cortexa
TRACE::2026-06-16.17:01:40::SCWBDomain::9_0/lib/cpputest_time.o ps7_cortexa9_0/lib/cpu_init.o ps7_cortexa9_0/lib/errno.o ps7_cortexa9_0/lib/fcntl.o ps7_cortexa9_0/lib/
TRACE::2026-06-16.17:01:40::SCWBDomain::fstat.o ps7_cortexa9_0/lib/getentropy.o ps7_cortexa9_0/lib/getpid.o ps7_cortexa9_0/lib/gettimeofday.o ps7_cortexa9_0/lib/inbyte
TRACE::2026-06-16.17:01:40::SCWBDomain::.o ps7_cortexa9_0/lib/isatty.o ps7_cortexa9_0/lib/kill.o ps7_cortexa9_0/lib/lseek.o ps7_cortexa9_0/lib/open.o ps7_cortexa9_0/li
TRACE::2026-06-16.17:01:40::SCWBDomain::b/outbyte.o ps7_cortexa9_0/lib/print.o ps7_cortexa9_0/lib/putnum.o ps7_cortexa9_0/lib/read.o ps7_cortexa9_0/lib/sbrk.o ps7_cort
TRACE::2026-06-16.17:01:40::SCWBDomain::exa9_0/lib/sleep.o ps7_cortexa9_0/lib/time.o ps7_cortexa9_0/lib/translation_table.o ps7_cortexa9_0/lib/unlink.o ps7_cortexa9_0/
TRACE::2026-06-16.17:01:40::SCWBDomain::lib/usleep.o ps7_cortexa9_0/lib/vectors.o ps7_cortexa9_0/lib/write.o ps7_cortexa9_0/lib/xadcps.o ps7_cortexa9_0/lib/xadcps_g.o 
TRACE::2026-06-16.17:01:40::SCWBDomain::ps7_cortexa9_0/lib/xadcps_intr.o ps7_cortexa9_0/lib/xadcps_selftest.o ps7_cortexa9_0/lib/xadcps_sinit.o ps7_cortexa9_0/lib/xaxi
TRACE::2026-06-16.17:01:40::SCWBDomain::dma.o ps7_cortexa9_0/lib/xaxidma_bd.o ps7_cortexa9_0/lib/xaxidma_bdring.o ps7_cortexa9_0/lib/xaxidma_g.o ps7_cortexa9_0/lib/xax
TRACE::2026-06-16.17:01:40::SCWBDomain::idma_selftest.o ps7_cortexa9_0/lib/xaxidma_sinit.o ps7_cortexa9_0/lib/xbram.o ps7_cortexa9_0/lib/xbram_g.o ps7_cortexa9_0/lib/x
TRACE::2026-06-16.17:01:40::SCWBDomain::bram_intr.o ps7_cortexa9_0/lib/xbram_selftest.o ps7_cortexa9_0/lib/xbram_sinit.o ps7_cortexa9_0/lib/xcoresightpsdcc.o ps7_corte
TRACE::2026-06-16.17:01:40::SCWBDomain::xa9_0/lib/xdevcfg.o ps7_cortexa9_0/lib/xdevcfg_g.o ps7_cortexa9_0/lib/xdevcfg_hw.o ps7_cortexa9_0/lib/xdevcfg_intr.o ps7_cortex
TRACE::2026-06-16.17:01:40::SCWBDomain::a9_0/lib/xdevcfg_selftest.o ps7_cortexa9_0/lib/xdevcfg_sinit.o ps7_cortexa9_0/lib/xdmaps.o ps7_cortexa9_0/lib/xdmaps_g.o ps7_co
TRACE::2026-06-16.17:01:40::SCWBDomain::rtexa9_0/lib/xdmaps_hw.o ps7_cortexa9_0/lib/xdmaps_selftest.o ps7_cortexa9_0/lib/xdmaps_sinit.o ps7_cortexa9_0/lib/xemacps.o ps
TRACE::2026-06-16.17:01:40::SCWBDomain::7_cortexa9_0/lib/xemacps_bdring.o ps7_cortexa9_0/lib/xemacps_control.o ps7_cortexa9_0/lib/xemacps_g.o ps7_cortexa9_0/lib/xemacp
TRACE::2026-06-16.17:01:40::SCWBDomain::s_hw.o ps7_cortexa9_0/lib/xemacps_intr.o ps7_cortexa9_0/lib/xemacps_sinit.o ps7_cortexa9_0/lib/xgpio.o ps7_cortexa9_0/lib/xgpio
TRACE::2026-06-16.17:01:40::SCWBDomain::_extra.o ps7_cortexa9_0/lib/xgpio_g.o ps7_cortexa9_0/lib/xgpio_intr.o ps7_cortexa9_0/lib/xgpio_selftest.o ps7_cortexa9_0/lib/xg
TRACE::2026-06-16.17:01:40::SCWBDomain::pio_sinit.o ps7_cortexa9_0/lib/xgpiops.o ps7_cortexa9_0/lib/xgpiops_g.o ps7_cortexa9_0/lib/xgpiops_hw.o ps7_cortexa9_0/lib/xgpi
TRACE::2026-06-16.17:01:40::SCWBDomain::ops_intr.o ps7_cortexa9_0/lib/xgpiops_selftest.o ps7_cortexa9_0/lib/xgpiops_sinit.o ps7_cortexa9_0/lib/xil-crt0.o ps7_cortexa9_
TRACE::2026-06-16.17:01:40::SCWBDomain::0/lib/xil_assert.o ps7_cortexa9_0/lib/xil_cache.o ps7_cortexa9_0/lib/xil_clocking.o ps7_cortexa9_0/lib/xil_exception.o ps7_cort
TRACE::2026-06-16.17:01:40::SCWBDomain::exa9_0/lib/xil_mem.o ps7_cortexa9_0/lib/xil_misc_psreset_api.o ps7_cortexa9_0/lib/xil_mmu.o ps7_cortexa9_0/lib/xil_printf.o ps7
TRACE::2026-06-16.17:01:40::SCWBDomain::_cortexa9_0/lib/xil_sleepcommon.o ps7_cortexa9_0/lib/xil_sleeptimer.o ps7_cortexa9_0/lib/xil_spinlock.o ps7_cortexa9_0/lib/xil_
TRACE::2026-06-16.17:01:40::SCWBDomain::sutil.o ps7_cortexa9_0/lib/xil_testcache.o ps7_cortexa9_0/lib/xil_testio.o ps7_cortexa9_0/lib/xil_testmem.o ps7_cortexa9_0/lib/
TRACE::2026-06-16.17:01:40::SCWBDomain::xil_util.o ps7_cortexa9_0/lib/xinterrupt_wrap.o ps7_cortexa9_0/lib/xl2cc_counter.o ps7_cortexa9_0/lib/xplatform_info.o ps7_cort
TRACE::2026-06-16.17:01:40::SCWBDomain::exa9_0/lib/xpm_counter.o ps7_cortexa9_0/lib/xpm_init.o ps7_cortexa9_0/lib/xqspips.o ps7_cortexa9_0/lib/xqspips_g.o ps7_cortexa9
TRACE::2026-06-16.17:01:40::SCWBDomain::_0/lib/xqspips_hw.o ps7_cortexa9_0/lib/xqspips_options.o ps7_cortexa9_0/lib/xqspips_selftest.o ps7_cortexa9_0/lib/xqspips_sinit
TRACE::2026-06-16.17:01:40::SCWBDomain::.o ps7_cortexa9_0/lib/xscugic.o ps7_cortexa9_0/lib/xscugic_g.o ps7_cortexa9_0/lib/xscugic_hw.o ps7_cortexa9_0/lib/xscugic_intr.
TRACE::2026-06-16.17:01:40::SCWBDomain::o ps7_cortexa9_0/lib/xscugic_selftest.o ps7_cortexa9_0/lib/xscugic_sinit.o ps7_cortexa9_0/lib/xscutimer.o ps7_cortexa9_0/lib/xs
TRACE::2026-06-16.17:01:40::SCWBDomain::cutimer_g.o ps7_cortexa9_0/lib/xscutimer_selftest.o ps7_cortexa9_0/lib/xscutimer_sinit.o ps7_cortexa9_0/lib/xscuwdt.o ps7_corte
TRACE::2026-06-16.17:01:40::SCWBDomain::xa9_0/lib/xscuwdt_g.o ps7_cortexa9_0/lib/xscuwdt_selftest.o ps7_cortexa9_0/lib/xscuwdt_sinit.o ps7_cortexa9_0/lib/xsdps.o ps7_c
TRACE::2026-06-16.17:01:40::SCWBDomain::ortexa9_0/lib/xsdps_card.o ps7_cortexa9_0/lib/xsdps_g.o ps7_cortexa9_0/lib/xsdps_host.o ps7_cortexa9_0/lib/xsdps_options.o ps7_
TRACE::2026-06-16.17:01:40::SCWBDomain::cortexa9_0/lib/xsdps_sinit.o ps7_cortexa9_0/lib/xspi.o ps7_cortexa9_0/lib/xspi_g.o ps7_cortexa9_0/lib/xspi_options.o ps7_cortex
TRACE::2026-06-16.17:01:40::SCWBDomain::a9_0/lib/xspi_selftest.o ps7_cortexa9_0/lib/xspi_sinit.o ps7_cortexa9_0/lib/xspi_stats.o ps7_cortexa9_0/lib/xtime_l.o ps7_corte
TRACE::2026-06-16.17:01:40::SCWBDomain::xa9_0/lib/xttcps.o ps7_cortexa9_0/lib/xttcps_g.o ps7_cortexa9_0/lib/xttcps_options.o ps7_cortexa9_0/lib/xttcps_selftest.o ps7_c
TRACE::2026-06-16.17:01:40::SCWBDomain::ortexa9_0/lib/xttcps_sinit.o ps7_cortexa9_0/lib/xuartps.o ps7_cortexa9_0/lib/xuartps_g.o ps7_cortexa9_0/lib/xuartps_hw.o ps7_co
TRACE::2026-06-16.17:01:40::SCWBDomain::rtexa9_0/lib/xuartps_intr.o ps7_cortexa9_0/lib/xuartps_options.o ps7_cortexa9_0/lib/xuartps_selftest.o ps7_cortexa9_0/lib/xuart
TRACE::2026-06-16.17:01:40::SCWBDomain::ps_sinit.o ps7_cortexa9_0/lib/xusbps.o ps7_cortexa9_0/lib/xusbps_endpoint.o ps7_cortexa9_0/lib/xusbps_g.o ps7_cortexa9_0/lib/xu
TRACE::2026-06-16.17:01:40::SCWBDomain::sbps_hw.o ps7_cortexa9_0/lib/xusbps_intr.o ps7_cortexa9_0/lib/xusbps_sinit.o

TRACE::2026-06-16.17:01:40::SCWBDomain::'Finished building libraries'

TRACE::2026-06-16.17:01:40::SCWBDomain::make: Leaving directory 'C:/openTCSPC3/SRC/zedboard_real_microscope/vitis/platform/zynq_fsbl/zynq_fsbl_bsp'

TRACE::2026-06-16.17:01:40::SCWBDomain::arm-none-eabi-gcc  -O2 -c -MMD -MP       -mcpu=cortex-a9 -mfpu=vfpv3 -mfloat-abi=hard  -c sd.c -o sd.o -Izynq_fsbl_bsp/ps7_cort
TRACE::2026-06-16.17:01:40::SCWBDomain::exa9_0/include -I.

TRACE::2026-06-16.17:01:40::SCWBDomain::arm-none-eabi-gcc  -O2 -c -MMD -MP       -mcpu=cortex-a9 -mfpu=vfpv3 -mfloat-abi=hard  -c nand.c -o nand.o -Izynq_fsbl_bsp/ps7_
TRACE::2026-06-16.17:01:40::SCWBDomain::cortexa9_0/include -I.

TRACE::2026-06-16.17:01:41::SCWBDomain::arm-none-eabi-gcc  -O2 -c -MMD -MP       -mcpu=cortex-a9 -mfpu=vfpv3 -mfloat-abi=hard  -c nor.c -o nor.o -Izynq_fsbl_bsp/ps7_co
TRACE::2026-06-16.17:01:41::SCWBDomain::rtexa9_0/include -I.

TRACE::2026-06-16.17:01:41::SCWBDomain::arm-none-eabi-gcc  -O2 -c -MMD -MP       -mcpu=cortex-a9 -mfpu=vfpv3 -mfloat-abi=hard  -c image_mover.c -o image_mover.o -Izynq
TRACE::2026-06-16.17:01:41::SCWBDomain::_fsbl_bsp/ps7_cortexa9_0/include -I.

TRACE::2026-06-16.17:01:41::SCWBDomain::arm-none-eabi-gcc  -O2 -c -MMD -MP       -mcpu=cortex-a9 -mfpu=vfpv3 -mfloat-abi=hard  -c md5.c -o md5.o -Izynq_fsbl_bsp/ps7_co
TRACE::2026-06-16.17:01:41::SCWBDomain::rtexa9_0/include -I.

TRACE::2026-06-16.17:01:41::SCWBDomain::arm-none-eabi-gcc  -O2 -c -MMD -MP       -mcpu=cortex-a9 -mfpu=vfpv3 -mfloat-abi=hard  -c fsbl_hooks.c -o fsbl_hooks.o -Izynq_f
TRACE::2026-06-16.17:01:41::SCWBDomain::sbl_bsp/ps7_cortexa9_0/include -I.

TRACE::2026-06-16.17:01:41::SCWBDomain::arm-none-eabi-gcc  -O2 -c -MMD -MP       -mcpu=cortex-a9 -mfpu=vfpv3 -mfloat-abi=hard  -c main.c -o main.o -Izynq_fsbl_bsp/ps7_
TRACE::2026-06-16.17:01:41::SCWBDomain::cortexa9_0/include -I.

TRACE::2026-06-16.17:01:41::SCWBDomain::arm-none-eabi-gcc  -O2 -c -MMD -MP       -mcpu=cortex-a9 -mfpu=vfpv3 -mfloat-abi=hard  -c rsa.c -o rsa.o -Izynq_fsbl_bsp/ps7_co
TRACE::2026-06-16.17:01:41::SCWBDomain::rtexa9_0/include -I.

TRACE::2026-06-16.17:01:41::SCWBDomain::arm-none-eabi-gcc  -O2 -c -MMD -MP       -mcpu=cortex-a9 -mfpu=vfpv3 -mfloat-abi=hard  -c qspi.c -o qspi.o -Izynq_fsbl_bsp/ps7_
TRACE::2026-06-16.17:01:41::SCWBDomain::cortexa9_0/include -I.

TRACE::2026-06-16.17:01:41::SCWBDomain::arm-none-eabi-gcc  -O2 -c -MMD -MP       -mcpu=cortex-a9 -mfpu=vfpv3 -mfloat-abi=hard  -c ps7_init.c -o ps7_init.o -Izynq_fsbl_
TRACE::2026-06-16.17:01:41::SCWBDomain::bsp/ps7_cortexa9_0/include -I.

TRACE::2026-06-16.17:01:42::SCWBDomain::arm-none-eabi-gcc  -O2 -c -MMD -MP       -mcpu=cortex-a9 -mfpu=vfpv3 -mfloat-abi=hard  -c pcap.c -o pcap.o -Izynq_fsbl_bsp/ps7_
TRACE::2026-06-16.17:01:42::SCWBDomain::cortexa9_0/include -I.

TRACE::2026-06-16.17:01:42::SCWBDomain::arm-none-eabi-gcc  -O2 -c -MMD -MP       -mcpu=cortex-a9 -mfpu=vfpv3 -mfloat-abi=hard  -c fsbl_handoff.S -o fsbl_handoff.o -Izy
TRACE::2026-06-16.17:01:42::SCWBDomain::nq_fsbl_bsp/ps7_cortexa9_0/include -I.

TRACE::2026-06-16.17:01:42::SCWBDomain::arm-none-eabi-gcc -o fsbl.elf fsbl_handoff.o fsbl_hooks.o image_mover.o main.o md5.o nand.o nor.o pcap.o ps7_init.o qspi.o rsa.
TRACE::2026-06-16.17:01:42::SCWBDomain::o sd.o -MMD -MP       -mcpu=cortex-a9 -mfpu=vfpv3 -mfloat-abi=hard   -mcpu=cortex-a9 -mfpu=vfpv3 -mfloat-abi=hard -Wl,-build-id
TRACE::2026-06-16.17:01:42::SCWBDomain::=none -specs=Xilinx.spec  -lrsa -Wl,--start-group,-lxil,-lgcc,-lc,--end-group -Wl,--start-group,-lxilffs,-lxil,-lgcc,-lc,--end-
TRACE::2026-06-16.17:01:42::SCWBDomain::group -Wl,--start-group,-lrsa,-lxil,-lgcc,-lc,--end-group                                            -Wl,--gc-sections -Lzynq_f
TRACE::2026-06-16.17:01:42::SCWBDomain::sbl_bsp/ps7_cortexa9_0/lib -L./ -Tlscript.ld

LOG::2026-06-16.17:01:42::SCWSystem::Checking the domain standalone_domain
LOG::2026-06-16.17:01:42::SCWSystem::Not a boot domain 
LOG::2026-06-16.17:01:42::SCWSystem::Started Processing the domain standalone_domain
TRACE::2026-06-16.17:01:42::SCWDomain::Generating domain artifcats
TRACE::2026-06-16.17:01:42::SCWMssOS::Generating standalone artifcats
TRACE::2026-06-16.17:01:42::SCWMssOS::Copying the qemu file from  C:/openTCSPC3/SRC/zedboard_real_microscope/vitis/platform/resources/platform/standalone_domain/qemu_args.txt To C:/openTCSPC3/SRC/zedboard_real_microscope/vitis/platform/export/platform/sw/platform/qemu/
TRACE::2026-06-16.17:01:42::SCWMssOS::Copying the qemu file from  C:/openTCSPC3/SRC/zedboard_real_microscope/vitis/platform/resources/platform/standalone_domain/qemu_args.txt To C:/openTCSPC3/SRC/zedboard_real_microscope/vitis/platform/export/platform/sw/platform/standalone_domain/qemu/
TRACE::2026-06-16.17:01:42::SCWMssOS:: Copying the user libraries. 
TRACE::2026-06-16.17:01:42::SCWPlatform::Trying to open the hw design at C:/openTCSPC3/SRC/zedboard_real_microscope/vitis/platform/hw/zedboard_real_microscope_wrapper.xsa
TRACE::2026-06-16.17:01:42::SCWPlatform::DSA given C:/openTCSPC3/SRC/zedboard_real_microscope/vitis/platform/hw/zedboard_real_microscope_wrapper.xsa
TRACE::2026-06-16.17:01:42::SCWPlatform::DSA absoulate path C:/openTCSPC3/SRC/zedboard_real_microscope/vitis/platform/hw/zedboard_real_microscope_wrapper.xsa
TRACE::2026-06-16.17:01:42::SCWPlatform::DSA directory C:/openTCSPC3/SRC/zedboard_real_microscope/vitis/platform/hw
TRACE::2026-06-16.17:01:42::SCWPlatform:: Platform Path C:/openTCSPC3/SRC/zedboard_real_microscope/vitis/platform/hw/zedboard_real_microscope_wrapper.xsa
TRACE::2026-06-16.17:01:42::SCWPlatform:: Unique name xilinx:zedboard::0.0
TRACE::2026-06-16.17:01:42::SCWPlatform::Trying to set the existing hwdb with name zedboard_real_microscope_wrapper_1
TRACE::2026-06-16.17:01:42::SCWPlatform::Opened existing hwdb zedboard_real_microscope_wrapper_1
TRACE::2026-06-16.17:01:42::SCWPlatform::Found the Hw Db part of the input DSA
TRACE::2026-06-16.17:01:42::SCWMssOS::Checking the sw design at  C:/openTCSPC3/SRC/zedboard_real_microscope/vitis/platform/ps7_cortexa9_0/standalone_domain/bsp/system.mss
TRACE::2026-06-16.17:01:42::SCWMssOS::DEBUG:  swdes dump  C:/openTCSPC3/SRC/zedboard_real_microscope/vitis/platform/ps7_cortexa9_0/standalone_domain/bsp/system.mss|system_0||
C:/openTCSPC3/SRC/zedboard_real_microscope/vitis/platform/zynq_fsbl/zynq_fsbl_bsp/system.mss|system||

TRACE::2026-06-16.17:01:42::SCWMssOS::Sw design exists and opened at  C:/openTCSPC3/SRC/zedboard_real_microscope/vitis/platform/ps7_cortexa9_0/standalone_domain/bsp/system.mss
TRACE::2026-06-16.17:01:42::SCWMssOS::Completed writing the mss file at C:/openTCSPC3/SRC/zedboard_real_microscope/vitis/platform/ps7_cortexa9_0/standalone_domain/bsp
TRACE::2026-06-16.17:01:42::SCWMssOS::Mss edits present, copying mssfile into export location C:/openTCSPC3/SRC/zedboard_real_microscope/vitis/platform/ps7_cortexa9_0/standalone_domain/bsp/system.mss
TRACE::2026-06-16.17:01:42::SCWMssOS::bsp generated is upto date with the mss file. Skipping bsp generation.
TRACE::2026-06-16.17:01:42::SCWMssOS::BSP is already built. skipping the bsp build ... 
TRACE::2026-06-16.17:01:42::SCWDomain::Building the domain as part of full build :  standalone_domain
TRACE::2026-06-16.17:01:42::SCWMssOS::doing bsp build ... 
TRACE::2026-06-16.17:01:42::SCWMssOS::System Command Ran  C: & cd  C:/openTCSPC3/SRC/zedboard_real_microscope/vitis/platform/ps7_cortexa9_0/standalone_domain/bsp & make 
TRACE::2026-06-16.17:01:42::SCWMssOS::make --no-print-directory seq_libs

TRACE::2026-06-16.17:01:42::SCWMssOS::'Finished building libraries sequentially.'

TRACE::2026-06-16.17:01:42::SCWMssOS::make -j 14 --no-print-directory par_libs

TRACE::2026-06-16.17:01:43::SCWMssOS::"Running Make include in ps7_cortexa9_0/libsrc/axidma_v9_19/src"

TRACE::2026-06-16.17:01:43::SCWMssOS::make -C ps7_cortexa9_0/libsrc/axidma_v9_19/src -s include  "SHELL=CMD" "COMPILER=arm-none-eabi-gcc" "ASSEMBLER=arm-none-eabi-as
TRACE::2026-06-16.17:01:43::SCWMssOS::" "ARCHIVER=arm-none-eabi-ar" "COMPILER_FLAGS=  -O2 -c" "EXTRA_COMPILER_FLAGS=-mcpu=cortex-a9 -mfpu=vfpv3 -mfloat-abi=hard -nos
TRACE::2026-06-16.17:01:43::SCWMssOS::tartfiles -g -Wall -Wextra -fno-tree-loop-distribute-patterns"

TRACE::2026-06-16.17:01:43::SCWMssOS::"Running Make include in ps7_cortexa9_0/libsrc/bram_v4_11/src"

TRACE::2026-06-16.17:01:43::SCWMssOS::make -C ps7_cortexa9_0/libsrc/bram_v4_11/src -s include  "SHELL=CMD" "COMPILER=arm-none-eabi-gcc" "ASSEMBLER=arm-none-eabi-as" 
TRACE::2026-06-16.17:01:43::SCWMssOS::"ARCHIVER=arm-none-eabi-ar" "COMPILER_FLAGS=  -O2 -c" "EXTRA_COMPILER_FLAGS=-mcpu=cortex-a9 -mfpu=vfpv3 -mfloat-abi=hard -nosta
TRACE::2026-06-16.17:01:43::SCWMssOS::rtfiles -g -Wall -Wextra -fno-tree-loop-distribute-patterns"

TRACE::2026-06-16.17:01:43::SCWMssOS::"Running Make include in ps7_cortexa9_0/libsrc/coresightps_dcc_v1_11/src"

TRACE::2026-06-16.17:01:43::SCWMssOS::make -C ps7_cortexa9_0/libsrc/coresightps_dcc_v1_11/src -s include  "SHELL=CMD" "COMPILER=arm-none-eabi-gcc" "ASSEMBLER=arm-non
TRACE::2026-06-16.17:01:43::SCWMssOS::e-eabi-as" "ARCHIVER=arm-none-eabi-ar" "COMPILER_FLAGS=  -O2 -c" "EXTRA_COMPILER_FLAGS=-mcpu=cortex-a9 -mfpu=vfpv3 -mfloat-abi=
TRACE::2026-06-16.17:01:43::SCWMssOS::hard -nostartfiles -g -Wall -Wextra -fno-tree-loop-distribute-patterns"

TRACE::2026-06-16.17:01:43::SCWMssOS::"Running Make include in ps7_cortexa9_0/libsrc/cpu_cortexa9_v2_12/src"

TRACE::2026-06-16.17:01:43::SCWMssOS::make -C ps7_cortexa9_0/libsrc/cpu_cortexa9_v2_12/src -s include  "SHELL=CMD" "COMPILER=arm-none-eabi-gcc" "ASSEMBLER=arm-none-e
TRACE::2026-06-16.17:01:43::SCWMssOS::abi-as" "ARCHIVER=arm-none-eabi-ar" "COMPILER_FLAGS=  -O2 -c" "EXTRA_COMPILER_FLAGS=-mcpu=cortex-a9 -mfpu=vfpv3 -mfloat-abi=har
TRACE::2026-06-16.17:01:43::SCWMssOS::d -nostartfiles -g -Wall -Wextra -fno-tree-loop-distribute-patterns"

TRACE::2026-06-16.17:01:43::SCWMssOS::"Running Make include in ps7_cortexa9_0/libsrc/ddrps_v1_2/src"

TRACE::2026-06-16.17:01:43::SCWMssOS::make -C ps7_cortexa9_0/libsrc/ddrps_v1_2/src -s include  "SHELL=CMD" "COMPILER=arm-none-eabi-gcc" "ASSEMBLER=arm-none-eabi-as" 
TRACE::2026-06-16.17:01:43::SCWMssOS::"ARCHIVER=arm-none-eabi-ar" "COMPILER_FLAGS=  -O2 -c" "EXTRA_COMPILER_FLAGS=-mcpu=cortex-a9 -mfpu=vfpv3 -mfloat-abi=hard -nosta
TRACE::2026-06-16.17:01:43::SCWMssOS::rtfiles -g -Wall -Wextra -fno-tree-loop-distribute-patterns"

TRACE::2026-06-16.17:01:43::SCWMssOS::"Running Make include in ps7_cortexa9_0/libsrc/devcfg_v3_8/src"

TRACE::2026-06-16.17:01:43::SCWMssOS::make -C ps7_cortexa9_0/libsrc/devcfg_v3_8/src -s include  "SHELL=CMD" "COMPILER=arm-none-eabi-gcc" "ASSEMBLER=arm-none-eabi-as"
TRACE::2026-06-16.17:01:43::SCWMssOS:: "ARCHIVER=arm-none-eabi-ar" "COMPILER_FLAGS=  -O2 -c" "EXTRA_COMPILER_FLAGS=-mcpu=cortex-a9 -mfpu=vfpv3 -mfloat-abi=hard -nost
TRACE::2026-06-16.17:01:43::SCWMssOS::artfiles -g -Wall -Wextra -fno-tree-loop-distribute-patterns"

TRACE::2026-06-16.17:01:43::SCWMssOS::"Running Make include in ps7_cortexa9_0/libsrc/dmaps_v2_11/src"

TRACE::2026-06-16.17:01:43::SCWMssOS::make -C ps7_cortexa9_0/libsrc/dmaps_v2_11/src -s include  "SHELL=CMD" "COMPILER=arm-none-eabi-gcc" "ASSEMBLER=arm-none-eabi-as"
TRACE::2026-06-16.17:01:43::SCWMssOS:: "ARCHIVER=arm-none-eabi-ar" "COMPILER_FLAGS=  -O2 -c" "EXTRA_COMPILER_FLAGS=-mcpu=cortex-a9 -mfpu=vfpv3 -mfloat-abi=hard -nost
TRACE::2026-06-16.17:01:43::SCWMssOS::artfiles -g -Wall -Wextra -fno-tree-loop-distribute-patterns"

TRACE::2026-06-16.17:01:43::SCWMssOS::"Running Make include in ps7_cortexa9_0/libsrc/emacps_v3_21/src"

TRACE::2026-06-16.17:01:43::SCWMssOS::make -C ps7_cortexa9_0/libsrc/emacps_v3_21/src -s include  "SHELL=CMD" "COMPILER=arm-none-eabi-gcc" "ASSEMBLER=arm-none-eabi-as
TRACE::2026-06-16.17:01:43::SCWMssOS::" "ARCHIVER=arm-none-eabi-ar" "COMPILER_FLAGS=  -O2 -c" "EXTRA_COMPILER_FLAGS=-mcpu=cortex-a9 -mfpu=vfpv3 -mfloat-abi=hard -nos
TRACE::2026-06-16.17:01:43::SCWMssOS::tartfiles -g -Wall -Wextra -fno-tree-loop-distribute-patterns"

TRACE::2026-06-16.17:01:43::SCWMssOS::"Running Make include in ps7_cortexa9_0/libsrc/gpiops_v3_13/src"

TRACE::2026-06-16.17:01:43::SCWMssOS::make -C ps7_cortexa9_0/libsrc/gpiops_v3_13/src -s include  "SHELL=CMD" "COMPILER=arm-none-eabi-gcc" "ASSEMBLER=arm-none-eabi-as
TRACE::2026-06-16.17:01:43::SCWMssOS::" "ARCHIVER=arm-none-eabi-ar" "COMPILER_FLAGS=  -O2 -c" "EXTRA_COMPILER_FLAGS=-mcpu=cortex-a9 -mfpu=vfpv3 -mfloat-abi=hard -nos
TRACE::2026-06-16.17:01:43::SCWMssOS::tartfiles -g -Wall -Wextra -fno-tree-loop-distribute-patterns"

TRACE::2026-06-16.17:01:43::SCWMssOS::"Running Make include in ps7_cortexa9_0/libsrc/gpio_v4_12/src"

TRACE::2026-06-16.17:01:43::SCWMssOS::make -C ps7_cortexa9_0/libsrc/gpio_v4_12/src -s include  "SHELL=CMD" "COMPILER=arm-none-eabi-gcc" "ASSEMBLER=arm-none-eabi-as" 
TRACE::2026-06-16.17:01:43::SCWMssOS::"ARCHIVER=arm-none-eabi-ar" "COMPILER_FLAGS=  -O2 -c" "EXTRA_COMPILER_FLAGS=-mcpu=cortex-a9 -mfpu=vfpv3 -mfloat-abi=hard -nosta
TRACE::2026-06-16.17:01:43::SCWMssOS::rtfiles -g -Wall -Wextra -fno-tree-loop-distribute-patterns"

TRACE::2026-06-16.17:01:43::SCWMssOS::"Running Make include in ps7_cortexa9_0/libsrc/qspips_v3_13/src"

TRACE::2026-06-16.17:01:43::SCWMssOS::make -C ps7_cortexa9_0/libsrc/qspips_v3_13/src -s include  "SHELL=CMD" "COMPILER=arm-none-eabi-gcc" "ASSEMBLER=arm-none-eabi-as
TRACE::2026-06-16.17:01:43::SCWMssOS::" "ARCHIVER=arm-none-eabi-ar" "COMPILER_FLAGS=  -O2 -c" "EXTRA_COMPILER_FLAGS=-mcpu=cortex-a9 -mfpu=vfpv3 -mfloat-abi=hard -nos
TRACE::2026-06-16.17:01:43::SCWMssOS::tartfiles -g -Wall -Wextra -fno-tree-loop-distribute-patterns"

TRACE::2026-06-16.17:01:43::SCWMssOS::"Running Make include in ps7_cortexa9_0/libsrc/scugic_v5_4/src"

TRACE::2026-06-16.17:01:43::SCWMssOS::make -C ps7_cortexa9_0/libsrc/scugic_v5_4/src -s include  "SHELL=CMD" "COMPILER=arm-none-eabi-gcc" "ASSEMBLER=arm-none-eabi-as"
TRACE::2026-06-16.17:01:43::SCWMssOS:: "ARCHIVER=arm-none-eabi-ar" "COMPILER_FLAGS=  -O2 -c" "EXTRA_COMPILER_FLAGS=-mcpu=cortex-a9 -mfpu=vfpv3 -mfloat-abi=hard -nost
TRACE::2026-06-16.17:01:43::SCWMssOS::artfiles -g -Wall -Wextra -fno-tree-loop-distribute-patterns"

TRACE::2026-06-16.17:01:43::SCWMssOS::"Running Make include in ps7_cortexa9_0/libsrc/scutimer_v2_6/src"

TRACE::2026-06-16.17:01:43::SCWMssOS::make -C ps7_cortexa9_0/libsrc/scutimer_v2_6/src -s include  "SHELL=CMD" "COMPILER=arm-none-eabi-gcc" "ASSEMBLER=arm-none-eabi-a
TRACE::2026-06-16.17:01:43::SCWMssOS::s" "ARCHIVER=arm-none-eabi-ar" "COMPILER_FLAGS=  -O2 -c" "EXTRA_COMPILER_FLAGS=-mcpu=cortex-a9 -mfpu=vfpv3 -mfloat-abi=hard -no
TRACE::2026-06-16.17:01:43::SCWMssOS::startfiles -g -Wall -Wextra -fno-tree-loop-distribute-patterns"

TRACE::2026-06-16.17:01:43::SCWMssOS::"Running Make include in ps7_cortexa9_0/libsrc/scuwdt_v2_6/src"

TRACE::2026-06-16.17:01:43::SCWMssOS::make -C ps7_cortexa9_0/libsrc/scuwdt_v2_6/src -s include  "SHELL=CMD" "COMPILER=arm-none-eabi-gcc" "ASSEMBLER=arm-none-eabi-as"
TRACE::2026-06-16.17:01:43::SCWMssOS:: "ARCHIVER=arm-none-eabi-ar" "COMPILER_FLAGS=  -O2 -c" "EXTRA_COMPILER_FLAGS=-mcpu=cortex-a9 -mfpu=vfpv3 -mfloat-abi=hard -nost
TRACE::2026-06-16.17:01:43::SCWMssOS::artfiles -g -Wall -Wextra -fno-tree-loop-distribute-patterns"

TRACE::2026-06-16.17:01:43::SCWMssOS::"Running Make include in ps7_cortexa9_0/libsrc/sdps_v4_4/src"

TRACE::2026-06-16.17:01:43::SCWMssOS::make -C ps7_cortexa9_0/libsrc/sdps_v4_4/src -s include  "SHELL=CMD" "COMPILER=arm-none-eabi-gcc" "ASSEMBLER=arm-none-eabi-as" "
TRACE::2026-06-16.17:01:43::SCWMssOS::ARCHIVER=arm-none-eabi-ar" "COMPILER_FLAGS=  -O2 -c" "EXTRA_COMPILER_FLAGS=-mcpu=cortex-a9 -mfpu=vfpv3 -mfloat-abi=hard -nostar
TRACE::2026-06-16.17:01:43::SCWMssOS::tfiles -g -Wall -Wextra -fno-tree-loop-distribute-patterns"

TRACE::2026-06-16.17:01:43::SCWMssOS::"Running Make include in ps7_cortexa9_0/libsrc/spi_v4_13/src"

TRACE::2026-06-16.17:01:43::SCWMssOS::make -C ps7_cortexa9_0/libsrc/spi_v4_13/src -s include  "SHELL=CMD" "COMPILER=arm-none-eabi-gcc" "ASSEMBLER=arm-none-eabi-as" "
TRACE::2026-06-16.17:01:43::SCWMssOS::ARCHIVER=arm-none-eabi-ar" "COMPILER_FLAGS=  -O2 -c" "EXTRA_COMPILER_FLAGS=-mcpu=cortex-a9 -mfpu=vfpv3 -mfloat-abi=hard -nostar
TRACE::2026-06-16.17:01:43::SCWMssOS::tfiles -g -Wall -Wextra -fno-tree-loop-distribute-patterns"

TRACE::2026-06-16.17:01:43::SCWMssOS::"Running Make include in ps7_cortexa9_0/libsrc/standalone_v9_2/src"

TRACE::2026-06-16.17:01:43::SCWMssOS::make -C ps7_cortexa9_0/libsrc/standalone_v9_2/src -s include  "SHELL=CMD" "COMPILER=arm-none-eabi-gcc" "ASSEMBLER=arm-none-eabi
TRACE::2026-06-16.17:01:43::SCWMssOS::-as" "ARCHIVER=arm-none-eabi-ar" "COMPILER_FLAGS=  -O2 -c" "EXTRA_COMPILER_FLAGS=-mcpu=cortex-a9 -mfpu=vfpv3 -mfloat-abi=hard -
TRACE::2026-06-16.17:01:43::SCWMssOS::nostartfiles -g -Wall -Wextra -fno-tree-loop-distribute-patterns"

TRACE::2026-06-16.17:01:43::SCWMssOS::"Running Make include in ps7_cortexa9_0/libsrc/ttcps_v3_20/src"

TRACE::2026-06-16.17:01:43::SCWMssOS::make -C ps7_cortexa9_0/libsrc/ttcps_v3_20/src -s include  "SHELL=CMD" "COMPILER=arm-none-eabi-gcc" "ASSEMBLER=arm-none-eabi-as"
TRACE::2026-06-16.17:01:43::SCWMssOS:: "ARCHIVER=arm-none-eabi-ar" "COMPILER_FLAGS=  -O2 -c" "EXTRA_COMPILER_FLAGS=-mcpu=cortex-a9 -mfpu=vfpv3 -mfloat-abi=hard -nost
TRACE::2026-06-16.17:01:43::SCWMssOS::artfiles -g -Wall -Wextra -fno-tree-loop-distribute-patterns"

TRACE::2026-06-16.17:01:43::SCWMssOS::"Running Make include in ps7_cortexa9_0/libsrc/uartps_v3_15/src"

TRACE::2026-06-16.17:01:43::SCWMssOS::make -C ps7_cortexa9_0/libsrc/uartps_v3_15/src -s include  "SHELL=CMD" "COMPILER=arm-none-eabi-gcc" "ASSEMBLER=arm-none-eabi-as
TRACE::2026-06-16.17:01:43::SCWMssOS::" "ARCHIVER=arm-none-eabi-ar" "COMPILER_FLAGS=  -O2 -c" "EXTRA_COMPILER_FLAGS=-mcpu=cortex-a9 -mfpu=vfpv3 -mfloat-abi=hard -nos
TRACE::2026-06-16.17:01:43::SCWMssOS::tartfiles -g -Wall -Wextra -fno-tree-loop-distribute-patterns"

TRACE::2026-06-16.17:01:43::SCWMssOS::"Running Make include in ps7_cortexa9_0/libsrc/usbps_v2_9/src"

TRACE::2026-06-16.17:01:43::SCWMssOS::make -C ps7_cortexa9_0/libsrc/usbps_v2_9/src -s include  "SHELL=CMD" "COMPILER=arm-none-eabi-gcc" "ASSEMBLER=arm-none-eabi-as" 
TRACE::2026-06-16.17:01:43::SCWMssOS::"ARCHIVER=arm-none-eabi-ar" "COMPILER_FLAGS=  -O2 -c" "EXTRA_COMPILER_FLAGS=-mcpu=cortex-a9 -mfpu=vfpv3 -mfloat-abi=hard -nosta
TRACE::2026-06-16.17:01:43::SCWMssOS::rtfiles -g -Wall -Wextra -fno-tree-loop-distribute-patterns"

TRACE::2026-06-16.17:01:43::SCWMssOS::"Running Make include in ps7_cortexa9_0/libsrc/xadcps_v2_7/src"

TRACE::2026-06-16.17:01:43::SCWMssOS::make -C ps7_cortexa9_0/libsrc/xadcps_v2_7/src -s include  "SHELL=CMD" "COMPILER=arm-none-eabi-gcc" "ASSEMBLER=arm-none-eabi-as"
TRACE::2026-06-16.17:01:43::SCWMssOS:: "ARCHIVER=arm-none-eabi-ar" "COMPILER_FLAGS=  -O2 -c" "EXTRA_COMPILER_FLAGS=-mcpu=cortex-a9 -mfpu=vfpv3 -mfloat-abi=hard -nost
TRACE::2026-06-16.17:01:43::SCWMssOS::artfiles -g -Wall -Wextra -fno-tree-loop-distribute-patterns"

TRACE::2026-06-16.17:01:44::SCWMssOS::"Running Make libs in ps7_cortexa9_0/libsrc/axidma_v9_19/src"

TRACE::2026-06-16.17:01:44::SCWMssOS::make -C ps7_cortexa9_0/libsrc/axidma_v9_19/src -s libs  "SHELL=CMD" "COMPILER=arm-none-eabi-gcc" "ASSEMBLER=arm-none-eabi-as" "
TRACE::2026-06-16.17:01:44::SCWMssOS::ARCHIVER=arm-none-eabi-ar" "COMPILER_FLAGS=  -O2 -c" "EXTRA_COMPILER_FLAGS=-mcpu=cortex-a9 -mfpu=vfpv3 -mfloat-abi=hard -nostar
TRACE::2026-06-16.17:01:44::SCWMssOS::tfiles -g -Wall -Wextra -fno-tree-loop-distribute-patterns"

TRACE::2026-06-16.17:01:44::SCWMssOS::"Running Make libs in ps7_cortexa9_0/libsrc/bram_v4_11/src"

TRACE::2026-06-16.17:01:44::SCWMssOS::make -C ps7_cortexa9_0/libsrc/bram_v4_11/src -s libs  "SHELL=CMD" "COMPILER=arm-none-eabi-gcc" "ASSEMBLER=arm-none-eabi-as" "AR
TRACE::2026-06-16.17:01:44::SCWMssOS::CHIVER=arm-none-eabi-ar" "COMPILER_FLAGS=  -O2 -c" "EXTRA_COMPILER_FLAGS=-mcpu=cortex-a9 -mfpu=vfpv3 -mfloat-abi=hard -nostartf
TRACE::2026-06-16.17:01:44::SCWMssOS::iles -g -Wall -Wextra -fno-tree-loop-distribute-patterns"

TRACE::2026-06-16.17:01:44::SCWMssOS::"Running Make libs in ps7_cortexa9_0/libsrc/coresightps_dcc_v1_11/src"

TRACE::2026-06-16.17:01:44::SCWMssOS::make -C ps7_cortexa9_0/libsrc/coresightps_dcc_v1_11/src -s libs  "SHELL=CMD" "COMPILER=arm-none-eabi-gcc" "ASSEMBLER=arm-none-e
TRACE::2026-06-16.17:01:44::SCWMssOS::abi-as" "ARCHIVER=arm-none-eabi-ar" "COMPILER_FLAGS=  -O2 -c" "EXTRA_COMPILER_FLAGS=-mcpu=cortex-a9 -mfpu=vfpv3 -mfloat-abi=har
TRACE::2026-06-16.17:01:44::SCWMssOS::d -nostartfiles -g -Wall -Wextra -fno-tree-loop-distribute-patterns"

TRACE::2026-06-16.17:01:44::SCWMssOS::"Running Make libs in ps7_cortexa9_0/libsrc/cpu_cortexa9_v2_12/src"

TRACE::2026-06-16.17:01:44::SCWMssOS::make -C ps7_cortexa9_0/libsrc/cpu_cortexa9_v2_12/src -s libs  "SHELL=CMD" "COMPILER=arm-none-eabi-gcc" "ASSEMBLER=arm-none-eabi
TRACE::2026-06-16.17:01:44::SCWMssOS::-as" "ARCHIVER=arm-none-eabi-ar" "COMPILER_FLAGS=  -O2 -c" "EXTRA_COMPILER_FLAGS=-mcpu=cortex-a9 -mfpu=vfpv3 -mfloat-abi=hard -
TRACE::2026-06-16.17:01:44::SCWMssOS::nostartfiles -g -Wall -Wextra -fno-tree-loop-distribute-patterns"

TRACE::2026-06-16.17:01:44::SCWMssOS::"Running Make libs in ps7_cortexa9_0/libsrc/ddrps_v1_2/src"

TRACE::2026-06-16.17:01:44::SCWMssOS::make -C ps7_cortexa9_0/libsrc/ddrps_v1_2/src -s libs  "SHELL=CMD" "COMPILER=arm-none-eabi-gcc" "ASSEMBLER=arm-none-eabi-as" "AR
TRACE::2026-06-16.17:01:44::SCWMssOS::CHIVER=arm-none-eabi-ar" "COMPILER_FLAGS=  -O2 -c" "EXTRA_COMPILER_FLAGS=-mcpu=cortex-a9 -mfpu=vfpv3 -mfloat-abi=hard -nostartf
TRACE::2026-06-16.17:01:44::SCWMssOS::iles -g -Wall -Wextra -fno-tree-loop-distribute-patterns"

TRACE::2026-06-16.17:01:44::SCWMssOS::"Running Make libs in ps7_cortexa9_0/libsrc/devcfg_v3_8/src"

TRACE::2026-06-16.17:01:44::SCWMssOS::"Running Make libs in ps7_cortexa9_0/libsrc/dmaps_v2_11/src"

TRACE::2026-06-16.17:01:44::SCWMssOS::make -C ps7_cortexa9_0/libsrc/devcfg_v3_8/src -s libs  "SHELL=CMD" "COMPILER=arm-none-eabi-gcc" "ASSEMBLER=arm-none-eabi-as" "A
TRACE::2026-06-16.17:01:44::SCWMssOS::RCHIVER=arm-none-eabi-ar" "COMPILER_FLAGS=  -O2 -c" "EXTRA_COMPILER_FLAGS=-mcpu=cortex-a9 -mfpu=vfpv3 -mfloat-abi=hard -nostart
TRACE::2026-06-16.17:01:44::SCWMssOS::files -g -Wall -Wextra -fno-tree-loop-distribute-patterns"

TRACE::2026-06-16.17:01:44::SCWMssOS::make -C ps7_cortexa9_0/libsrc/dmaps_v2_11/src -s libs  "SHELL=CMD" "COMPILER=arm-none-eabi-gcc" "ASSEMBLER=arm-none-eabi-as" "A
TRACE::2026-06-16.17:01:44::SCWMssOS::RCHIVER=arm-none-eabi-ar" "COMPILER_FLAGS=  -O2 -c" "EXTRA_COMPILER_FLAGS=-mcpu=cortex-a9 -mfpu=vfpv3 -mfloat-abi=hard -nostart
TRACE::2026-06-16.17:01:44::SCWMssOS::files -g -Wall -Wextra -fno-tree-loop-distribute-patterns"

TRACE::2026-06-16.17:01:44::SCWMssOS::"Running Make libs in ps7_cortexa9_0/libsrc/emacps_v3_21/src"

TRACE::2026-06-16.17:01:44::SCWMssOS::make -C ps7_cortexa9_0/libsrc/emacps_v3_21/src -s libs  "SHELL=CMD" "COMPILER=arm-none-eabi-gcc" "ASSEMBLER=arm-none-eabi-as" "
TRACE::2026-06-16.17:01:44::SCWMssOS::ARCHIVER=arm-none-eabi-ar" "COMPILER_FLAGS=  -O2 -c" "EXTRA_COMPILER_FLAGS=-mcpu=cortex-a9 -mfpu=vfpv3 -mfloat-abi=hard -nostar
TRACE::2026-06-16.17:01:44::SCWMssOS::tfiles -g -Wall -Wextra -fno-tree-loop-distribute-patterns"

TRACE::2026-06-16.17:01:44::SCWMssOS::"Running Make libs in ps7_cortexa9_0/libsrc/gpiops_v3_13/src"

TRACE::2026-06-16.17:01:44::SCWMssOS::make -C ps7_cortexa9_0/libsrc/gpiops_v3_13/src -s libs  "SHELL=CMD" "COMPILER=arm-none-eabi-gcc" "ASSEMBLER=arm-none-eabi-as" "
TRACE::2026-06-16.17:01:44::SCWMssOS::ARCHIVER=arm-none-eabi-ar" "COMPILER_FLAGS=  -O2 -c" "EXTRA_COMPILER_FLAGS=-mcpu=cortex-a9 -mfpu=vfpv3 -mfloat-abi=hard -nostar
TRACE::2026-06-16.17:01:44::SCWMssOS::tfiles -g -Wall -Wextra -fno-tree-loop-distribute-patterns"

TRACE::2026-06-16.17:01:44::SCWMssOS::"Running Make libs in ps7_cortexa9_0/libsrc/gpio_v4_12/src"

TRACE::2026-06-16.17:01:44::SCWMssOS::make -C ps7_cortexa9_0/libsrc/gpio_v4_12/src -s libs  "SHELL=CMD" "COMPILER=arm-none-eabi-gcc" "ASSEMBLER=arm-none-eabi-as" "AR
TRACE::2026-06-16.17:01:44::SCWMssOS::CHIVER=arm-none-eabi-ar" "COMPILER_FLAGS=  -O2 -c" "EXTRA_COMPILER_FLAGS=-mcpu=cortex-a9 -mfpu=vfpv3 -mfloat-abi=hard -nostartf
TRACE::2026-06-16.17:01:44::SCWMssOS::iles -g -Wall -Wextra -fno-tree-loop-distribute-patterns"

TRACE::2026-06-16.17:01:45::SCWMssOS::"Running Make libs in ps7_cortexa9_0/libsrc/qspips_v3_13/src"

TRACE::2026-06-16.17:01:45::SCWMssOS::make -C ps7_cortexa9_0/libsrc/qspips_v3_13/src -s libs  "SHELL=CMD" "COMPILER=arm-none-eabi-gcc" "ASSEMBLER=arm-none-eabi-as" "
TRACE::2026-06-16.17:01:45::SCWMssOS::ARCHIVER=arm-none-eabi-ar" "COMPILER_FLAGS=  -O2 -c" "EXTRA_COMPILER_FLAGS=-mcpu=cortex-a9 -mfpu=vfpv3 -mfloat-abi=hard -nostar
TRACE::2026-06-16.17:01:45::SCWMssOS::tfiles -g -Wall -Wextra -fno-tree-loop-distribute-patterns"

TRACE::2026-06-16.17:01:45::SCWMssOS::"Running Make libs in ps7_cortexa9_0/libsrc/scugic_v5_4/src"

TRACE::2026-06-16.17:01:45::SCWMssOS::make -C ps7_cortexa9_0/libsrc/scugic_v5_4/src -s libs  "SHELL=CMD" "COMPILER=arm-none-eabi-gcc" "ASSEMBLER=arm-none-eabi-as" "A
TRACE::2026-06-16.17:01:45::SCWMssOS::RCHIVER=arm-none-eabi-ar" "COMPILER_FLAGS=  -O2 -c" "EXTRA_COMPILER_FLAGS=-mcpu=cortex-a9 -mfpu=vfpv3 -mfloat-abi=hard -nostart
TRACE::2026-06-16.17:01:45::SCWMssOS::files -g -Wall -Wextra -fno-tree-loop-distribute-patterns"

TRACE::2026-06-16.17:01:45::SCWMssOS::"Running Make libs in ps7_cortexa9_0/libsrc/scutimer_v2_6/src"

TRACE::2026-06-16.17:01:45::SCWMssOS::make -C ps7_cortexa9_0/libsrc/scutimer_v2_6/src -s libs  "SHELL=CMD" "COMPILER=arm-none-eabi-gcc" "ASSEMBLER=arm-none-eabi-as" 
TRACE::2026-06-16.17:01:45::SCWMssOS::"ARCHIVER=arm-none-eabi-ar" "COMPILER_FLAGS=  -O2 -c" "EXTRA_COMPILER_FLAGS=-mcpu=cortex-a9 -mfpu=vfpv3 -mfloat-abi=hard -nosta
TRACE::2026-06-16.17:01:45::SCWMssOS::rtfiles -g -Wall -Wextra -fno-tree-loop-distribute-patterns"

TRACE::2026-06-16.17:01:46::SCWMssOS::"Running Make libs in ps7_cortexa9_0/libsrc/scuwdt_v2_6/src"

TRACE::2026-06-16.17:01:46::SCWMssOS::make -C ps7_cortexa9_0/libsrc/scuwdt_v2_6/src -s libs  "SHELL=CMD" "COMPILER=arm-none-eabi-gcc" "ASSEMBLER=arm-none-eabi-as" "A
TRACE::2026-06-16.17:01:46::SCWMssOS::RCHIVER=arm-none-eabi-ar" "COMPILER_FLAGS=  -O2 -c" "EXTRA_COMPILER_FLAGS=-mcpu=cortex-a9 -mfpu=vfpv3 -mfloat-abi=hard -nostart
TRACE::2026-06-16.17:01:46::SCWMssOS::files -g -Wall -Wextra -fno-tree-loop-distribute-patterns"

TRACE::2026-06-16.17:01:46::SCWMssOS::"Running Make libs in ps7_cortexa9_0/libsrc/sdps_v4_4/src"

TRACE::2026-06-16.17:01:46::SCWMssOS::make -C ps7_cortexa9_0/libsrc/sdps_v4_4/src -s libs  "SHELL=CMD" "COMPILER=arm-none-eabi-gcc" "ASSEMBLER=arm-none-eabi-as" "ARC
TRACE::2026-06-16.17:01:46::SCWMssOS::HIVER=arm-none-eabi-ar" "COMPILER_FLAGS=  -O2 -c" "EXTRA_COMPILER_FLAGS=-mcpu=cortex-a9 -mfpu=vfpv3 -mfloat-abi=hard -nostartfi
TRACE::2026-06-16.17:01:46::SCWMssOS::les -g -Wall -Wextra -fno-tree-loop-distribute-patterns"

TRACE::2026-06-16.17:01:46::SCWMssOS::"Running Make libs in ps7_cortexa9_0/libsrc/spi_v4_13/src"

TRACE::2026-06-16.17:01:46::SCWMssOS::make -C ps7_cortexa9_0/libsrc/spi_v4_13/src -s libs  "SHELL=CMD" "COMPILER=arm-none-eabi-gcc" "ASSEMBLER=arm-none-eabi-as" "ARC
TRACE::2026-06-16.17:01:46::SCWMssOS::HIVER=arm-none-eabi-ar" "COMPILER_FLAGS=  -O2 -c" "EXTRA_COMPILER_FLAGS=-mcpu=cortex-a9 -mfpu=vfpv3 -mfloat-abi=hard -nostartfi
TRACE::2026-06-16.17:01:46::SCWMssOS::les -g -Wall -Wextra -fno-tree-loop-distribute-patterns"

TRACE::2026-06-16.17:01:46::SCWMssOS::"Running Make libs in ps7_cortexa9_0/libsrc/standalone_v9_2/src"

TRACE::2026-06-16.17:01:46::SCWMssOS::make -C ps7_cortexa9_0/libsrc/standalone_v9_2/src -s libs  "SHELL=CMD" "COMPILER=arm-none-eabi-gcc" "ASSEMBLER=arm-none-eabi-as
TRACE::2026-06-16.17:01:46::SCWMssOS::" "ARCHIVER=arm-none-eabi-ar" "COMPILER_FLAGS=  -O2 -c" "EXTRA_COMPILER_FLAGS=-mcpu=cortex-a9 -mfpu=vfpv3 -mfloat-abi=hard -nos
TRACE::2026-06-16.17:01:46::SCWMssOS::tartfiles -g -Wall -Wextra -fno-tree-loop-distribute-patterns"

TRACE::2026-06-16.17:01:46::SCWMssOS::"Running Make libs in ps7_cortexa9_0/libsrc/ttcps_v3_20/src"

TRACE::2026-06-16.17:01:46::SCWMssOS::make -C ps7_cortexa9_0/libsrc/ttcps_v3_20/src -s libs  "SHELL=CMD" "COMPILER=arm-none-eabi-gcc" "ASSEMBLER=arm-none-eabi-as" "A
TRACE::2026-06-16.17:01:46::SCWMssOS::RCHIVER=arm-none-eabi-ar" "COMPILER_FLAGS=  -O2 -c" "EXTRA_COMPILER_FLAGS=-mcpu=cortex-a9 -mfpu=vfpv3 -mfloat-abi=hard -nostart
TRACE::2026-06-16.17:01:46::SCWMssOS::files -g -Wall -Wextra -fno-tree-loop-distribute-patterns"

TRACE::2026-06-16.17:01:46::SCWMssOS::"Running Make libs in ps7_cortexa9_0/libsrc/uartps_v3_15/src"

TRACE::2026-06-16.17:01:46::SCWMssOS::make -C ps7_cortexa9_0/libsrc/uartps_v3_15/src -s libs  "SHELL=CMD" "COMPILER=arm-none-eabi-gcc" "ASSEMBLER=arm-none-eabi-as" "
TRACE::2026-06-16.17:01:46::SCWMssOS::ARCHIVER=arm-none-eabi-ar" "COMPILER_FLAGS=  -O2 -c" "EXTRA_COMPILER_FLAGS=-mcpu=cortex-a9 -mfpu=vfpv3 -mfloat-abi=hard -nostar
TRACE::2026-06-16.17:01:46::SCWMssOS::tfiles -g -Wall -Wextra -fno-tree-loop-distribute-patterns"

TRACE::2026-06-16.17:01:47::SCWMssOS::"Running Make libs in ps7_cortexa9_0/libsrc/usbps_v2_9/src"

TRACE::2026-06-16.17:01:47::SCWMssOS::make -C ps7_cortexa9_0/libsrc/usbps_v2_9/src -s libs  "SHELL=CMD" "COMPILER=arm-none-eabi-gcc" "ASSEMBLER=arm-none-eabi-as" "AR
TRACE::2026-06-16.17:01:47::SCWMssOS::CHIVER=arm-none-eabi-ar" "COMPILER_FLAGS=  -O2 -c" "EXTRA_COMPILER_FLAGS=-mcpu=cortex-a9 -mfpu=vfpv3 -mfloat-abi=hard -nostartf
TRACE::2026-06-16.17:01:47::SCWMssOS::iles -g -Wall -Wextra -fno-tree-loop-distribute-patterns"

TRACE::2026-06-16.17:01:47::SCWMssOS::"Running Make libs in ps7_cortexa9_0/libsrc/xadcps_v2_7/src"

TRACE::2026-06-16.17:01:47::SCWMssOS::make -C ps7_cortexa9_0/libsrc/xadcps_v2_7/src -s libs  "SHELL=CMD" "COMPILER=arm-none-eabi-gcc" "ASSEMBLER=arm-none-eabi-as" "A
TRACE::2026-06-16.17:01:47::SCWMssOS::RCHIVER=arm-none-eabi-ar" "COMPILER_FLAGS=  -O2 -c" "EXTRA_COMPILER_FLAGS=-mcpu=cortex-a9 -mfpu=vfpv3 -mfloat-abi=hard -nostart
TRACE::2026-06-16.17:01:47::SCWMssOS::files -g -Wall -Wextra -fno-tree-loop-distribute-patterns"

TRACE::2026-06-16.17:01:49::SCWMssOS::'Finished building libraries parallelly.'

TRACE::2026-06-16.17:01:49::SCWMssOS::make --no-print-directory archive

TRACE::2026-06-16.17:01:49::SCWMssOS::arm-none-eabi-ar -r  ps7_cortexa9_0/lib/libxil.a ps7_cortexa9_0/lib/_exit.o ps7_cortexa9_0/lib/_open.o ps7_cortexa9_0/lib/_sbrk
TRACE::2026-06-16.17:01:49::SCWMssOS::.o ps7_cortexa9_0/lib/abort.o ps7_cortexa9_0/lib/asm_vectors.o ps7_cortexa9_0/lib/boot.o ps7_cortexa9_0/lib/close.o ps7_cortexa
TRACE::2026-06-16.17:01:49::SCWMssOS::9_0/lib/cpputest_time.o ps7_cortexa9_0/lib/cpu_init.o ps7_cortexa9_0/lib/errno.o ps7_cortexa9_0/lib/fcntl.o ps7_cortexa9_0/lib/
TRACE::2026-06-16.17:01:49::SCWMssOS::fstat.o ps7_cortexa9_0/lib/getentropy.o ps7_cortexa9_0/lib/getpid.o ps7_cortexa9_0/lib/gettimeofday.o ps7_cortexa9_0/lib/inbyte
TRACE::2026-06-16.17:01:49::SCWMssOS::.o ps7_cortexa9_0/lib/isatty.o ps7_cortexa9_0/lib/kill.o ps7_cortexa9_0/lib/lseek.o ps7_cortexa9_0/lib/open.o ps7_cortexa9_0/li
TRACE::2026-06-16.17:01:49::SCWMssOS::b/outbyte.o ps7_cortexa9_0/lib/print.o ps7_cortexa9_0/lib/putnum.o ps7_cortexa9_0/lib/read.o ps7_cortexa9_0/lib/sbrk.o ps7_cort
TRACE::2026-06-16.17:01:49::SCWMssOS::exa9_0/lib/sleep.o ps7_cortexa9_0/lib/time.o ps7_cortexa9_0/lib/translation_table.o ps7_cortexa9_0/lib/unlink.o ps7_cortexa9_0/
TRACE::2026-06-16.17:01:49::SCWMssOS::lib/usleep.o ps7_cortexa9_0/lib/vectors.o ps7_cortexa9_0/lib/write.o ps7_cortexa9_0/lib/xadcps.o ps7_cortexa9_0/lib/xadcps_g.o 
TRACE::2026-06-16.17:01:49::SCWMssOS::ps7_cortexa9_0/lib/xadcps_intr.o ps7_cortexa9_0/lib/xadcps_selftest.o ps7_cortexa9_0/lib/xadcps_sinit.o ps7_cortexa9_0/lib/xaxi
TRACE::2026-06-16.17:01:49::SCWMssOS::dma.o ps7_cortexa9_0/lib/xaxidma_bd.o ps7_cortexa9_0/lib/xaxidma_bdring.o ps7_cortexa9_0/lib/xaxidma_g.o ps7_cortexa9_0/lib/xax
TRACE::2026-06-16.17:01:49::SCWMssOS::idma_selftest.o ps7_cortexa9_0/lib/xaxidma_sinit.o ps7_cortexa9_0/lib/xbram.o ps7_cortexa9_0/lib/xbram_g.o ps7_cortexa9_0/lib/x
TRACE::2026-06-16.17:01:49::SCWMssOS::bram_intr.o ps7_cortexa9_0/lib/xbram_selftest.o ps7_cortexa9_0/lib/xbram_sinit.o ps7_cortexa9_0/lib/xcoresightpsdcc.o ps7_corte
TRACE::2026-06-16.17:01:49::SCWMssOS::xa9_0/lib/xdevcfg.o ps7_cortexa9_0/lib/xdevcfg_g.o ps7_cortexa9_0/lib/xdevcfg_hw.o ps7_cortexa9_0/lib/xdevcfg_intr.o ps7_cortex
TRACE::2026-06-16.17:01:49::SCWMssOS::a9_0/lib/xdevcfg_selftest.o ps7_cortexa9_0/lib/xdevcfg_sinit.o ps7_cortexa9_0/lib/xdmaps.o ps7_cortexa9_0/lib/xdmaps_g.o ps7_co
TRACE::2026-06-16.17:01:49::SCWMssOS::rtexa9_0/lib/xdmaps_hw.o ps7_cortexa9_0/lib/xdmaps_selftest.o ps7_cortexa9_0/lib/xdmaps_sinit.o ps7_cortexa9_0/lib/xemacps.o ps
TRACE::2026-06-16.17:01:49::SCWMssOS::7_cortexa9_0/lib/xemacps_bdring.o ps7_cortexa9_0/lib/xemacps_control.o ps7_cortexa9_0/lib/xemacps_g.o ps7_cortexa9_0/lib/xemacp
TRACE::2026-06-16.17:01:49::SCWMssOS::s_hw.o ps7_cortexa9_0/lib/xemacps_intr.o ps7_cortexa9_0/lib/xemacps_sinit.o ps7_cortexa9_0/lib/xgpio.o ps7_cortexa9_0/lib/xgpio
TRACE::2026-06-16.17:01:49::SCWMssOS::_extra.o ps7_cortexa9_0/lib/xgpio_g.o ps7_cortexa9_0/lib/xgpio_intr.o ps7_cortexa9_0/lib/xgpio_selftest.o ps7_cortexa9_0/lib/xg
TRACE::2026-06-16.17:01:49::SCWMssOS::pio_sinit.o ps7_cortexa9_0/lib/xgpiops.o ps7_cortexa9_0/lib/xgpiops_g.o ps7_cortexa9_0/lib/xgpiops_hw.o ps7_cortexa9_0/lib/xgpi
TRACE::2026-06-16.17:01:49::SCWMssOS::ops_intr.o ps7_cortexa9_0/lib/xgpiops_selftest.o ps7_cortexa9_0/lib/xgpiops_sinit.o ps7_cortexa9_0/lib/xil-crt0.o ps7_cortexa9_
TRACE::2026-06-16.17:01:49::SCWMssOS::0/lib/xil_assert.o ps7_cortexa9_0/lib/xil_cache.o ps7_cortexa9_0/lib/xil_clocking.o ps7_cortexa9_0/lib/xil_exception.o ps7_cort
TRACE::2026-06-16.17:01:49::SCWMssOS::exa9_0/lib/xil_mem.o ps7_cortexa9_0/lib/xil_misc_psreset_api.o ps7_cortexa9_0/lib/xil_mmu.o ps7_cortexa9_0/lib/xil_printf.o ps7
TRACE::2026-06-16.17:01:49::SCWMssOS::_cortexa9_0/lib/xil_sleepcommon.o ps7_cortexa9_0/lib/xil_sleeptimer.o ps7_cortexa9_0/lib/xil_spinlock.o ps7_cortexa9_0/lib/xil_
TRACE::2026-06-16.17:01:49::SCWMssOS::sutil.o ps7_cortexa9_0/lib/xil_testcache.o ps7_cortexa9_0/lib/xil_testio.o ps7_cortexa9_0/lib/xil_testmem.o ps7_cortexa9_0/lib/
TRACE::2026-06-16.17:01:49::SCWMssOS::xil_util.o ps7_cortexa9_0/lib/xinterrupt_wrap.o ps7_cortexa9_0/lib/xl2cc_counter.o ps7_cortexa9_0/lib/xplatform_info.o ps7_cort
TRACE::2026-06-16.17:01:49::SCWMssOS::exa9_0/lib/xpm_counter.o ps7_cortexa9_0/lib/xpm_init.o ps7_cortexa9_0/lib/xqspips.o ps7_cortexa9_0/lib/xqspips_g.o ps7_cortexa9
TRACE::2026-06-16.17:01:49::SCWMssOS::_0/lib/xqspips_hw.o ps7_cortexa9_0/lib/xqspips_options.o ps7_cortexa9_0/lib/xqspips_selftest.o ps7_cortexa9_0/lib/xqspips_sinit
TRACE::2026-06-16.17:01:49::SCWMssOS::.o ps7_cortexa9_0/lib/xscugic.o ps7_cortexa9_0/lib/xscugic_g.o ps7_cortexa9_0/lib/xscugic_hw.o ps7_cortexa9_0/lib/xscugic_intr.
TRACE::2026-06-16.17:01:49::SCWMssOS::o ps7_cortexa9_0/lib/xscugic_selftest.o ps7_cortexa9_0/lib/xscugic_sinit.o ps7_cortexa9_0/lib/xscutimer.o ps7_cortexa9_0/lib/xs
TRACE::2026-06-16.17:01:49::SCWMssOS::cutimer_g.o ps7_cortexa9_0/lib/xscutimer_selftest.o ps7_cortexa9_0/lib/xscutimer_sinit.o ps7_cortexa9_0/lib/xscuwdt.o ps7_corte
TRACE::2026-06-16.17:01:49::SCWMssOS::xa9_0/lib/xscuwdt_g.o ps7_cortexa9_0/lib/xscuwdt_selftest.o ps7_cortexa9_0/lib/xscuwdt_sinit.o ps7_cortexa9_0/lib/xsdps.o ps7_c
TRACE::2026-06-16.17:01:49::SCWMssOS::ortexa9_0/lib/xsdps_card.o ps7_cortexa9_0/lib/xsdps_g.o ps7_cortexa9_0/lib/xsdps_host.o ps7_cortexa9_0/lib/xsdps_options.o ps7_
TRACE::2026-06-16.17:01:49::SCWMssOS::cortexa9_0/lib/xsdps_sinit.o ps7_cortexa9_0/lib/xspi.o ps7_cortexa9_0/lib/xspi_g.o ps7_cortexa9_0/lib/xspi_options.o ps7_cortex
TRACE::2026-06-16.17:01:49::SCWMssOS::a9_0/lib/xspi_selftest.o ps7_cortexa9_0/lib/xspi_sinit.o ps7_cortexa9_0/lib/xspi_stats.o ps7_cortexa9_0/lib/xtime_l.o ps7_corte
TRACE::2026-06-16.17:01:49::SCWMssOS::xa9_0/lib/xttcps.o ps7_cortexa9_0/lib/xttcps_g.o ps7_cortexa9_0/lib/xttcps_options.o ps7_cortexa9_0/lib/xttcps_selftest.o ps7_c
TRACE::2026-06-16.17:01:49::SCWMssOS::ortexa9_0/lib/xttcps_sinit.o ps7_cortexa9_0/lib/xuartps.o ps7_cortexa9_0/lib/xuartps_g.o ps7_cortexa9_0/lib/xuartps_hw.o ps7_co
TRACE::2026-06-16.17:01:49::SCWMssOS::rtexa9_0/lib/xuartps_intr.o ps7_cortexa9_0/lib/xuartps_options.o ps7_cortexa9_0/lib/xuartps_selftest.o ps7_cortexa9_0/lib/xuart
TRACE::2026-06-16.17:01:49::SCWMssOS::ps_sinit.o ps7_cortexa9_0/lib/xusbps.o ps7_cortexa9_0/lib/xusbps_endpoint.o ps7_cortexa9_0/lib/xusbps_g.o ps7_cortexa9_0/lib/xu
TRACE::2026-06-16.17:01:49::SCWMssOS::sbps_hw.o ps7_cortexa9_0/lib/xusbps_intr.o ps7_cortexa9_0/lib/xusbps_sinit.o

TRACE::2026-06-16.17:01:49::SCWMssOS::'Finished building libraries'

TRACE::2026-06-16.17:01:49::SCWMssOS::Copying to export directory.
TRACE::2026-06-16.17:01:50::SCWMssOS:: Checking if to create the Supporting Applications
TRACE::2026-06-16.17:01:50::SCWMssOS:: No Linux domain exists, trying to generate FSBL 
LOG::2026-06-16.17:01:50::SCWSystem::Completed Processing the domain standalone_domain
LOG::2026-06-16.17:01:50::SCWSystem::Completed Processing the sysconfig platform
LOG::2026-06-16.17:01:50::SCWPlatform::Completed generating the artifacts for system configuration platform
TRACE::2026-06-16.17:01:50::SCWPlatform::Started preparing the platform 
TRACE::2026-06-16.17:01:50::SCWSystem::Writing the bif file for system config platform
TRACE::2026-06-16.17:01:50::SCWSystem::dir created 
TRACE::2026-06-16.17:01:50::SCWSystem::Writing the bif 
TRACE::2026-06-16.17:01:50::SCWPlatform::Started writing the spfm file 
TRACE::2026-06-16.17:01:50::SCWPlatform::Started writing the xpfm file 
TRACE::2026-06-16.17:01:50::SCWPlatform::Completed generating the platform
TRACE::2026-06-16.17:01:50::SCWMssOS::Saving the mss changes C:/openTCSPC3/SRC/zedboard_real_microscope/vitis/platform/zynq_fsbl/zynq_fsbl_bsp/system.mss
TRACE::2026-06-16.17:01:50::SCWMssOS::Found a swdesign opened with the mssfile.
TRACE::2026-06-16.17:01:50::SCWMssOS::Completed writemss as part of save.
TRACE::2026-06-16.17:01:50::SCWMssOS::Commit changes completed.
TRACE::2026-06-16.17:01:50::SCWMssOS::Saving the mss changes C:/openTCSPC3/SRC/zedboard_real_microscope/vitis/platform/ps7_cortexa9_0/standalone_domain/bsp/system.mss
TRACE::2026-06-16.17:01:50::SCWMssOS::Found a swdesign opened with the mssfile.
TRACE::2026-06-16.17:01:50::SCWMssOS::Completed writemss as part of save.
TRACE::2026-06-16.17:01:50::SCWMssOS::Commit changes completed.
TRACE::2026-06-16.17:01:50::SCWPlatform::Trying to open the hw design at C:/openTCSPC3/SRC/zedboard_real_microscope/vitis/platform/hw/zedboard_real_microscope_wrapper.xsa
TRACE::2026-06-16.17:01:50::SCWPlatform::DSA given C:/openTCSPC3/SRC/zedboard_real_microscope/vitis/platform/hw/zedboard_real_microscope_wrapper.xsa
TRACE::2026-06-16.17:01:50::SCWPlatform::DSA absoulate path C:/openTCSPC3/SRC/zedboard_real_microscope/vitis/platform/hw/zedboard_real_microscope_wrapper.xsa
TRACE::2026-06-16.17:01:50::SCWPlatform::DSA directory C:/openTCSPC3/SRC/zedboard_real_microscope/vitis/platform/hw
TRACE::2026-06-16.17:01:50::SCWPlatform:: Platform Path C:/openTCSPC3/SRC/zedboard_real_microscope/vitis/platform/hw/zedboard_real_microscope_wrapper.xsa
TRACE::2026-06-16.17:01:50::SCWPlatform:: Unique name xilinx:zedboard::0.0
TRACE::2026-06-16.17:01:50::SCWPlatform::Trying to set the existing hwdb with name zedboard_real_microscope_wrapper_1
TRACE::2026-06-16.17:01:50::SCWPlatform::Opened existing hwdb zedboard_real_microscope_wrapper_1
TRACE::2026-06-16.17:01:50::SCWPlatform::Found the Hw Db part of the input DSA
TRACE::2026-06-16.17:01:50::SCWMssOS::Checking the sw design at  C:/openTCSPC3/SRC/zedboard_real_microscope/vitis/platform/zynq_fsbl/zynq_fsbl_bsp/system.mss
TRACE::2026-06-16.17:01:50::SCWMssOS::DEBUG:  swdes dump  C:/openTCSPC3/SRC/zedboard_real_microscope/vitis/platform/ps7_cortexa9_0/standalone_domain/bsp/system.mss|system_0||
C:/openTCSPC3/SRC/zedboard_real_microscope/vitis/platform/zynq_fsbl/zynq_fsbl_bsp/system.mss|system||

TRACE::2026-06-16.17:01:50::SCWMssOS::Sw design exists and opened at  C:/openTCSPC3/SRC/zedboard_real_microscope/vitis/platform/zynq_fsbl/zynq_fsbl_bsp/system.mss
TRACE::2026-06-16.17:01:50::SCWPlatform::Trying to open the hw design at C:/openTCSPC3/SRC/zedboard_real_microscope/vitis/platform/hw/zedboard_real_microscope_wrapper.xsa
TRACE::2026-06-16.17:01:50::SCWPlatform::DSA given C:/openTCSPC3/SRC/zedboard_real_microscope/vitis/platform/hw/zedboard_real_microscope_wrapper.xsa
TRACE::2026-06-16.17:01:50::SCWPlatform::DSA absoulate path C:/openTCSPC3/SRC/zedboard_real_microscope/vitis/platform/hw/zedboard_real_microscope_wrapper.xsa
TRACE::2026-06-16.17:01:50::SCWPlatform::DSA directory C:/openTCSPC3/SRC/zedboard_real_microscope/vitis/platform/hw
TRACE::2026-06-16.17:01:50::SCWPlatform:: Platform Path C:/openTCSPC3/SRC/zedboard_real_microscope/vitis/platform/hw/zedboard_real_microscope_wrapper.xsa
TRACE::2026-06-16.17:01:50::SCWPlatform:: Unique name xilinx:zedboard::0.0
TRACE::2026-06-16.17:01:50::SCWPlatform::Trying to set the existing hwdb with name zedboard_real_microscope_wrapper_1
TRACE::2026-06-16.17:01:50::SCWPlatform::Opened existing hwdb zedboard_real_microscope_wrapper_1
TRACE::2026-06-16.17:01:50::SCWPlatform::Found the Hw Db part of the input DSA
TRACE::2026-06-16.17:01:50::SCWMssOS::Checking the sw design at  C:/openTCSPC3/SRC/zedboard_real_microscope/vitis/platform/ps7_cortexa9_0/standalone_domain/bsp/system.mss
TRACE::2026-06-16.17:01:50::SCWMssOS::DEBUG:  swdes dump  C:/openTCSPC3/SRC/zedboard_real_microscope/vitis/platform/ps7_cortexa9_0/standalone_domain/bsp/system.mss|system_0||
C:/openTCSPC3/SRC/zedboard_real_microscope/vitis/platform/zynq_fsbl/zynq_fsbl_bsp/system.mss|system||

TRACE::2026-06-16.17:01:50::SCWMssOS::Sw design exists and opened at  C:/openTCSPC3/SRC/zedboard_real_microscope/vitis/platform/ps7_cortexa9_0/standalone_domain/bsp/system.mss
TRACE::2026-06-16.17:01:50::SCWWriter::formatted JSON is {
	"platformName":	"platform",
	"sprVersion":	"2.0",
	"mode":	"gui",
	"dsaType":	"Fixed",
	"platformDesc":	"platform",
	"platHandOff":	"C:/openTCSPC3/SRC/zedboard_real_microscope/vitis/zedboard_real_microscope_wrapper.xsa",
	"platIntHandOff":	"<platformDir>/hw/zedboard_real_microscope_wrapper.xsa",
	"deviceType":	"zynq",
	"platIsPrebuiltAutogen":	"false",
	"platIsNoBootBsp":	"false",
	"hasFsblMakeHasChanges":	"false",
	"hasPmufwMakeHasChanges":	"false",
	"fsblExtraCompilerFlags":	"-MMD -MP       -mcpu=cortex-a9 -mfpu=vfpv3 -mfloat-abi=hard ",
	"platPreBuiltFlag":	false,
	"platformSamplesDir":	"",
	"platActiveSys":	"platform",
	"systems":	[{
			"systemName":	"platform",
			"systemDesc":	"platform",
			"sysIsBootAutoGen":	"true",
			"systemDispName":	"platform",
			"sysActiveDom":	"standalone_domain",
			"sysDefaultDom":	"standalone_domain",
			"domains":	[{
					"domainName":	"zynq_fsbl",
					"domainDispName":	"zynq_fsbl",
					"domainDesc":	"FSBL Application BSP - Auto Generated.",
					"processors":	"ps7_cortexa9_0",
					"os":	"standalone",
					"sdxOs":	"standalone",
					"debugEnable":	"",
					"domRuntimes":	["cpp"],
					"swRepo":	"",
					"mssOsVer":	"9.2",
					"mssFile":	"",
					"md5Digest":	"a9071a011478c87067468cbf8357a083",
					"compatibleApp":	"zynq_fsbl",
					"domType":	"bootDomain",
					"arch":	"32-bit",
					"appSettings":	{
						"appCompilerFlags":	"",
						"appLinkerFlags":	""
					},
					"addedLibs":	["xilffs:5.3", "xilrsa:1.8"],
					"libOptions":	{
						"libsContainingOptions":	[]
					},
					"prebuiltLibs":	{
						"prebuiltIncPath":	[],
						"prebuiltLibPath":	[]
					},
					"isolation":	{
					}
				}, {
					"domainName":	"standalone_domain",
					"domainDispName":	"standalone on ps7_cortexa9_0",
					"domainDesc":	"standalone_domain",
					"processors":	"ps7_cortexa9_0",
					"os":	"standalone",
					"sdxOs":	"standalone",
					"qemuArgs":	"<platformDir>/resources/platform/standalone_domain/qemu_args.txt",
					"qemuData":	"<platformDir>/resources/platform/standalone_domain/qemu",
					"debugEnable":	"False",
					"domRuntimes":	["cpp"],
					"swRepo":	"",
					"mssOsVer":	"9.2",
					"mssFile":	"",
					"md5Digest":	"b7c04fadbfe58eb2f640582f5b7f6446",
					"compatibleApp":	"",
					"domType":	"mssDomain",
					"appSettings":	{
						"appCompilerFlags":	"",
						"appLinkerFlags":	""
					},
					"addedLibs":	[],
					"libOptions":	{
						"libsContainingOptions":	[]
					},
					"prebuiltLibs":	{
						"prebuiltIncPath":	[],
						"prebuiltLibPath":	[]
					},
					"isolation":	{
					}
				}]
		}]
}
KEYINFO::2026-06-16.17:01:50::SCWPlatform::updated the xpfm file.
TRACE::2026-06-16.17:01:50::SCWPlatform::Trying to open the hw design at C:/openTCSPC3/SRC/zedboard_real_microscope/vitis/platform/hw/zedboard_real_microscope_wrapper.xsa
TRACE::2026-06-16.17:01:50::SCWPlatform::DSA given C:/openTCSPC3/SRC/zedboard_real_microscope/vitis/platform/hw/zedboard_real_microscope_wrapper.xsa
TRACE::2026-06-16.17:01:50::SCWPlatform::DSA absoulate path C:/openTCSPC3/SRC/zedboard_real_microscope/vitis/platform/hw/zedboard_real_microscope_wrapper.xsa
TRACE::2026-06-16.17:01:50::SCWPlatform::DSA directory C:/openTCSPC3/SRC/zedboard_real_microscope/vitis/platform/hw
TRACE::2026-06-16.17:01:50::SCWPlatform:: Platform Path C:/openTCSPC3/SRC/zedboard_real_microscope/vitis/platform/hw/zedboard_real_microscope_wrapper.xsa
TRACE::2026-06-16.17:01:50::SCWPlatform:: Unique name xilinx:zedboard::0.0
TRACE::2026-06-16.17:01:50::SCWPlatform::Trying to set the existing hwdb with name zedboard_real_microscope_wrapper_1
TRACE::2026-06-16.17:01:50::SCWPlatform::Opened existing hwdb zedboard_real_microscope_wrapper_1
TRACE::2026-06-16.17:01:50::SCWPlatform::Found the Hw Db part of the input DSA
TRACE::2026-06-16.17:01:50::SCWMssOS::Checking the sw design at  C:/openTCSPC3/SRC/zedboard_real_microscope/vitis/platform/ps7_cortexa9_0/standalone_domain/bsp/system.mss
TRACE::2026-06-16.17:01:50::SCWMssOS::DEBUG:  swdes dump  C:/openTCSPC3/SRC/zedboard_real_microscope/vitis/platform/ps7_cortexa9_0/standalone_domain/bsp/system.mss|system_0||
C:/openTCSPC3/SRC/zedboard_real_microscope/vitis/platform/zynq_fsbl/zynq_fsbl_bsp/system.mss|system||

TRACE::2026-06-16.17:01:50::SCWMssOS::Sw design exists and opened at  C:/openTCSPC3/SRC/zedboard_real_microscope/vitis/platform/ps7_cortexa9_0/standalone_domain/bsp/system.mss
TRACE::2026-06-16.17:10:03::SCWPlatform::Trying to open the hw design at C:/openTCSPC3/SRC/zedboard_real_microscope/vitis/platform/hw/zedboard_real_microscope_wrapper.xsa
TRACE::2026-06-16.17:10:03::SCWPlatform::DSA given C:/openTCSPC3/SRC/zedboard_real_microscope/vitis/platform/hw/zedboard_real_microscope_wrapper.xsa
TRACE::2026-06-16.17:10:03::SCWPlatform::DSA absoulate path C:/openTCSPC3/SRC/zedboard_real_microscope/vitis/platform/hw/zedboard_real_microscope_wrapper.xsa
TRACE::2026-06-16.17:10:03::SCWPlatform::DSA directory C:/openTCSPC3/SRC/zedboard_real_microscope/vitis/platform/hw
TRACE::2026-06-16.17:10:03::SCWPlatform:: Platform Path C:/openTCSPC3/SRC/zedboard_real_microscope/vitis/platform/hw/zedboard_real_microscope_wrapper.xsa
TRACE::2026-06-16.17:10:03::SCWPlatform:: Unique name xilinx:zedboard::0.0
TRACE::2026-06-16.17:10:03::SCWPlatform::Trying to set the existing hwdb with name zedboard_real_microscope_wrapper_1
TRACE::2026-06-16.17:10:03::SCWPlatform::Opened existing hwdb zedboard_real_microscope_wrapper_1
TRACE::2026-06-16.17:10:03::SCWPlatform::Found the Hw Db part of the input DSA
TRACE::2026-06-16.17:10:03::SCWMssOS::Checking the sw design at  C:/openTCSPC3/SRC/zedboard_real_microscope/vitis/platform/ps7_cortexa9_0/standalone_domain/bsp/system.mss
TRACE::2026-06-16.17:10:03::SCWMssOS::DEBUG:  swdes dump  C:/openTCSPC3/SRC/zedboard_real_microscope/vitis/platform/ps7_cortexa9_0/standalone_domain/bsp/system.mss|system_0||
C:/openTCSPC3/SRC/zedboard_real_microscope/vitis/platform/zynq_fsbl/zynq_fsbl_bsp/system.mss|system||

TRACE::2026-06-16.17:10:03::SCWMssOS::Sw design exists and opened at  C:/openTCSPC3/SRC/zedboard_real_microscope/vitis/platform/ps7_cortexa9_0/standalone_domain/bsp/system.mss
TRACE::2026-06-16.17:10:04::SCWMssOS::In reload Mss file.
TRACE::2026-06-16.17:10:04::SCWPlatform::Trying to open the hw design at C:/openTCSPC3/SRC/zedboard_real_microscope/vitis/platform/hw/zedboard_real_microscope_wrapper.xsa
TRACE::2026-06-16.17:10:04::SCWPlatform::DSA given C:/openTCSPC3/SRC/zedboard_real_microscope/vitis/platform/hw/zedboard_real_microscope_wrapper.xsa
TRACE::2026-06-16.17:10:04::SCWPlatform::DSA absoulate path C:/openTCSPC3/SRC/zedboard_real_microscope/vitis/platform/hw/zedboard_real_microscope_wrapper.xsa
TRACE::2026-06-16.17:10:04::SCWPlatform::DSA directory C:/openTCSPC3/SRC/zedboard_real_microscope/vitis/platform/hw
TRACE::2026-06-16.17:10:04::SCWPlatform:: Platform Path C:/openTCSPC3/SRC/zedboard_real_microscope/vitis/platform/hw/zedboard_real_microscope_wrapper.xsa
TRACE::2026-06-16.17:10:04::SCWPlatform:: Unique name xilinx:zedboard::0.0
TRACE::2026-06-16.17:10:04::SCWPlatform::Trying to set the existing hwdb with name zedboard_real_microscope_wrapper_1
TRACE::2026-06-16.17:10:04::SCWPlatform::Opened existing hwdb zedboard_real_microscope_wrapper_1
TRACE::2026-06-16.17:10:04::SCWPlatform::Found the Hw Db part of the input DSA
TRACE::2026-06-16.17:10:04::SCWMssOS::Checking the sw design at  C:/openTCSPC3/SRC/zedboard_real_microscope/vitis/platform/ps7_cortexa9_0/standalone_domain/bsp/system.mss
TRACE::2026-06-16.17:10:04::SCWMssOS::DEBUG:  swdes dump  C:/openTCSPC3/SRC/zedboard_real_microscope/vitis/platform/zynq_fsbl/zynq_fsbl_bsp/system.mss|system||

TRACE::2026-06-16.17:10:04::SCWMssOS::No sw design opened at  C:/openTCSPC3/SRC/zedboard_real_microscope/vitis/platform/ps7_cortexa9_0/standalone_domain/bsp/system.mss
TRACE::2026-06-16.17:10:04::SCWMssOS::mss exists loading the mss file  C:/openTCSPC3/SRC/zedboard_real_microscope/vitis/platform/ps7_cortexa9_0/standalone_domain/bsp/system.mss
TRACE::2026-06-16.17:10:04::SCWMssOS::Opened the sw design from mss  C:/openTCSPC3/SRC/zedboard_real_microscope/vitis/platform/ps7_cortexa9_0/standalone_domain/bsp/system.mss
TRACE::2026-06-16.17:10:04::SCWMssOS::Adding the swdes entry C:/openTCSPC3/SRC/zedboard_real_microscope/vitis/platform/ps7_cortexa9_0/standalone_domain/bsp/system.mss with des name system_0
TRACE::2026-06-16.17:10:04::SCWMssOS::updating the scw layer about changes
TRACE::2026-06-16.17:10:04::SCWMssOS::Opened the sw design.  C:/openTCSPC3/SRC/zedboard_real_microscope/vitis/platform/ps7_cortexa9_0/standalone_domain/bsp/system.mss
TRACE::2026-06-16.17:10:04::SCWMssOS::Saving the mss changes C:/openTCSPC3/SRC/zedboard_real_microscope/vitis/platform/ps7_cortexa9_0/standalone_domain/bsp/system.mss
TRACE::2026-06-16.17:10:04::SCWMssOS::Found a swdesign opened with the mssfile.
TRACE::2026-06-16.17:10:04::SCWMssOS::Completed writemss as part of save.
TRACE::2026-06-16.17:10:04::SCWMssOS::Commit changes completed.
TRACE::2026-06-16.17:10:04::SCWPlatform::Trying to open the hw design at C:/openTCSPC3/SRC/zedboard_real_microscope/vitis/platform/hw/zedboard_real_microscope_wrapper.xsa
TRACE::2026-06-16.17:10:04::SCWPlatform::DSA given C:/openTCSPC3/SRC/zedboard_real_microscope/vitis/platform/hw/zedboard_real_microscope_wrapper.xsa
TRACE::2026-06-16.17:10:04::SCWPlatform::DSA absoulate path C:/openTCSPC3/SRC/zedboard_real_microscope/vitis/platform/hw/zedboard_real_microscope_wrapper.xsa
TRACE::2026-06-16.17:10:04::SCWPlatform::DSA directory C:/openTCSPC3/SRC/zedboard_real_microscope/vitis/platform/hw
TRACE::2026-06-16.17:10:04::SCWPlatform:: Platform Path C:/openTCSPC3/SRC/zedboard_real_microscope/vitis/platform/hw/zedboard_real_microscope_wrapper.xsa
TRACE::2026-06-16.17:10:04::SCWPlatform:: Unique name xilinx:zedboard::0.0
TRACE::2026-06-16.17:10:04::SCWPlatform::Trying to set the existing hwdb with name zedboard_real_microscope_wrapper_1
TRACE::2026-06-16.17:10:04::SCWPlatform::Opened existing hwdb zedboard_real_microscope_wrapper_1
TRACE::2026-06-16.17:10:04::SCWPlatform::Found the Hw Db part of the input DSA
TRACE::2026-06-16.17:10:04::SCWMssOS::Checking the sw design at  C:/openTCSPC3/SRC/zedboard_real_microscope/vitis/platform/ps7_cortexa9_0/standalone_domain/bsp/system.mss
TRACE::2026-06-16.17:10:04::SCWMssOS::DEBUG:  swdes dump  C:/openTCSPC3/SRC/zedboard_real_microscope/vitis/platform/ps7_cortexa9_0/standalone_domain/bsp/system.mss|system_0||
C:/openTCSPC3/SRC/zedboard_real_microscope/vitis/platform/zynq_fsbl/zynq_fsbl_bsp/system.mss|system||

TRACE::2026-06-16.17:10:04::SCWMssOS::Sw design exists and opened at  C:/openTCSPC3/SRC/zedboard_real_microscope/vitis/platform/ps7_cortexa9_0/standalone_domain/bsp/system.mss
TRACE::2026-06-16.17:10:04::SCWMssOS::Removing the swdes entry for  C:/openTCSPC3/SRC/zedboard_real_microscope/vitis/platform/ps7_cortexa9_0/standalone_domain/bsp/system.mss
TRACE::2026-06-16.17:10:08::SCWPlatform::Trying to open the hw design at C:/openTCSPC3/SRC/zedboard_real_microscope/vitis/platform/hw/zedboard_real_microscope_wrapper.xsa
TRACE::2026-06-16.17:10:08::SCWPlatform::DSA given C:/openTCSPC3/SRC/zedboard_real_microscope/vitis/platform/hw/zedboard_real_microscope_wrapper.xsa
TRACE::2026-06-16.17:10:08::SCWPlatform::DSA absoulate path C:/openTCSPC3/SRC/zedboard_real_microscope/vitis/platform/hw/zedboard_real_microscope_wrapper.xsa
TRACE::2026-06-16.17:10:08::SCWPlatform::DSA directory C:/openTCSPC3/SRC/zedboard_real_microscope/vitis/platform/hw
TRACE::2026-06-16.17:10:08::SCWPlatform:: Platform Path C:/openTCSPC3/SRC/zedboard_real_microscope/vitis/platform/hw/zedboard_real_microscope_wrapper.xsa
TRACE::2026-06-16.17:10:08::SCWPlatform:: Unique name xilinx:zedboard::0.0
TRACE::2026-06-16.17:10:08::SCWPlatform::Trying to set the existing hwdb with name zedboard_real_microscope_wrapper_1
TRACE::2026-06-16.17:10:08::SCWPlatform::Opened existing hwdb zedboard_real_microscope_wrapper_1
TRACE::2026-06-16.17:10:08::SCWPlatform::Found the Hw Db part of the input DSA
TRACE::2026-06-16.17:10:08::SCWMssOS::Checking the sw design at  C:/openTCSPC3/SRC/zedboard_real_microscope/vitis/platform/ps7_cortexa9_0/standalone_domain/bsp/system.mss
TRACE::2026-06-16.17:10:08::SCWMssOS::DEBUG:  swdes dump  C:/openTCSPC3/SRC/zedboard_real_microscope/vitis/platform/zynq_fsbl/zynq_fsbl_bsp/system.mss|system||

TRACE::2026-06-16.17:10:08::SCWMssOS::No sw design opened at  C:/openTCSPC3/SRC/zedboard_real_microscope/vitis/platform/ps7_cortexa9_0/standalone_domain/bsp/system.mss
TRACE::2026-06-16.17:10:08::SCWMssOS::mss exists loading the mss file  C:/openTCSPC3/SRC/zedboard_real_microscope/vitis/platform/ps7_cortexa9_0/standalone_domain/bsp/system.mss
TRACE::2026-06-16.17:10:08::SCWMssOS::Opened the sw design from mss  C:/openTCSPC3/SRC/zedboard_real_microscope/vitis/platform/ps7_cortexa9_0/standalone_domain/bsp/system.mss
TRACE::2026-06-16.17:10:08::SCWMssOS::Adding the swdes entry C:/openTCSPC3/SRC/zedboard_real_microscope/vitis/platform/ps7_cortexa9_0/standalone_domain/bsp/system.mss with des name system_0
TRACE::2026-06-16.17:10:08::SCWMssOS::updating the scw layer about changes
TRACE::2026-06-16.17:10:08::SCWMssOS::Opened the sw design.  C:/openTCSPC3/SRC/zedboard_real_microscope/vitis/platform/ps7_cortexa9_0/standalone_domain/bsp/system.mss
TRACE::2026-06-16.17:10:14::SCWPlatform::Trying to open the hw design at C:/openTCSPC3/SRC/zedboard_real_microscope/vitis/platform/hw/zedboard_real_microscope_wrapper.xsa
TRACE::2026-06-16.17:10:14::SCWPlatform::DSA given C:/openTCSPC3/SRC/zedboard_real_microscope/vitis/platform/hw/zedboard_real_microscope_wrapper.xsa
TRACE::2026-06-16.17:10:14::SCWPlatform::DSA absoulate path C:/openTCSPC3/SRC/zedboard_real_microscope/vitis/platform/hw/zedboard_real_microscope_wrapper.xsa
TRACE::2026-06-16.17:10:14::SCWPlatform::DSA directory C:/openTCSPC3/SRC/zedboard_real_microscope/vitis/platform/hw
TRACE::2026-06-16.17:10:14::SCWPlatform:: Platform Path C:/openTCSPC3/SRC/zedboard_real_microscope/vitis/platform/hw/zedboard_real_microscope_wrapper.xsa
TRACE::2026-06-16.17:10:14::SCWPlatform:: Unique name xilinx:zedboard::0.0
TRACE::2026-06-16.17:10:14::SCWPlatform::Trying to set the existing hwdb with name zedboard_real_microscope_wrapper_1
TRACE::2026-06-16.17:10:14::SCWPlatform::Opened existing hwdb zedboard_real_microscope_wrapper_1
TRACE::2026-06-16.17:10:14::SCWPlatform::Found the Hw Db part of the input DSA
TRACE::2026-06-16.17:10:14::SCWMssOS::Checking the sw design at  C:/openTCSPC3/SRC/zedboard_real_microscope/vitis/platform/ps7_cortexa9_0/standalone_domain/bsp/system.mss
TRACE::2026-06-16.17:10:14::SCWMssOS::DEBUG:  swdes dump  C:/openTCSPC3/SRC/zedboard_real_microscope/vitis/platform/ps7_cortexa9_0/standalone_domain/bsp/system.mss|system_0||
C:/openTCSPC3/SRC/zedboard_real_microscope/vitis/platform/zynq_fsbl/zynq_fsbl_bsp/system.mss|system||

TRACE::2026-06-16.17:10:14::SCWMssOS::Sw design exists and opened at  C:/openTCSPC3/SRC/zedboard_real_microscope/vitis/platform/ps7_cortexa9_0/standalone_domain/bsp/system.mss
TRACE::2026-06-16.17:10:14::SCWMssOS::Adding Library:  xilffs:5.3
TRACE::2026-06-16.17:10:14::SCWMssOS::Added Library:  xilffs
TRACE::2026-06-16.17:10:14::SCWPlatform::Trying to open the hw design at C:/openTCSPC3/SRC/zedboard_real_microscope/vitis/platform/hw/zedboard_real_microscope_wrapper.xsa
TRACE::2026-06-16.17:10:14::SCWPlatform::DSA given C:/openTCSPC3/SRC/zedboard_real_microscope/vitis/platform/hw/zedboard_real_microscope_wrapper.xsa
TRACE::2026-06-16.17:10:14::SCWPlatform::DSA absoulate path C:/openTCSPC3/SRC/zedboard_real_microscope/vitis/platform/hw/zedboard_real_microscope_wrapper.xsa
TRACE::2026-06-16.17:10:14::SCWPlatform::DSA directory C:/openTCSPC3/SRC/zedboard_real_microscope/vitis/platform/hw
TRACE::2026-06-16.17:10:14::SCWPlatform:: Platform Path C:/openTCSPC3/SRC/zedboard_real_microscope/vitis/platform/hw/zedboard_real_microscope_wrapper.xsa
TRACE::2026-06-16.17:10:14::SCWPlatform:: Unique name xilinx:zedboard::0.0
TRACE::2026-06-16.17:10:14::SCWPlatform::Trying to set the existing hwdb with name zedboard_real_microscope_wrapper_1
TRACE::2026-06-16.17:10:14::SCWPlatform::Opened existing hwdb zedboard_real_microscope_wrapper_1
TRACE::2026-06-16.17:10:14::SCWPlatform::Found the Hw Db part of the input DSA
TRACE::2026-06-16.17:10:14::SCWMssOS::Checking the sw design at  C:/openTCSPC3/SRC/zedboard_real_microscope/vitis/platform/ps7_cortexa9_0/standalone_domain/bsp/system.mss
TRACE::2026-06-16.17:10:14::SCWMssOS::DEBUG:  swdes dump  C:/openTCSPC3/SRC/zedboard_real_microscope/vitis/platform/ps7_cortexa9_0/standalone_domain/bsp/system.mss|system_0||
C:/openTCSPC3/SRC/zedboard_real_microscope/vitis/platform/zynq_fsbl/zynq_fsbl_bsp/system.mss|system||

TRACE::2026-06-16.17:10:14::SCWMssOS::Sw design exists and opened at  C:/openTCSPC3/SRC/zedboard_real_microscope/vitis/platform/ps7_cortexa9_0/standalone_domain/bsp/system.mss
TRACE::2026-06-16.17:10:27::SCWMssOS::Saving the mss changes C:/openTCSPC3/SRC/zedboard_real_microscope/vitis/platform/zynq_fsbl/zynq_fsbl_bsp/system.mss
TRACE::2026-06-16.17:10:27::SCWMssOS::Found a swdesign opened with the mssfile.
TRACE::2026-06-16.17:10:27::SCWMssOS::Completed writemss as part of save.
TRACE::2026-06-16.17:10:27::SCWMssOS::Commit changes completed.
TRACE::2026-06-16.17:10:27::SCWMssOS::Saving the mss changes C:/openTCSPC3/SRC/zedboard_real_microscope/vitis/platform/ps7_cortexa9_0/standalone_domain/bsp/system.mss
TRACE::2026-06-16.17:10:27::SCWMssOS::Found a swdesign opened with the mssfile.
TRACE::2026-06-16.17:10:27::SCWMssOS::Completed writemss as part of save.
TRACE::2026-06-16.17:10:27::SCWMssOS::Commit changes completed.
TRACE::2026-06-16.17:10:27::SCWPlatform::Trying to open the hw design at C:/openTCSPC3/SRC/zedboard_real_microscope/vitis/platform/hw/zedboard_real_microscope_wrapper.xsa
TRACE::2026-06-16.17:10:27::SCWPlatform::DSA given C:/openTCSPC3/SRC/zedboard_real_microscope/vitis/platform/hw/zedboard_real_microscope_wrapper.xsa
TRACE::2026-06-16.17:10:27::SCWPlatform::DSA absoulate path C:/openTCSPC3/SRC/zedboard_real_microscope/vitis/platform/hw/zedboard_real_microscope_wrapper.xsa
TRACE::2026-06-16.17:10:27::SCWPlatform::DSA directory C:/openTCSPC3/SRC/zedboard_real_microscope/vitis/platform/hw
TRACE::2026-06-16.17:10:27::SCWPlatform:: Platform Path C:/openTCSPC3/SRC/zedboard_real_microscope/vitis/platform/hw/zedboard_real_microscope_wrapper.xsa
TRACE::2026-06-16.17:10:27::SCWPlatform:: Unique name xilinx:zedboard::0.0
TRACE::2026-06-16.17:10:27::SCWPlatform::Trying to set the existing hwdb with name zedboard_real_microscope_wrapper_1
TRACE::2026-06-16.17:10:27::SCWPlatform::Opened existing hwdb zedboard_real_microscope_wrapper_1
TRACE::2026-06-16.17:10:27::SCWPlatform::Found the Hw Db part of the input DSA
TRACE::2026-06-16.17:10:27::SCWMssOS::Checking the sw design at  C:/openTCSPC3/SRC/zedboard_real_microscope/vitis/platform/zynq_fsbl/zynq_fsbl_bsp/system.mss
TRACE::2026-06-16.17:10:27::SCWMssOS::DEBUG:  swdes dump  C:/openTCSPC3/SRC/zedboard_real_microscope/vitis/platform/ps7_cortexa9_0/standalone_domain/bsp/system.mss|system_0||
C:/openTCSPC3/SRC/zedboard_real_microscope/vitis/platform/zynq_fsbl/zynq_fsbl_bsp/system.mss|system||

TRACE::2026-06-16.17:10:27::SCWMssOS::Sw design exists and opened at  C:/openTCSPC3/SRC/zedboard_real_microscope/vitis/platform/zynq_fsbl/zynq_fsbl_bsp/system.mss
TRACE::2026-06-16.17:10:27::SCWPlatform::Trying to open the hw design at C:/openTCSPC3/SRC/zedboard_real_microscope/vitis/platform/hw/zedboard_real_microscope_wrapper.xsa
TRACE::2026-06-16.17:10:27::SCWPlatform::DSA given C:/openTCSPC3/SRC/zedboard_real_microscope/vitis/platform/hw/zedboard_real_microscope_wrapper.xsa
TRACE::2026-06-16.17:10:27::SCWPlatform::DSA absoulate path C:/openTCSPC3/SRC/zedboard_real_microscope/vitis/platform/hw/zedboard_real_microscope_wrapper.xsa
TRACE::2026-06-16.17:10:27::SCWPlatform::DSA directory C:/openTCSPC3/SRC/zedboard_real_microscope/vitis/platform/hw
TRACE::2026-06-16.17:10:27::SCWPlatform:: Platform Path C:/openTCSPC3/SRC/zedboard_real_microscope/vitis/platform/hw/zedboard_real_microscope_wrapper.xsa
TRACE::2026-06-16.17:10:27::SCWPlatform:: Unique name xilinx:zedboard::0.0
TRACE::2026-06-16.17:10:27::SCWPlatform::Trying to set the existing hwdb with name zedboard_real_microscope_wrapper_1
TRACE::2026-06-16.17:10:27::SCWPlatform::Opened existing hwdb zedboard_real_microscope_wrapper_1
TRACE::2026-06-16.17:10:27::SCWPlatform::Found the Hw Db part of the input DSA
TRACE::2026-06-16.17:10:27::SCWMssOS::Checking the sw design at  C:/openTCSPC3/SRC/zedboard_real_microscope/vitis/platform/ps7_cortexa9_0/standalone_domain/bsp/system.mss
TRACE::2026-06-16.17:10:27::SCWMssOS::DEBUG:  swdes dump  C:/openTCSPC3/SRC/zedboard_real_microscope/vitis/platform/ps7_cortexa9_0/standalone_domain/bsp/system.mss|system_0||
C:/openTCSPC3/SRC/zedboard_real_microscope/vitis/platform/zynq_fsbl/zynq_fsbl_bsp/system.mss|system||

TRACE::2026-06-16.17:10:27::SCWMssOS::Sw design exists and opened at  C:/openTCSPC3/SRC/zedboard_real_microscope/vitis/platform/ps7_cortexa9_0/standalone_domain/bsp/system.mss
TRACE::2026-06-16.17:10:27::SCWWriter::formatted JSON is {
	"platformName":	"platform",
	"sprVersion":	"2.0",
	"mode":	"gui",
	"dsaType":	"Fixed",
	"platformDesc":	"platform",
	"platHandOff":	"C:/openTCSPC3/SRC/zedboard_real_microscope/vitis/zedboard_real_microscope_wrapper.xsa",
	"platIntHandOff":	"<platformDir>/hw/zedboard_real_microscope_wrapper.xsa",
	"deviceType":	"zynq",
	"platIsPrebuiltAutogen":	"false",
	"platIsNoBootBsp":	"false",
	"hasFsblMakeHasChanges":	"false",
	"hasPmufwMakeHasChanges":	"false",
	"fsblExtraCompilerFlags":	"-MMD -MP       -mcpu=cortex-a9 -mfpu=vfpv3 -mfloat-abi=hard ",
	"platPreBuiltFlag":	false,
	"platformSamplesDir":	"",
	"platActiveSys":	"platform",
	"systems":	[{
			"systemName":	"platform",
			"systemDesc":	"platform",
			"sysIsBootAutoGen":	"true",
			"systemDispName":	"platform",
			"sysActiveDom":	"standalone_domain",
			"sysDefaultDom":	"standalone_domain",
			"domains":	[{
					"domainName":	"zynq_fsbl",
					"domainDispName":	"zynq_fsbl",
					"domainDesc":	"FSBL Application BSP - Auto Generated.",
					"processors":	"ps7_cortexa9_0",
					"os":	"standalone",
					"sdxOs":	"standalone",
					"debugEnable":	"",
					"domRuntimes":	["cpp"],
					"swRepo":	"",
					"mssOsVer":	"9.2",
					"mssFile":	"",
					"md5Digest":	"a9071a011478c87067468cbf8357a083",
					"compatibleApp":	"zynq_fsbl",
					"domType":	"bootDomain",
					"arch":	"32-bit",
					"appSettings":	{
						"appCompilerFlags":	"",
						"appLinkerFlags":	""
					},
					"addedLibs":	["xilffs:5.3", "xilrsa:1.8"],
					"libOptions":	{
						"libsContainingOptions":	[]
					},
					"prebuiltLibs":	{
						"prebuiltIncPath":	[],
						"prebuiltLibPath":	[]
					},
					"isolation":	{
					}
				}, {
					"domainName":	"standalone_domain",
					"domainDispName":	"standalone on ps7_cortexa9_0",
					"domainDesc":	"standalone_domain",
					"processors":	"ps7_cortexa9_0",
					"os":	"standalone",
					"sdxOs":	"standalone",
					"qemuArgs":	"<platformDir>/resources/platform/standalone_domain/qemu_args.txt",
					"qemuData":	"<platformDir>/resources/platform/standalone_domain/qemu",
					"debugEnable":	"False",
					"domRuntimes":	["cpp"],
					"swRepo":	"",
					"mssOsVer":	"9.2",
					"mssFile":	"",
					"md5Digest":	"b7c04fadbfe58eb2f640582f5b7f6446",
					"compatibleApp":	"",
					"domType":	"mssDomain",
					"appSettings":	{
						"appCompilerFlags":	"",
						"appLinkerFlags":	""
					},
					"addedLibs":	["xilffs:5.3"],
					"libOptions":	{
						"libsContainingOptions":	[]
					},
					"prebuiltLibs":	{
						"prebuiltIncPath":	[],
						"prebuiltLibPath":	[]
					},
					"isolation":	{
					}
				}]
		}]
}
TRACE::2026-06-16.17:10:27::SCWMssOS::Saving the mss changes C:/openTCSPC3/SRC/zedboard_real_microscope/vitis/platform/ps7_cortexa9_0/standalone_domain/bsp/system.mss
TRACE::2026-06-16.17:10:27::SCWMssOS::Found a swdesign opened with the mssfile.
TRACE::2026-06-16.17:10:27::SCWMssOS::Completed writemss as part of save.
TRACE::2026-06-16.17:10:27::SCWMssOS::Commit changes completed.
TRACE::2026-06-16.17:10:27::SCWPlatform::Trying to open the hw design at C:/openTCSPC3/SRC/zedboard_real_microscope/vitis/platform/hw/zedboard_real_microscope_wrapper.xsa
TRACE::2026-06-16.17:10:27::SCWPlatform::DSA given C:/openTCSPC3/SRC/zedboard_real_microscope/vitis/platform/hw/zedboard_real_microscope_wrapper.xsa
TRACE::2026-06-16.17:10:27::SCWPlatform::DSA absoulate path C:/openTCSPC3/SRC/zedboard_real_microscope/vitis/platform/hw/zedboard_real_microscope_wrapper.xsa
TRACE::2026-06-16.17:10:27::SCWPlatform::DSA directory C:/openTCSPC3/SRC/zedboard_real_microscope/vitis/platform/hw
TRACE::2026-06-16.17:10:27::SCWPlatform:: Platform Path C:/openTCSPC3/SRC/zedboard_real_microscope/vitis/platform/hw/zedboard_real_microscope_wrapper.xsa
TRACE::2026-06-16.17:10:27::SCWPlatform:: Unique name xilinx:zedboard::0.0
TRACE::2026-06-16.17:10:27::SCWPlatform::Trying to set the existing hwdb with name zedboard_real_microscope_wrapper_1
TRACE::2026-06-16.17:10:27::SCWPlatform::Opened existing hwdb zedboard_real_microscope_wrapper_1
TRACE::2026-06-16.17:10:27::SCWPlatform::Found the Hw Db part of the input DSA
TRACE::2026-06-16.17:10:27::SCWMssOS::Checking the sw design at  C:/openTCSPC3/SRC/zedboard_real_microscope/vitis/platform/ps7_cortexa9_0/standalone_domain/bsp/system.mss
TRACE::2026-06-16.17:10:27::SCWMssOS::DEBUG:  swdes dump  C:/openTCSPC3/SRC/zedboard_real_microscope/vitis/platform/ps7_cortexa9_0/standalone_domain/bsp/system.mss|system_0||
C:/openTCSPC3/SRC/zedboard_real_microscope/vitis/platform/zynq_fsbl/zynq_fsbl_bsp/system.mss|system||

TRACE::2026-06-16.17:10:27::SCWMssOS::Sw design exists and opened at  C:/openTCSPC3/SRC/zedboard_real_microscope/vitis/platform/ps7_cortexa9_0/standalone_domain/bsp/system.mss
TRACE::2026-06-16.17:10:27::SCWMssOS::Removing the swdes entry for  C:/openTCSPC3/SRC/zedboard_real_microscope/vitis/platform/ps7_cortexa9_0/standalone_domain/bsp/system.mss
TRACE::2026-06-16.17:10:28::SCWMssOS::In reload Mss file.
TRACE::2026-06-16.17:10:28::SCWPlatform::Trying to open the hw design at C:/openTCSPC3/SRC/zedboard_real_microscope/vitis/platform/hw/zedboard_real_microscope_wrapper.xsa
TRACE::2026-06-16.17:10:28::SCWPlatform::DSA given C:/openTCSPC3/SRC/zedboard_real_microscope/vitis/platform/hw/zedboard_real_microscope_wrapper.xsa
TRACE::2026-06-16.17:10:28::SCWPlatform::DSA absoulate path C:/openTCSPC3/SRC/zedboard_real_microscope/vitis/platform/hw/zedboard_real_microscope_wrapper.xsa
TRACE::2026-06-16.17:10:28::SCWPlatform::DSA directory C:/openTCSPC3/SRC/zedboard_real_microscope/vitis/platform/hw
TRACE::2026-06-16.17:10:28::SCWPlatform:: Platform Path C:/openTCSPC3/SRC/zedboard_real_microscope/vitis/platform/hw/zedboard_real_microscope_wrapper.xsa
TRACE::2026-06-16.17:10:28::SCWPlatform:: Unique name xilinx:zedboard::0.0
TRACE::2026-06-16.17:10:28::SCWPlatform::Trying to set the existing hwdb with name zedboard_real_microscope_wrapper_1
TRACE::2026-06-16.17:10:28::SCWPlatform::Opened existing hwdb zedboard_real_microscope_wrapper_1
TRACE::2026-06-16.17:10:28::SCWPlatform::Found the Hw Db part of the input DSA
TRACE::2026-06-16.17:10:28::SCWMssOS::Checking the sw design at  C:/openTCSPC3/SRC/zedboard_real_microscope/vitis/platform/ps7_cortexa9_0/standalone_domain/bsp/system.mss
TRACE::2026-06-16.17:10:28::SCWMssOS::DEBUG:  swdes dump  C:/openTCSPC3/SRC/zedboard_real_microscope/vitis/platform/zynq_fsbl/zynq_fsbl_bsp/system.mss|system||

TRACE::2026-06-16.17:10:28::SCWMssOS::No sw design opened at  C:/openTCSPC3/SRC/zedboard_real_microscope/vitis/platform/ps7_cortexa9_0/standalone_domain/bsp/system.mss
TRACE::2026-06-16.17:10:28::SCWMssOS::mss exists loading the mss file  C:/openTCSPC3/SRC/zedboard_real_microscope/vitis/platform/ps7_cortexa9_0/standalone_domain/bsp/system.mss
TRACE::2026-06-16.17:10:28::SCWMssOS::Opened the sw design from mss  C:/openTCSPC3/SRC/zedboard_real_microscope/vitis/platform/ps7_cortexa9_0/standalone_domain/bsp/system.mss
TRACE::2026-06-16.17:10:28::SCWMssOS::Adding the swdes entry C:/openTCSPC3/SRC/zedboard_real_microscope/vitis/platform/ps7_cortexa9_0/standalone_domain/bsp/system.mss with des name system_0
TRACE::2026-06-16.17:10:28::SCWMssOS::updating the scw layer about changes
TRACE::2026-06-16.17:10:28::SCWMssOS::Opened the sw design.  C:/openTCSPC3/SRC/zedboard_real_microscope/vitis/platform/ps7_cortexa9_0/standalone_domain/bsp/system.mss
TRACE::2026-06-16.17:10:28::SCWPlatform::Trying to open the hw design at C:/openTCSPC3/SRC/zedboard_real_microscope/vitis/platform/hw/zedboard_real_microscope_wrapper.xsa
TRACE::2026-06-16.17:10:28::SCWPlatform::DSA given C:/openTCSPC3/SRC/zedboard_real_microscope/vitis/platform/hw/zedboard_real_microscope_wrapper.xsa
TRACE::2026-06-16.17:10:28::SCWPlatform::DSA absoulate path C:/openTCSPC3/SRC/zedboard_real_microscope/vitis/platform/hw/zedboard_real_microscope_wrapper.xsa
TRACE::2026-06-16.17:10:28::SCWPlatform::DSA directory C:/openTCSPC3/SRC/zedboard_real_microscope/vitis/platform/hw
TRACE::2026-06-16.17:10:28::SCWPlatform:: Platform Path C:/openTCSPC3/SRC/zedboard_real_microscope/vitis/platform/hw/zedboard_real_microscope_wrapper.xsa
TRACE::2026-06-16.17:10:28::SCWPlatform:: Unique name xilinx:zedboard::0.0
TRACE::2026-06-16.17:10:28::SCWPlatform::Trying to set the existing hwdb with name zedboard_real_microscope_wrapper_1
TRACE::2026-06-16.17:10:28::SCWPlatform::Opened existing hwdb zedboard_real_microscope_wrapper_1
TRACE::2026-06-16.17:10:28::SCWPlatform::Found the Hw Db part of the input DSA
TRACE::2026-06-16.17:10:28::SCWMssOS::Checking the sw design at  C:/openTCSPC3/SRC/zedboard_real_microscope/vitis/platform/ps7_cortexa9_0/standalone_domain/bsp/system.mss
TRACE::2026-06-16.17:10:28::SCWMssOS::DEBUG:  swdes dump  C:/openTCSPC3/SRC/zedboard_real_microscope/vitis/platform/ps7_cortexa9_0/standalone_domain/bsp/system.mss|system_0||
C:/openTCSPC3/SRC/zedboard_real_microscope/vitis/platform/zynq_fsbl/zynq_fsbl_bsp/system.mss|system||

TRACE::2026-06-16.17:10:28::SCWMssOS::Sw design exists and opened at  C:/openTCSPC3/SRC/zedboard_real_microscope/vitis/platform/ps7_cortexa9_0/standalone_domain/bsp/system.mss
TRACE::2026-06-16.17:10:28::SCWMssOS:: library already available in sw design:  xilffs:5.3
TRACE::2026-06-16.17:10:28::SCWMssOS::Saving the mss changes C:/openTCSPC3/SRC/zedboard_real_microscope/vitis/platform/ps7_cortexa9_0/standalone_domain/bsp/system.mss
TRACE::2026-06-16.17:10:28::SCWMssOS::Found a swdesign opened with the mssfile.
TRACE::2026-06-16.17:10:28::SCWMssOS::Completed writemss as part of save.
TRACE::2026-06-16.17:10:28::SCWMssOS::Commit changes completed.
TRACE::2026-06-16.17:10:28::SCWPlatform::Trying to open the hw design at C:/openTCSPC3/SRC/zedboard_real_microscope/vitis/platform/hw/zedboard_real_microscope_wrapper.xsa
TRACE::2026-06-16.17:10:28::SCWPlatform::DSA given C:/openTCSPC3/SRC/zedboard_real_microscope/vitis/platform/hw/zedboard_real_microscope_wrapper.xsa
TRACE::2026-06-16.17:10:28::SCWPlatform::DSA absoulate path C:/openTCSPC3/SRC/zedboard_real_microscope/vitis/platform/hw/zedboard_real_microscope_wrapper.xsa
TRACE::2026-06-16.17:10:28::SCWPlatform::DSA directory C:/openTCSPC3/SRC/zedboard_real_microscope/vitis/platform/hw
TRACE::2026-06-16.17:10:28::SCWPlatform:: Platform Path C:/openTCSPC3/SRC/zedboard_real_microscope/vitis/platform/hw/zedboard_real_microscope_wrapper.xsa
TRACE::2026-06-16.17:10:28::SCWPlatform:: Unique name xilinx:zedboard::0.0
TRACE::2026-06-16.17:10:28::SCWPlatform::Trying to set the existing hwdb with name zedboard_real_microscope_wrapper_1
TRACE::2026-06-16.17:10:28::SCWPlatform::Opened existing hwdb zedboard_real_microscope_wrapper_1
TRACE::2026-06-16.17:10:28::SCWPlatform::Found the Hw Db part of the input DSA
TRACE::2026-06-16.17:10:28::SCWMssOS::Checking the sw design at  C:/openTCSPC3/SRC/zedboard_real_microscope/vitis/platform/ps7_cortexa9_0/standalone_domain/bsp/system.mss
TRACE::2026-06-16.17:10:28::SCWMssOS::DEBUG:  swdes dump  C:/openTCSPC3/SRC/zedboard_real_microscope/vitis/platform/ps7_cortexa9_0/standalone_domain/bsp/system.mss|system_0||
C:/openTCSPC3/SRC/zedboard_real_microscope/vitis/platform/zynq_fsbl/zynq_fsbl_bsp/system.mss|system||

TRACE::2026-06-16.17:10:28::SCWMssOS::Sw design exists and opened at  C:/openTCSPC3/SRC/zedboard_real_microscope/vitis/platform/ps7_cortexa9_0/standalone_domain/bsp/system.mss
TRACE::2026-06-16.17:10:28::SCWMssOS::Removing the swdes entry for  C:/openTCSPC3/SRC/zedboard_real_microscope/vitis/platform/ps7_cortexa9_0/standalone_domain/bsp/system.mss
TRACE::2026-06-16.17:10:28::SCWPlatform::Trying to open the hw design at C:/openTCSPC3/SRC/zedboard_real_microscope/vitis/platform/hw/zedboard_real_microscope_wrapper.xsa
TRACE::2026-06-16.17:10:28::SCWPlatform::DSA given C:/openTCSPC3/SRC/zedboard_real_microscope/vitis/platform/hw/zedboard_real_microscope_wrapper.xsa
TRACE::2026-06-16.17:10:28::SCWPlatform::DSA absoulate path C:/openTCSPC3/SRC/zedboard_real_microscope/vitis/platform/hw/zedboard_real_microscope_wrapper.xsa
TRACE::2026-06-16.17:10:28::SCWPlatform::DSA directory C:/openTCSPC3/SRC/zedboard_real_microscope/vitis/platform/hw
TRACE::2026-06-16.17:10:28::SCWPlatform:: Platform Path C:/openTCSPC3/SRC/zedboard_real_microscope/vitis/platform/hw/zedboard_real_microscope_wrapper.xsa
TRACE::2026-06-16.17:10:28::SCWPlatform:: Unique name xilinx:zedboard::0.0
TRACE::2026-06-16.17:10:28::SCWPlatform::Trying to set the existing hwdb with name zedboard_real_microscope_wrapper_1
TRACE::2026-06-16.17:10:28::SCWPlatform::Opened existing hwdb zedboard_real_microscope_wrapper_1
TRACE::2026-06-16.17:10:28::SCWPlatform::Found the Hw Db part of the input DSA
TRACE::2026-06-16.17:10:28::SCWMssOS::Checking the sw design at  C:/openTCSPC3/SRC/zedboard_real_microscope/vitis/platform/ps7_cortexa9_0/standalone_domain/bsp/system.mss
TRACE::2026-06-16.17:10:28::SCWMssOS::DEBUG:  swdes dump  C:/openTCSPC3/SRC/zedboard_real_microscope/vitis/platform/zynq_fsbl/zynq_fsbl_bsp/system.mss|system||

TRACE::2026-06-16.17:10:28::SCWMssOS::No sw design opened at  C:/openTCSPC3/SRC/zedboard_real_microscope/vitis/platform/ps7_cortexa9_0/standalone_domain/bsp/system.mss
TRACE::2026-06-16.17:10:28::SCWMssOS::mss exists loading the mss file  C:/openTCSPC3/SRC/zedboard_real_microscope/vitis/platform/ps7_cortexa9_0/standalone_domain/bsp/system.mss
TRACE::2026-06-16.17:10:28::SCWMssOS::Opened the sw design from mss  C:/openTCSPC3/SRC/zedboard_real_microscope/vitis/platform/ps7_cortexa9_0/standalone_domain/bsp/system.mss
TRACE::2026-06-16.17:10:28::SCWMssOS::Adding the swdes entry C:/openTCSPC3/SRC/zedboard_real_microscope/vitis/platform/ps7_cortexa9_0/standalone_domain/bsp/system.mss with des name system_0
TRACE::2026-06-16.17:10:28::SCWMssOS::updating the scw layer about changes
TRACE::2026-06-16.17:10:28::SCWMssOS::Opened the sw design.  C:/openTCSPC3/SRC/zedboard_real_microscope/vitis/platform/ps7_cortexa9_0/standalone_domain/bsp/system.mss
TRACE::2026-06-16.17:10:28::SCWMssOS::Completed writing the mss file at C:/openTCSPC3/SRC/zedboard_real_microscope/vitis/platform/ps7_cortexa9_0/standalone_domain/bsp
TRACE::2026-06-16.17:10:28::SCWMssOS::Forcing BSP Sources regeneration.
KEYINFO::2026-06-16.17:10:30::SCWMssOS::Removing file C:/openTCSPC3/SRC/zedboard_real_microscope/vitis/platform/ps7_cortexa9_0/standalone_domain/bsp\system_0.mss
LOG::2026-06-16.17:10:51::SCWPlatform::Started generating the artifacts platform platform
TRACE::2026-06-16.17:10:51::SCWPlatform::Sanity checking of platform is completed
LOG::2026-06-16.17:10:51::SCWPlatform::Started generating the artifacts for system configuration platform
LOG::2026-06-16.17:10:51::SCWSystem::Checking the domain zynq_fsbl
LOG::2026-06-16.17:10:51::SCWSystem::Doing application build for :  zynq_fsbl
TRACE::2026-06-16.17:10:51::SCWBDomain::Not a forced makefile updation, No changes are present. 
TRACE::2026-06-16.17:10:51::SCWDomain::Skipping the build for domain :  zynq_fsbl
LOG::2026-06-16.17:10:51::SCWSystem::Checking the domain standalone_domain
LOG::2026-06-16.17:10:51::SCWSystem::Not a boot domain 
LOG::2026-06-16.17:10:51::SCWSystem::Started Processing the domain standalone_domain
TRACE::2026-06-16.17:10:51::SCWDomain::Generating domain artifcats
TRACE::2026-06-16.17:10:51::SCWMssOS::Generating standalone artifcats
TRACE::2026-06-16.17:10:51::SCWMssOS::Copying the qemu file from  C:/openTCSPC3/SRC/zedboard_real_microscope/vitis/platform/resources/platform/standalone_domain/qemu_args.txt To C:/openTCSPC3/SRC/zedboard_real_microscope/vitis/platform/export/platform/sw/platform/qemu/
TRACE::2026-06-16.17:10:51::SCWMssOS::Copying the qemu file from  C:/openTCSPC3/SRC/zedboard_real_microscope/vitis/platform/resources/platform/standalone_domain/qemu_args.txt To C:/openTCSPC3/SRC/zedboard_real_microscope/vitis/platform/export/platform/sw/platform/standalone_domain/qemu/
TRACE::2026-06-16.17:10:51::SCWMssOS:: Copying the user libraries. 
TRACE::2026-06-16.17:10:51::SCWPlatform::Trying to open the hw design at C:/openTCSPC3/SRC/zedboard_real_microscope/vitis/platform/hw/zedboard_real_microscope_wrapper.xsa
TRACE::2026-06-16.17:10:51::SCWPlatform::DSA given C:/openTCSPC3/SRC/zedboard_real_microscope/vitis/platform/hw/zedboard_real_microscope_wrapper.xsa
TRACE::2026-06-16.17:10:51::SCWPlatform::DSA absoulate path C:/openTCSPC3/SRC/zedboard_real_microscope/vitis/platform/hw/zedboard_real_microscope_wrapper.xsa
TRACE::2026-06-16.17:10:51::SCWPlatform::DSA directory C:/openTCSPC3/SRC/zedboard_real_microscope/vitis/platform/hw
TRACE::2026-06-16.17:10:51::SCWPlatform:: Platform Path C:/openTCSPC3/SRC/zedboard_real_microscope/vitis/platform/hw/zedboard_real_microscope_wrapper.xsa
TRACE::2026-06-16.17:10:51::SCWPlatform:: Unique name xilinx:zedboard::0.0
TRACE::2026-06-16.17:10:51::SCWPlatform::Trying to set the existing hwdb with name zedboard_real_microscope_wrapper_1
TRACE::2026-06-16.17:10:51::SCWPlatform::Opened existing hwdb zedboard_real_microscope_wrapper_1
TRACE::2026-06-16.17:10:51::SCWPlatform::Found the Hw Db part of the input DSA
TRACE::2026-06-16.17:10:51::SCWMssOS::Checking the sw design at  C:/openTCSPC3/SRC/zedboard_real_microscope/vitis/platform/ps7_cortexa9_0/standalone_domain/bsp/system.mss
TRACE::2026-06-16.17:10:51::SCWMssOS::DEBUG:  swdes dump  C:/openTCSPC3/SRC/zedboard_real_microscope/vitis/platform/zynq_fsbl/zynq_fsbl_bsp/system.mss|system||

TRACE::2026-06-16.17:10:51::SCWMssOS::No sw design opened at  C:/openTCSPC3/SRC/zedboard_real_microscope/vitis/platform/ps7_cortexa9_0/standalone_domain/bsp/system.mss
TRACE::2026-06-16.17:10:51::SCWMssOS::mss exists loading the mss file  C:/openTCSPC3/SRC/zedboard_real_microscope/vitis/platform/ps7_cortexa9_0/standalone_domain/bsp/system.mss
TRACE::2026-06-16.17:10:51::SCWMssOS::Opened the sw design from mss  C:/openTCSPC3/SRC/zedboard_real_microscope/vitis/platform/ps7_cortexa9_0/standalone_domain/bsp/system.mss
TRACE::2026-06-16.17:10:51::SCWMssOS::Adding the swdes entry C:/openTCSPC3/SRC/zedboard_real_microscope/vitis/platform/ps7_cortexa9_0/standalone_domain/bsp/system.mss with des name system_0
TRACE::2026-06-16.17:10:51::SCWMssOS::updating the scw layer about changes
TRACE::2026-06-16.17:10:51::SCWMssOS::Opened the sw design.  C:/openTCSPC3/SRC/zedboard_real_microscope/vitis/platform/ps7_cortexa9_0/standalone_domain/bsp/system.mss
TRACE::2026-06-16.17:10:51::SCWMssOS::Completed writing the mss file at C:/openTCSPC3/SRC/zedboard_real_microscope/vitis/platform/ps7_cortexa9_0/standalone_domain/bsp
TRACE::2026-06-16.17:10:51::SCWMssOS::Mss edits present, copying mssfile into export location C:/openTCSPC3/SRC/zedboard_real_microscope/vitis/platform/ps7_cortexa9_0/standalone_domain/bsp/system.mss
TRACE::2026-06-16.17:10:51::SCWMssOS::bsp generated is upto date with the mss file. Skipping bsp generation.
TRACE::2026-06-16.17:10:51::SCWMssOS::BSP is already built. skipping the bsp build ... 
TRACE::2026-06-16.17:10:51::SCWDomain::Building the domain :  standalone_domain
TRACE::2026-06-16.17:10:51::SCWMssOS::doing bsp build ... 
TRACE::2026-06-16.17:10:51::SCWMssOS::System Command Ran  C: & cd  C:/openTCSPC3/SRC/zedboard_real_microscope/vitis/platform/ps7_cortexa9_0/standalone_domain/bsp & make 
TRACE::2026-06-16.17:10:51::SCWMssOS::make --no-print-directory seq_libs

TRACE::2026-06-16.17:10:51::SCWMssOS::'Finished building libraries sequentially.'

TRACE::2026-06-16.17:10:51::SCWMssOS::make -j 14 --no-print-directory par_libs

TRACE::2026-06-16.17:10:51::SCWMssOS::"Running Make include in ps7_cortexa9_0/libsrc/axidma_v9_19/src"

TRACE::2026-06-16.17:10:51::SCWMssOS::make -C ps7_cortexa9_0/libsrc/axidma_v9_19/src -s include  "SHELL=CMD" "COMPILER=arm-none-eabi-gcc" "ASSEMBLER=arm-none-eabi-as
TRACE::2026-06-16.17:10:51::SCWMssOS::" "ARCHIVER=arm-none-eabi-ar" "COMPILER_FLAGS=  -O2 -c" "EXTRA_COMPILER_FLAGS=-mcpu=cortex-a9 -mfpu=vfpv3 -mfloat-abi=hard -nos
TRACE::2026-06-16.17:10:51::SCWMssOS::tartfiles -g -Wall -Wextra -fno-tree-loop-distribute-patterns"

TRACE::2026-06-16.17:10:51::SCWMssOS::"Running Make include in ps7_cortexa9_0/libsrc/bram_v4_11/src"

TRACE::2026-06-16.17:10:51::SCWMssOS::make -C ps7_cortexa9_0/libsrc/bram_v4_11/src -s include  "SHELL=CMD" "COMPILER=arm-none-eabi-gcc" "ASSEMBLER=arm-none-eabi-as" 
TRACE::2026-06-16.17:10:51::SCWMssOS::"ARCHIVER=arm-none-eabi-ar" "COMPILER_FLAGS=  -O2 -c" "EXTRA_COMPILER_FLAGS=-mcpu=cortex-a9 -mfpu=vfpv3 -mfloat-abi=hard -nosta
TRACE::2026-06-16.17:10:51::SCWMssOS::rtfiles -g -Wall -Wextra -fno-tree-loop-distribute-patterns"

TRACE::2026-06-16.17:10:51::SCWMssOS::"Running Make include in ps7_cortexa9_0/libsrc/coresightps_dcc_v1_11/src"

TRACE::2026-06-16.17:10:51::SCWMssOS::make -C ps7_cortexa9_0/libsrc/coresightps_dcc_v1_11/src -s include  "SHELL=CMD" "COMPILER=arm-none-eabi-gcc" "ASSEMBLER=arm-non
TRACE::2026-06-16.17:10:51::SCWMssOS::e-eabi-as" "ARCHIVER=arm-none-eabi-ar" "COMPILER_FLAGS=  -O2 -c" "EXTRA_COMPILER_FLAGS=-mcpu=cortex-a9 -mfpu=vfpv3 -mfloat-abi=
TRACE::2026-06-16.17:10:51::SCWMssOS::hard -nostartfiles -g -Wall -Wextra -fno-tree-loop-distribute-patterns"

TRACE::2026-06-16.17:10:51::SCWMssOS::"Running Make include in ps7_cortexa9_0/libsrc/cpu_cortexa9_v2_12/src"

TRACE::2026-06-16.17:10:51::SCWMssOS::make -C ps7_cortexa9_0/libsrc/cpu_cortexa9_v2_12/src -s include  "SHELL=CMD" "COMPILER=arm-none-eabi-gcc" "ASSEMBLER=arm-none-e
TRACE::2026-06-16.17:10:51::SCWMssOS::abi-as" "ARCHIVER=arm-none-eabi-ar" "COMPILER_FLAGS=  -O2 -c" "EXTRA_COMPILER_FLAGS=-mcpu=cortex-a9 -mfpu=vfpv3 -mfloat-abi=har
TRACE::2026-06-16.17:10:51::SCWMssOS::d -nostartfiles -g -Wall -Wextra -fno-tree-loop-distribute-patterns"

TRACE::2026-06-16.17:10:51::SCWMssOS::"Running Make include in ps7_cortexa9_0/libsrc/ddrps_v1_2/src"

TRACE::2026-06-16.17:10:51::SCWMssOS::make -C ps7_cortexa9_0/libsrc/ddrps_v1_2/src -s include  "SHELL=CMD" "COMPILER=arm-none-eabi-gcc" "ASSEMBLER=arm-none-eabi-as" 
TRACE::2026-06-16.17:10:51::SCWMssOS::"ARCHIVER=arm-none-eabi-ar" "COMPILER_FLAGS=  -O2 -c" "EXTRA_COMPILER_FLAGS=-mcpu=cortex-a9 -mfpu=vfpv3 -mfloat-abi=hard -nosta
TRACE::2026-06-16.17:10:51::SCWMssOS::rtfiles -g -Wall -Wextra -fno-tree-loop-distribute-patterns"

TRACE::2026-06-16.17:10:51::SCWMssOS::"Running Make include in ps7_cortexa9_0/libsrc/devcfg_v3_8/src"

TRACE::2026-06-16.17:10:51::SCWMssOS::make -C ps7_cortexa9_0/libsrc/devcfg_v3_8/src -s include  "SHELL=CMD" "COMPILER=arm-none-eabi-gcc" "ASSEMBLER=arm-none-eabi-as"
TRACE::2026-06-16.17:10:51::SCWMssOS:: "ARCHIVER=arm-none-eabi-ar" "COMPILER_FLAGS=  -O2 -c" "EXTRA_COMPILER_FLAGS=-mcpu=cortex-a9 -mfpu=vfpv3 -mfloat-abi=hard -nost
TRACE::2026-06-16.17:10:51::SCWMssOS::artfiles -g -Wall -Wextra -fno-tree-loop-distribute-patterns"

TRACE::2026-06-16.17:10:51::SCWMssOS::"Running Make include in ps7_cortexa9_0/libsrc/dmaps_v2_11/src"

TRACE::2026-06-16.17:10:51::SCWMssOS::make -C ps7_cortexa9_0/libsrc/dmaps_v2_11/src -s include  "SHELL=CMD" "COMPILER=arm-none-eabi-gcc" "ASSEMBLER=arm-none-eabi-as"
TRACE::2026-06-16.17:10:51::SCWMssOS:: "ARCHIVER=arm-none-eabi-ar" "COMPILER_FLAGS=  -O2 -c" "EXTRA_COMPILER_FLAGS=-mcpu=cortex-a9 -mfpu=vfpv3 -mfloat-abi=hard -nost
TRACE::2026-06-16.17:10:51::SCWMssOS::artfiles -g -Wall -Wextra -fno-tree-loop-distribute-patterns"

TRACE::2026-06-16.17:10:51::SCWMssOS::"Running Make include in ps7_cortexa9_0/libsrc/emacps_v3_21/src"

TRACE::2026-06-16.17:10:51::SCWMssOS::make -C ps7_cortexa9_0/libsrc/emacps_v3_21/src -s include  "SHELL=CMD" "COMPILER=arm-none-eabi-gcc" "ASSEMBLER=arm-none-eabi-as
TRACE::2026-06-16.17:10:51::SCWMssOS::" "ARCHIVER=arm-none-eabi-ar" "COMPILER_FLAGS=  -O2 -c" "EXTRA_COMPILER_FLAGS=-mcpu=cortex-a9 -mfpu=vfpv3 -mfloat-abi=hard -nos
TRACE::2026-06-16.17:10:51::SCWMssOS::tartfiles -g -Wall -Wextra -fno-tree-loop-distribute-patterns"

TRACE::2026-06-16.17:10:51::SCWMssOS::"Running Make include in ps7_cortexa9_0/libsrc/gpiops_v3_13/src"

TRACE::2026-06-16.17:10:52::SCWMssOS::make -C ps7_cortexa9_0/libsrc/gpiops_v3_13/src -s include  "SHELL=CMD" "COMPILER=arm-none-eabi-gcc" "ASSEMBLER=arm-none-eabi-as
TRACE::2026-06-16.17:10:52::SCWMssOS::" "ARCHIVER=arm-none-eabi-ar" "COMPILER_FLAGS=  -O2 -c" "EXTRA_COMPILER_FLAGS=-mcpu=cortex-a9 -mfpu=vfpv3 -mfloat-abi=hard -nos
TRACE::2026-06-16.17:10:52::SCWMssOS::tartfiles -g -Wall -Wextra -fno-tree-loop-distribute-patterns"

TRACE::2026-06-16.17:10:52::SCWMssOS::"Running Make include in ps7_cortexa9_0/libsrc/gpio_v4_12/src"

TRACE::2026-06-16.17:10:52::SCWMssOS::make -C ps7_cortexa9_0/libsrc/gpio_v4_12/src -s include  "SHELL=CMD" "COMPILER=arm-none-eabi-gcc" "ASSEMBLER=arm-none-eabi-as" 
TRACE::2026-06-16.17:10:52::SCWMssOS::"ARCHIVER=arm-none-eabi-ar" "COMPILER_FLAGS=  -O2 -c" "EXTRA_COMPILER_FLAGS=-mcpu=cortex-a9 -mfpu=vfpv3 -mfloat-abi=hard -nosta
TRACE::2026-06-16.17:10:52::SCWMssOS::rtfiles -g -Wall -Wextra -fno-tree-loop-distribute-patterns"

TRACE::2026-06-16.17:10:52::SCWMssOS::"Running Make include in ps7_cortexa9_0/libsrc/qspips_v3_13/src"

TRACE::2026-06-16.17:10:52::SCWMssOS::make -C ps7_cortexa9_0/libsrc/qspips_v3_13/src -s include  "SHELL=CMD" "COMPILER=arm-none-eabi-gcc" "ASSEMBLER=arm-none-eabi-as
TRACE::2026-06-16.17:10:52::SCWMssOS::" "ARCHIVER=arm-none-eabi-ar" "COMPILER_FLAGS=  -O2 -c" "EXTRA_COMPILER_FLAGS=-mcpu=cortex-a9 -mfpu=vfpv3 -mfloat-abi=hard -nos
TRACE::2026-06-16.17:10:52::SCWMssOS::tartfiles -g -Wall -Wextra -fno-tree-loop-distribute-patterns"

TRACE::2026-06-16.17:10:52::SCWMssOS::"Running Make include in ps7_cortexa9_0/libsrc/scugic_v5_4/src"

TRACE::2026-06-16.17:10:52::SCWMssOS::make -C ps7_cortexa9_0/libsrc/scugic_v5_4/src -s include  "SHELL=CMD" "COMPILER=arm-none-eabi-gcc" "ASSEMBLER=arm-none-eabi-as"
TRACE::2026-06-16.17:10:52::SCWMssOS:: "ARCHIVER=arm-none-eabi-ar" "COMPILER_FLAGS=  -O2 -c" "EXTRA_COMPILER_FLAGS=-mcpu=cortex-a9 -mfpu=vfpv3 -mfloat-abi=hard -nost
TRACE::2026-06-16.17:10:52::SCWMssOS::artfiles -g -Wall -Wextra -fno-tree-loop-distribute-patterns"

TRACE::2026-06-16.17:10:52::SCWMssOS::"Running Make include in ps7_cortexa9_0/libsrc/scutimer_v2_6/src"

TRACE::2026-06-16.17:10:52::SCWMssOS::make -C ps7_cortexa9_0/libsrc/scutimer_v2_6/src -s include  "SHELL=CMD" "COMPILER=arm-none-eabi-gcc" "ASSEMBLER=arm-none-eabi-a
TRACE::2026-06-16.17:10:52::SCWMssOS::s" "ARCHIVER=arm-none-eabi-ar" "COMPILER_FLAGS=  -O2 -c" "EXTRA_COMPILER_FLAGS=-mcpu=cortex-a9 -mfpu=vfpv3 -mfloat-abi=hard -no
TRACE::2026-06-16.17:10:52::SCWMssOS::startfiles -g -Wall -Wextra -fno-tree-loop-distribute-patterns"

TRACE::2026-06-16.17:10:52::SCWMssOS::"Running Make include in ps7_cortexa9_0/libsrc/scuwdt_v2_6/src"

TRACE::2026-06-16.17:10:52::SCWMssOS::make -C ps7_cortexa9_0/libsrc/scuwdt_v2_6/src -s include  "SHELL=CMD" "COMPILER=arm-none-eabi-gcc" "ASSEMBLER=arm-none-eabi-as"
TRACE::2026-06-16.17:10:52::SCWMssOS:: "ARCHIVER=arm-none-eabi-ar" "COMPILER_FLAGS=  -O2 -c" "EXTRA_COMPILER_FLAGS=-mcpu=cortex-a9 -mfpu=vfpv3 -mfloat-abi=hard -nost
TRACE::2026-06-16.17:10:52::SCWMssOS::artfiles -g -Wall -Wextra -fno-tree-loop-distribute-patterns"

TRACE::2026-06-16.17:10:52::SCWMssOS::"Running Make include in ps7_cortexa9_0/libsrc/sdps_v4_4/src"

TRACE::2026-06-16.17:10:52::SCWMssOS::make -C ps7_cortexa9_0/libsrc/sdps_v4_4/src -s include  "SHELL=CMD" "COMPILER=arm-none-eabi-gcc" "ASSEMBLER=arm-none-eabi-as" "
TRACE::2026-06-16.17:10:52::SCWMssOS::ARCHIVER=arm-none-eabi-ar" "COMPILER_FLAGS=  -O2 -c" "EXTRA_COMPILER_FLAGS=-mcpu=cortex-a9 -mfpu=vfpv3 -mfloat-abi=hard -nostar
TRACE::2026-06-16.17:10:52::SCWMssOS::tfiles -g -Wall -Wextra -fno-tree-loop-distribute-patterns"

TRACE::2026-06-16.17:10:52::SCWMssOS::"Running Make include in ps7_cortexa9_0/libsrc/spi_v4_13/src"

TRACE::2026-06-16.17:10:52::SCWMssOS::make -C ps7_cortexa9_0/libsrc/spi_v4_13/src -s include  "SHELL=CMD" "COMPILER=arm-none-eabi-gcc" "ASSEMBLER=arm-none-eabi-as" "
TRACE::2026-06-16.17:10:52::SCWMssOS::ARCHIVER=arm-none-eabi-ar" "COMPILER_FLAGS=  -O2 -c" "EXTRA_COMPILER_FLAGS=-mcpu=cortex-a9 -mfpu=vfpv3 -mfloat-abi=hard -nostar
TRACE::2026-06-16.17:10:52::SCWMssOS::tfiles -g -Wall -Wextra -fno-tree-loop-distribute-patterns"

TRACE::2026-06-16.17:10:52::SCWMssOS::"Running Make include in ps7_cortexa9_0/libsrc/standalone_v9_2/src"

TRACE::2026-06-16.17:10:52::SCWMssOS::make -C ps7_cortexa9_0/libsrc/standalone_v9_2/src -s include  "SHELL=CMD" "COMPILER=arm-none-eabi-gcc" "ASSEMBLER=arm-none-eabi
TRACE::2026-06-16.17:10:52::SCWMssOS::-as" "ARCHIVER=arm-none-eabi-ar" "COMPILER_FLAGS=  -O2 -c" "EXTRA_COMPILER_FLAGS=-mcpu=cortex-a9 -mfpu=vfpv3 -mfloat-abi=hard -
TRACE::2026-06-16.17:10:52::SCWMssOS::nostartfiles -g -Wall -Wextra -fno-tree-loop-distribute-patterns"

TRACE::2026-06-16.17:10:52::SCWMssOS::"Running Make include in ps7_cortexa9_0/libsrc/ttcps_v3_20/src"

TRACE::2026-06-16.17:10:52::SCWMssOS::make -C ps7_cortexa9_0/libsrc/ttcps_v3_20/src -s include  "SHELL=CMD" "COMPILER=arm-none-eabi-gcc" "ASSEMBLER=arm-none-eabi-as"
TRACE::2026-06-16.17:10:52::SCWMssOS:: "ARCHIVER=arm-none-eabi-ar" "COMPILER_FLAGS=  -O2 -c" "EXTRA_COMPILER_FLAGS=-mcpu=cortex-a9 -mfpu=vfpv3 -mfloat-abi=hard -nost
TRACE::2026-06-16.17:10:52::SCWMssOS::artfiles -g -Wall -Wextra -fno-tree-loop-distribute-patterns"

TRACE::2026-06-16.17:10:52::SCWMssOS::"Running Make include in ps7_cortexa9_0/libsrc/uartps_v3_15/src"

TRACE::2026-06-16.17:10:52::SCWMssOS::make -C ps7_cortexa9_0/libsrc/uartps_v3_15/src -s include  "SHELL=CMD" "COMPILER=arm-none-eabi-gcc" "ASSEMBLER=arm-none-eabi-as
TRACE::2026-06-16.17:10:52::SCWMssOS::" "ARCHIVER=arm-none-eabi-ar" "COMPILER_FLAGS=  -O2 -c" "EXTRA_COMPILER_FLAGS=-mcpu=cortex-a9 -mfpu=vfpv3 -mfloat-abi=hard -nos
TRACE::2026-06-16.17:10:52::SCWMssOS::tartfiles -g -Wall -Wextra -fno-tree-loop-distribute-patterns"

TRACE::2026-06-16.17:10:52::SCWMssOS::"Running Make include in ps7_cortexa9_0/libsrc/usbps_v2_9/src"

TRACE::2026-06-16.17:10:52::SCWMssOS::make -C ps7_cortexa9_0/libsrc/usbps_v2_9/src -s include  "SHELL=CMD" "COMPILER=arm-none-eabi-gcc" "ASSEMBLER=arm-none-eabi-as" 
TRACE::2026-06-16.17:10:52::SCWMssOS::"ARCHIVER=arm-none-eabi-ar" "COMPILER_FLAGS=  -O2 -c" "EXTRA_COMPILER_FLAGS=-mcpu=cortex-a9 -mfpu=vfpv3 -mfloat-abi=hard -nosta
TRACE::2026-06-16.17:10:52::SCWMssOS::rtfiles -g -Wall -Wextra -fno-tree-loop-distribute-patterns"

TRACE::2026-06-16.17:10:52::SCWMssOS::"Running Make include in ps7_cortexa9_0/libsrc/xadcps_v2_7/src"

TRACE::2026-06-16.17:10:52::SCWMssOS::make -C ps7_cortexa9_0/libsrc/xadcps_v2_7/src -s include  "SHELL=CMD" "COMPILER=arm-none-eabi-gcc" "ASSEMBLER=arm-none-eabi-as"
TRACE::2026-06-16.17:10:52::SCWMssOS:: "ARCHIVER=arm-none-eabi-ar" "COMPILER_FLAGS=  -O2 -c" "EXTRA_COMPILER_FLAGS=-mcpu=cortex-a9 -mfpu=vfpv3 -mfloat-abi=hard -nost
TRACE::2026-06-16.17:10:52::SCWMssOS::artfiles -g -Wall -Wextra -fno-tree-loop-distribute-patterns"

TRACE::2026-06-16.17:10:52::SCWMssOS::"Running Make include in ps7_cortexa9_0/libsrc/xilffs_v5_3/src"

TRACE::2026-06-16.17:10:52::SCWMssOS::make -C ps7_cortexa9_0/libsrc/xilffs_v5_3/src -s include  "SHELL=CMD" "COMPILER=arm-none-eabi-gcc" "ASSEMBLER=arm-none-eabi-as"
TRACE::2026-06-16.17:10:52::SCWMssOS:: "ARCHIVER=arm-none-eabi-ar" "COMPILER_FLAGS=  -O2 -c" "EXTRA_COMPILER_FLAGS=-mcpu=cortex-a9 -mfpu=vfpv3 -mfloat-abi=hard -nost
TRACE::2026-06-16.17:10:52::SCWMssOS::artfiles -g -Wall -Wextra -fno-tree-loop-distribute-patterns"

TRACE::2026-06-16.17:10:52::SCWMssOS::"Running Make libs in ps7_cortexa9_0/libsrc/axidma_v9_19/src"

TRACE::2026-06-16.17:10:52::SCWMssOS::make -C ps7_cortexa9_0/libsrc/axidma_v9_19/src -s libs  "SHELL=CMD" "COMPILER=arm-none-eabi-gcc" "ASSEMBLER=arm-none-eabi-as" "
TRACE::2026-06-16.17:10:52::SCWMssOS::ARCHIVER=arm-none-eabi-ar" "COMPILER_FLAGS=  -O2 -c" "EXTRA_COMPILER_FLAGS=-mcpu=cortex-a9 -mfpu=vfpv3 -mfloat-abi=hard -nostar
TRACE::2026-06-16.17:10:52::SCWMssOS::tfiles -g -Wall -Wextra -fno-tree-loop-distribute-patterns"

TRACE::2026-06-16.17:10:52::SCWMssOS::"Running Make libs in ps7_cortexa9_0/libsrc/bram_v4_11/src"

TRACE::2026-06-16.17:10:52::SCWMssOS::make -C ps7_cortexa9_0/libsrc/bram_v4_11/src -s libs  "SHELL=CMD" "COMPILER=arm-none-eabi-gcc" "ASSEMBLER=arm-none-eabi-as" "AR
TRACE::2026-06-16.17:10:52::SCWMssOS::CHIVER=arm-none-eabi-ar" "COMPILER_FLAGS=  -O2 -c" "EXTRA_COMPILER_FLAGS=-mcpu=cortex-a9 -mfpu=vfpv3 -mfloat-abi=hard -nostartf
TRACE::2026-06-16.17:10:52::SCWMssOS::iles -g -Wall -Wextra -fno-tree-loop-distribute-patterns"

TRACE::2026-06-16.17:10:52::SCWMssOS::"Running Make libs in ps7_cortexa9_0/libsrc/coresightps_dcc_v1_11/src"

TRACE::2026-06-16.17:10:53::SCWMssOS::make -C ps7_cortexa9_0/libsrc/coresightps_dcc_v1_11/src -s libs  "SHELL=CMD" "COMPILER=arm-none-eabi-gcc" "ASSEMBLER=arm-none-e
TRACE::2026-06-16.17:10:53::SCWMssOS::abi-as" "ARCHIVER=arm-none-eabi-ar" "COMPILER_FLAGS=  -O2 -c" "EXTRA_COMPILER_FLAGS=-mcpu=cortex-a9 -mfpu=vfpv3 -mfloat-abi=har
TRACE::2026-06-16.17:10:53::SCWMssOS::d -nostartfiles -g -Wall -Wextra -fno-tree-loop-distribute-patterns"

TRACE::2026-06-16.17:10:53::SCWMssOS::"Running Make libs in ps7_cortexa9_0/libsrc/cpu_cortexa9_v2_12/src"

TRACE::2026-06-16.17:10:53::SCWMssOS::make -C ps7_cortexa9_0/libsrc/cpu_cortexa9_v2_12/src -s libs  "SHELL=CMD" "COMPILER=arm-none-eabi-gcc" "ASSEMBLER=arm-none-eabi
TRACE::2026-06-16.17:10:53::SCWMssOS::-as" "ARCHIVER=arm-none-eabi-ar" "COMPILER_FLAGS=  -O2 -c" "EXTRA_COMPILER_FLAGS=-mcpu=cortex-a9 -mfpu=vfpv3 -mfloat-abi=hard -
TRACE::2026-06-16.17:10:53::SCWMssOS::nostartfiles -g -Wall -Wextra -fno-tree-loop-distribute-patterns"

TRACE::2026-06-16.17:10:53::SCWMssOS::"Running Make libs in ps7_cortexa9_0/libsrc/ddrps_v1_2/src"

TRACE::2026-06-16.17:10:53::SCWMssOS::make -C ps7_cortexa9_0/libsrc/ddrps_v1_2/src -s libs  "SHELL=CMD" "COMPILER=arm-none-eabi-gcc" "ASSEMBLER=arm-none-eabi-as" "AR
TRACE::2026-06-16.17:10:53::SCWMssOS::CHIVER=arm-none-eabi-ar" "COMPILER_FLAGS=  -O2 -c" "EXTRA_COMPILER_FLAGS=-mcpu=cortex-a9 -mfpu=vfpv3 -mfloat-abi=hard -nostartf
TRACE::2026-06-16.17:10:53::SCWMssOS::iles -g -Wall -Wextra -fno-tree-loop-distribute-patterns"

TRACE::2026-06-16.17:10:53::SCWMssOS::"Running Make libs in ps7_cortexa9_0/libsrc/devcfg_v3_8/src"

TRACE::2026-06-16.17:10:53::SCWMssOS::make -C ps7_cortexa9_0/libsrc/devcfg_v3_8/src -s libs  "SHELL=CMD" "COMPILER=arm-none-eabi-gcc" "ASSEMBLER=arm-none-eabi-as" "A
TRACE::2026-06-16.17:10:53::SCWMssOS::RCHIVER=arm-none-eabi-ar" "COMPILER_FLAGS=  -O2 -c" "EXTRA_COMPILER_FLAGS=-mcpu=cortex-a9 -mfpu=vfpv3 -mfloat-abi=hard -nostart
TRACE::2026-06-16.17:10:53::SCWMssOS::files -g -Wall -Wextra -fno-tree-loop-distribute-patterns"

TRACE::2026-06-16.17:10:53::SCWMssOS::"Running Make libs in ps7_cortexa9_0/libsrc/dmaps_v2_11/src"

TRACE::2026-06-16.17:10:53::SCWMssOS::make -C ps7_cortexa9_0/libsrc/dmaps_v2_11/src -s libs  "SHELL=CMD" "COMPILER=arm-none-eabi-gcc" "ASSEMBLER=arm-none-eabi-as" "A
TRACE::2026-06-16.17:10:53::SCWMssOS::RCHIVER=arm-none-eabi-ar" "COMPILER_FLAGS=  -O2 -c" "EXTRA_COMPILER_FLAGS=-mcpu=cortex-a9 -mfpu=vfpv3 -mfloat-abi=hard -nostart
TRACE::2026-06-16.17:10:53::SCWMssOS::files -g -Wall -Wextra -fno-tree-loop-distribute-patterns"

TRACE::2026-06-16.17:10:53::SCWMssOS::"Running Make libs in ps7_cortexa9_0/libsrc/emacps_v3_21/src"

TRACE::2026-06-16.17:10:53::SCWMssOS::make -C ps7_cortexa9_0/libsrc/emacps_v3_21/src -s libs  "SHELL=CMD" "COMPILER=arm-none-eabi-gcc" "ASSEMBLER=arm-none-eabi-as" "
TRACE::2026-06-16.17:10:53::SCWMssOS::ARCHIVER=arm-none-eabi-ar" "COMPILER_FLAGS=  -O2 -c" "EXTRA_COMPILER_FLAGS=-mcpu=cortex-a9 -mfpu=vfpv3 -mfloat-abi=hard -nostar
TRACE::2026-06-16.17:10:53::SCWMssOS::tfiles -g -Wall -Wextra -fno-tree-loop-distribute-patterns"

TRACE::2026-06-16.17:10:53::SCWMssOS::"Running Make libs in ps7_cortexa9_0/libsrc/gpiops_v3_13/src"

TRACE::2026-06-16.17:10:53::SCWMssOS::make -C ps7_cortexa9_0/libsrc/gpiops_v3_13/src -s libs  "SHELL=CMD" "COMPILER=arm-none-eabi-gcc" "ASSEMBLER=arm-none-eabi-as" "
TRACE::2026-06-16.17:10:53::SCWMssOS::ARCHIVER=arm-none-eabi-ar" "COMPILER_FLAGS=  -O2 -c" "EXTRA_COMPILER_FLAGS=-mcpu=cortex-a9 -mfpu=vfpv3 -mfloat-abi=hard -nostar
TRACE::2026-06-16.17:10:53::SCWMssOS::tfiles -g -Wall -Wextra -fno-tree-loop-distribute-patterns"

TRACE::2026-06-16.17:10:53::SCWMssOS::"Running Make libs in ps7_cortexa9_0/libsrc/gpio_v4_12/src"

TRACE::2026-06-16.17:10:53::SCWMssOS::make -C ps7_cortexa9_0/libsrc/gpio_v4_12/src -s libs  "SHELL=CMD" "COMPILER=arm-none-eabi-gcc" "ASSEMBLER=arm-none-eabi-as" "AR
TRACE::2026-06-16.17:10:53::SCWMssOS::CHIVER=arm-none-eabi-ar" "COMPILER_FLAGS=  -O2 -c" "EXTRA_COMPILER_FLAGS=-mcpu=cortex-a9 -mfpu=vfpv3 -mfloat-abi=hard -nostartf
TRACE::2026-06-16.17:10:53::SCWMssOS::iles -g -Wall -Wextra -fno-tree-loop-distribute-patterns"

TRACE::2026-06-16.17:10:53::SCWMssOS::"Running Make libs in ps7_cortexa9_0/libsrc/qspips_v3_13/src"

TRACE::2026-06-16.17:10:53::SCWMssOS::make -C ps7_cortexa9_0/libsrc/qspips_v3_13/src -s libs  "SHELL=CMD" "COMPILER=arm-none-eabi-gcc" "ASSEMBLER=arm-none-eabi-as" "
TRACE::2026-06-16.17:10:53::SCWMssOS::ARCHIVER=arm-none-eabi-ar" "COMPILER_FLAGS=  -O2 -c" "EXTRA_COMPILER_FLAGS=-mcpu=cortex-a9 -mfpu=vfpv3 -mfloat-abi=hard -nostar
TRACE::2026-06-16.17:10:53::SCWMssOS::tfiles -g -Wall -Wextra -fno-tree-loop-distribute-patterns"

TRACE::2026-06-16.17:10:54::SCWMssOS::"Running Make libs in ps7_cortexa9_0/libsrc/scugic_v5_4/src"

TRACE::2026-06-16.17:10:54::SCWMssOS::make -C ps7_cortexa9_0/libsrc/scugic_v5_4/src -s libs  "SHELL=CMD" "COMPILER=arm-none-eabi-gcc" "ASSEMBLER=arm-none-eabi-as" "A
TRACE::2026-06-16.17:10:54::SCWMssOS::RCHIVER=arm-none-eabi-ar" "COMPILER_FLAGS=  -O2 -c" "EXTRA_COMPILER_FLAGS=-mcpu=cortex-a9 -mfpu=vfpv3 -mfloat-abi=hard -nostart
TRACE::2026-06-16.17:10:54::SCWMssOS::files -g -Wall -Wextra -fno-tree-loop-distribute-patterns"

TRACE::2026-06-16.17:10:54::SCWMssOS::"Running Make libs in ps7_cortexa9_0/libsrc/scutimer_v2_6/src"

TRACE::2026-06-16.17:10:54::SCWMssOS::make -C ps7_cortexa9_0/libsrc/scutimer_v2_6/src -s libs  "SHELL=CMD" "COMPILER=arm-none-eabi-gcc" "ASSEMBLER=arm-none-eabi-as" 
TRACE::2026-06-16.17:10:54::SCWMssOS::"ARCHIVER=arm-none-eabi-ar" "COMPILER_FLAGS=  -O2 -c" "EXTRA_COMPILER_FLAGS=-mcpu=cortex-a9 -mfpu=vfpv3 -mfloat-abi=hard -nosta
TRACE::2026-06-16.17:10:54::SCWMssOS::rtfiles -g -Wall -Wextra -fno-tree-loop-distribute-patterns"

TRACE::2026-06-16.17:10:54::SCWMssOS::"Running Make libs in ps7_cortexa9_0/libsrc/scuwdt_v2_6/src"

TRACE::2026-06-16.17:10:54::SCWMssOS::make -C ps7_cortexa9_0/libsrc/scuwdt_v2_6/src -s libs  "SHELL=CMD" "COMPILER=arm-none-eabi-gcc" "ASSEMBLER=arm-none-eabi-as" "A
TRACE::2026-06-16.17:10:54::SCWMssOS::RCHIVER=arm-none-eabi-ar" "COMPILER_FLAGS=  -O2 -c" "EXTRA_COMPILER_FLAGS=-mcpu=cortex-a9 -mfpu=vfpv3 -mfloat-abi=hard -nostart
TRACE::2026-06-16.17:10:54::SCWMssOS::files -g -Wall -Wextra -fno-tree-loop-distribute-patterns"

TRACE::2026-06-16.17:10:54::SCWMssOS::"Running Make libs in ps7_cortexa9_0/libsrc/sdps_v4_4/src"

TRACE::2026-06-16.17:10:54::SCWMssOS::make -C ps7_cortexa9_0/libsrc/sdps_v4_4/src -s libs  "SHELL=CMD" "COMPILER=arm-none-eabi-gcc" "ASSEMBLER=arm-none-eabi-as" "ARC
TRACE::2026-06-16.17:10:54::SCWMssOS::HIVER=arm-none-eabi-ar" "COMPILER_FLAGS=  -O2 -c" "EXTRA_COMPILER_FLAGS=-mcpu=cortex-a9 -mfpu=vfpv3 -mfloat-abi=hard -nostartfi
TRACE::2026-06-16.17:10:54::SCWMssOS::les -g -Wall -Wextra -fno-tree-loop-distribute-patterns"

TRACE::2026-06-16.17:10:54::SCWMssOS::"Running Make libs in ps7_cortexa9_0/libsrc/standalone_v9_2/src"

TRACE::2026-06-16.17:10:54::SCWMssOS::make -C ps7_cortexa9_0/libsrc/standalone_v9_2/src -s libs  "SHELL=CMD" "COMPILER=arm-none-eabi-gcc" "ASSEMBLER=arm-none-eabi-as
TRACE::2026-06-16.17:10:54::SCWMssOS::" "ARCHIVER=arm-none-eabi-ar" "COMPILER_FLAGS=  -O2 -c" "EXTRA_COMPILER_FLAGS=-mcpu=cortex-a9 -mfpu=vfpv3 -mfloat-abi=hard -nos
TRACE::2026-06-16.17:10:54::SCWMssOS::tartfiles -g -Wall -Wextra -fno-tree-loop-distribute-patterns"

TRACE::2026-06-16.17:10:54::SCWMssOS::"Running Make libs in ps7_cortexa9_0/libsrc/spi_v4_13/src"

TRACE::2026-06-16.17:10:54::SCWMssOS::"Running Make libs in ps7_cortexa9_0/libsrc/ttcps_v3_20/src"

TRACE::2026-06-16.17:10:54::SCWMssOS::make -C ps7_cortexa9_0/libsrc/spi_v4_13/src -s libs  "SHELL=CMD" "COMPILER=arm-none-eabi-gcc" "ASSEMBLER=arm-none-eabi-as" "ARC
TRACE::2026-06-16.17:10:54::SCWMssOS::HIVER=arm-none-eabi-ar" "COMPILER_FLAGS=  -O2 -c" "EXTRA_COMPILER_FLAGS=-mcpu=cortex-a9 -mfpu=vfpv3 -mfloat-abi=hard -nostartfi
TRACE::2026-06-16.17:10:54::SCWMssOS::les -g -Wall -Wextra -fno-tree-loop-distribute-patterns"

TRACE::2026-06-16.17:10:54::SCWMssOS::make -C ps7_cortexa9_0/libsrc/ttcps_v3_20/src -s libs  "SHELL=CMD" "COMPILER=arm-none-eabi-gcc" "ASSEMBLER=arm-none-eabi-as" "A
TRACE::2026-06-16.17:10:54::SCWMssOS::RCHIVER=arm-none-eabi-ar" "COMPILER_FLAGS=  -O2 -c" "EXTRA_COMPILER_FLAGS=-mcpu=cortex-a9 -mfpu=vfpv3 -mfloat-abi=hard -nostart
TRACE::2026-06-16.17:10:54::SCWMssOS::files -g -Wall -Wextra -fno-tree-loop-distribute-patterns"

TRACE::2026-06-16.17:10:55::SCWMssOS::"Running Make libs in ps7_cortexa9_0/libsrc/usbps_v2_9/src"

TRACE::2026-06-16.17:10:55::SCWMssOS::"Running Make libs in ps7_cortexa9_0/libsrc/uartps_v3_15/src"

TRACE::2026-06-16.17:10:55::SCWMssOS::make -C ps7_cortexa9_0/libsrc/usbps_v2_9/src -s libs  "SHELL=CMD" "COMPILER=arm-none-eabi-gcc" "ASSEMBLER=arm-none-eabi-as" "AR
TRACE::2026-06-16.17:10:55::SCWMssOS::CHIVER=arm-none-eabi-ar" "COMPILER_FLAGS=  -O2 -c" "EXTRA_COMPILER_FLAGS=-mcpu=cortex-a9 -mfpu=vfpv3 -mfloat-abi=hard -nostartf
TRACE::2026-06-16.17:10:55::SCWMssOS::iles -g -Wall -Wextra -fno-tree-loop-distribute-patterns"

TRACE::2026-06-16.17:10:55::SCWMssOS::make -C ps7_cortexa9_0/libsrc/uartps_v3_15/src -s libs  "SHELL=CMD" "COMPILER=arm-none-eabi-gcc" "ASSEMBLER=arm-none-eabi-as" "
TRACE::2026-06-16.17:10:55::SCWMssOS::ARCHIVER=arm-none-eabi-ar" "COMPILER_FLAGS=  -O2 -c" "EXTRA_COMPILER_FLAGS=-mcpu=cortex-a9 -mfpu=vfpv3 -mfloat-abi=hard -nostar
TRACE::2026-06-16.17:10:55::SCWMssOS::tfiles -g -Wall -Wextra -fno-tree-loop-distribute-patterns"

TRACE::2026-06-16.17:10:55::SCWMssOS::"Running Make libs in ps7_cortexa9_0/libsrc/xadcps_v2_7/src"

TRACE::2026-06-16.17:10:55::SCWMssOS::make -C ps7_cortexa9_0/libsrc/xadcps_v2_7/src -s libs  "SHELL=CMD" "COMPILER=arm-none-eabi-gcc" "ASSEMBLER=arm-none-eabi-as" "A
TRACE::2026-06-16.17:10:55::SCWMssOS::RCHIVER=arm-none-eabi-ar" "COMPILER_FLAGS=  -O2 -c" "EXTRA_COMPILER_FLAGS=-mcpu=cortex-a9 -mfpu=vfpv3 -mfloat-abi=hard -nostart
TRACE::2026-06-16.17:10:55::SCWMssOS::files -g -Wall -Wextra -fno-tree-loop-distribute-patterns"

TRACE::2026-06-16.17:10:55::SCWMssOS::"Running Make libs in ps7_cortexa9_0/libsrc/xilffs_v5_3/src"

TRACE::2026-06-16.17:10:55::SCWMssOS::make -C ps7_cortexa9_0/libsrc/xilffs_v5_3/src -s libs  "SHELL=CMD" "COMPILER=arm-none-eabi-gcc" "ASSEMBLER=arm-none-eabi-as" "A
TRACE::2026-06-16.17:10:55::SCWMssOS::RCHIVER=arm-none-eabi-ar" "COMPILER_FLAGS=  -O2 -c" "EXTRA_COMPILER_FLAGS=-mcpu=cortex-a9 -mfpu=vfpv3 -mfloat-abi=hard -nostart
TRACE::2026-06-16.17:10:55::SCWMssOS::files -g -Wall -Wextra -fno-tree-loop-distribute-patterns"

TRACE::2026-06-16.17:10:57::SCWMssOS::'Finished building libraries parallelly.'

TRACE::2026-06-16.17:10:57::SCWMssOS::make --no-print-directory archive

TRACE::2026-06-16.17:10:57::SCWMssOS::arm-none-eabi-ar -r  ps7_cortexa9_0/lib/libxil.a ps7_cortexa9_0/lib/_exit.o ps7_cortexa9_0/lib/_open.o ps7_cortexa9_0/lib/_sbrk
TRACE::2026-06-16.17:10:57::SCWMssOS::.o ps7_cortexa9_0/lib/abort.o ps7_cortexa9_0/lib/asm_vectors.o ps7_cortexa9_0/lib/boot.o ps7_cortexa9_0/lib/close.o ps7_cortexa
TRACE::2026-06-16.17:10:57::SCWMssOS::9_0/lib/cpputest_time.o ps7_cortexa9_0/lib/cpu_init.o ps7_cortexa9_0/lib/errno.o ps7_cortexa9_0/lib/fcntl.o ps7_cortexa9_0/lib/
TRACE::2026-06-16.17:10:57::SCWMssOS::fstat.o ps7_cortexa9_0/lib/getentropy.o ps7_cortexa9_0/lib/getpid.o ps7_cortexa9_0/lib/gettimeofday.o ps7_cortexa9_0/lib/inbyte
TRACE::2026-06-16.17:10:57::SCWMssOS::.o ps7_cortexa9_0/lib/isatty.o ps7_cortexa9_0/lib/kill.o ps7_cortexa9_0/lib/lseek.o ps7_cortexa9_0/lib/open.o ps7_cortexa9_0/li
TRACE::2026-06-16.17:10:57::SCWMssOS::b/outbyte.o ps7_cortexa9_0/lib/print.o ps7_cortexa9_0/lib/putnum.o ps7_cortexa9_0/lib/read.o ps7_cortexa9_0/lib/sbrk.o ps7_cort
TRACE::2026-06-16.17:10:57::SCWMssOS::exa9_0/lib/sleep.o ps7_cortexa9_0/lib/time.o ps7_cortexa9_0/lib/translation_table.o ps7_cortexa9_0/lib/unlink.o ps7_cortexa9_0/
TRACE::2026-06-16.17:10:57::SCWMssOS::lib/usleep.o ps7_cortexa9_0/lib/vectors.o ps7_cortexa9_0/lib/write.o ps7_cortexa9_0/lib/xadcps.o ps7_cortexa9_0/lib/xadcps_g.o 
TRACE::2026-06-16.17:10:57::SCWMssOS::ps7_cortexa9_0/lib/xadcps_intr.o ps7_cortexa9_0/lib/xadcps_selftest.o ps7_cortexa9_0/lib/xadcps_sinit.o ps7_cortexa9_0/lib/xaxi
TRACE::2026-06-16.17:10:57::SCWMssOS::dma.o ps7_cortexa9_0/lib/xaxidma_bd.o ps7_cortexa9_0/lib/xaxidma_bdring.o ps7_cortexa9_0/lib/xaxidma_g.o ps7_cortexa9_0/lib/xax
TRACE::2026-06-16.17:10:57::SCWMssOS::idma_selftest.o ps7_cortexa9_0/lib/xaxidma_sinit.o ps7_cortexa9_0/lib/xbram.o ps7_cortexa9_0/lib/xbram_g.o ps7_cortexa9_0/lib/x
TRACE::2026-06-16.17:10:57::SCWMssOS::bram_intr.o ps7_cortexa9_0/lib/xbram_selftest.o ps7_cortexa9_0/lib/xbram_sinit.o ps7_cortexa9_0/lib/xcoresightpsdcc.o ps7_corte
TRACE::2026-06-16.17:10:57::SCWMssOS::xa9_0/lib/xdevcfg.o ps7_cortexa9_0/lib/xdevcfg_g.o ps7_cortexa9_0/lib/xdevcfg_hw.o ps7_cortexa9_0/lib/xdevcfg_intr.o ps7_cortex
TRACE::2026-06-16.17:10:57::SCWMssOS::a9_0/lib/xdevcfg_selftest.o ps7_cortexa9_0/lib/xdevcfg_sinit.o ps7_cortexa9_0/lib/xdmaps.o ps7_cortexa9_0/lib/xdmaps_g.o ps7_co
TRACE::2026-06-16.17:10:57::SCWMssOS::rtexa9_0/lib/xdmaps_hw.o ps7_cortexa9_0/lib/xdmaps_selftest.o ps7_cortexa9_0/lib/xdmaps_sinit.o ps7_cortexa9_0/lib/xemacps.o ps
TRACE::2026-06-16.17:10:57::SCWMssOS::7_cortexa9_0/lib/xemacps_bdring.o ps7_cortexa9_0/lib/xemacps_control.o ps7_cortexa9_0/lib/xemacps_g.o ps7_cortexa9_0/lib/xemacp
TRACE::2026-06-16.17:10:57::SCWMssOS::s_hw.o ps7_cortexa9_0/lib/xemacps_intr.o ps7_cortexa9_0/lib/xemacps_sinit.o ps7_cortexa9_0/lib/xgpio.o ps7_cortexa9_0/lib/xgpio
TRACE::2026-06-16.17:10:57::SCWMssOS::_extra.o ps7_cortexa9_0/lib/xgpio_g.o ps7_cortexa9_0/lib/xgpio_intr.o ps7_cortexa9_0/lib/xgpio_selftest.o ps7_cortexa9_0/lib/xg
TRACE::2026-06-16.17:10:57::SCWMssOS::pio_sinit.o ps7_cortexa9_0/lib/xgpiops.o ps7_cortexa9_0/lib/xgpiops_g.o ps7_cortexa9_0/lib/xgpiops_hw.o ps7_cortexa9_0/lib/xgpi
TRACE::2026-06-16.17:10:57::SCWMssOS::ops_intr.o ps7_cortexa9_0/lib/xgpiops_selftest.o ps7_cortexa9_0/lib/xgpiops_sinit.o ps7_cortexa9_0/lib/xil-crt0.o ps7_cortexa9_
TRACE::2026-06-16.17:10:57::SCWMssOS::0/lib/xil_assert.o ps7_cortexa9_0/lib/xil_cache.o ps7_cortexa9_0/lib/xil_clocking.o ps7_cortexa9_0/lib/xil_exception.o ps7_cort
TRACE::2026-06-16.17:10:57::SCWMssOS::exa9_0/lib/xil_mem.o ps7_cortexa9_0/lib/xil_misc_psreset_api.o ps7_cortexa9_0/lib/xil_mmu.o ps7_cortexa9_0/lib/xil_printf.o ps7
TRACE::2026-06-16.17:10:57::SCWMssOS::_cortexa9_0/lib/xil_sleepcommon.o ps7_cortexa9_0/lib/xil_sleeptimer.o ps7_cortexa9_0/lib/xil_spinlock.o ps7_cortexa9_0/lib/xil_
TRACE::2026-06-16.17:10:57::SCWMssOS::sutil.o ps7_cortexa9_0/lib/xil_testcache.o ps7_cortexa9_0/lib/xil_testio.o ps7_cortexa9_0/lib/xil_testmem.o ps7_cortexa9_0/lib/
TRACE::2026-06-16.17:10:57::SCWMssOS::xil_util.o ps7_cortexa9_0/lib/xinterrupt_wrap.o ps7_cortexa9_0/lib/xl2cc_counter.o ps7_cortexa9_0/lib/xplatform_info.o ps7_cort
TRACE::2026-06-16.17:10:57::SCWMssOS::exa9_0/lib/xpm_counter.o ps7_cortexa9_0/lib/xpm_init.o ps7_cortexa9_0/lib/xqspips.o ps7_cortexa9_0/lib/xqspips_g.o ps7_cortexa9
TRACE::2026-06-16.17:10:57::SCWMssOS::_0/lib/xqspips_hw.o ps7_cortexa9_0/lib/xqspips_options.o ps7_cortexa9_0/lib/xqspips_selftest.o ps7_cortexa9_0/lib/xqspips_sinit
TRACE::2026-06-16.17:10:57::SCWMssOS::.o ps7_cortexa9_0/lib/xscugic.o ps7_cortexa9_0/lib/xscugic_g.o ps7_cortexa9_0/lib/xscugic_hw.o ps7_cortexa9_0/lib/xscugic_intr.
TRACE::2026-06-16.17:10:57::SCWMssOS::o ps7_cortexa9_0/lib/xscugic_selftest.o ps7_cortexa9_0/lib/xscugic_sinit.o ps7_cortexa9_0/lib/xscutimer.o ps7_cortexa9_0/lib/xs
TRACE::2026-06-16.17:10:57::SCWMssOS::cutimer_g.o ps7_cortexa9_0/lib/xscutimer_selftest.o ps7_cortexa9_0/lib/xscutimer_sinit.o ps7_cortexa9_0/lib/xscuwdt.o ps7_corte
TRACE::2026-06-16.17:10:57::SCWMssOS::xa9_0/lib/xscuwdt_g.o ps7_cortexa9_0/lib/xscuwdt_selftest.o ps7_cortexa9_0/lib/xscuwdt_sinit.o ps7_cortexa9_0/lib/xsdps.o ps7_c
TRACE::2026-06-16.17:10:57::SCWMssOS::ortexa9_0/lib/xsdps_card.o ps7_cortexa9_0/lib/xsdps_g.o ps7_cortexa9_0/lib/xsdps_host.o ps7_cortexa9_0/lib/xsdps_options.o ps7_
TRACE::2026-06-16.17:10:57::SCWMssOS::cortexa9_0/lib/xsdps_sinit.o ps7_cortexa9_0/lib/xspi.o ps7_cortexa9_0/lib/xspi_g.o ps7_cortexa9_0/lib/xspi_options.o ps7_cortex
TRACE::2026-06-16.17:10:57::SCWMssOS::a9_0/lib/xspi_selftest.o ps7_cortexa9_0/lib/xspi_sinit.o ps7_cortexa9_0/lib/xspi_stats.o ps7_cortexa9_0/lib/xtime_l.o ps7_corte
TRACE::2026-06-16.17:10:57::SCWMssOS::xa9_0/lib/xttcps.o ps7_cortexa9_0/lib/xttcps_g.o ps7_cortexa9_0/lib/xttcps_options.o ps7_cortexa9_0/lib/xttcps_selftest.o ps7_c
TRACE::2026-06-16.17:10:57::SCWMssOS::ortexa9_0/lib/xttcps_sinit.o ps7_cortexa9_0/lib/xuartps.o ps7_cortexa9_0/lib/xuartps_g.o ps7_cortexa9_0/lib/xuartps_hw.o ps7_co
TRACE::2026-06-16.17:10:57::SCWMssOS::rtexa9_0/lib/xuartps_intr.o ps7_cortexa9_0/lib/xuartps_options.o ps7_cortexa9_0/lib/xuartps_selftest.o ps7_cortexa9_0/lib/xuart
TRACE::2026-06-16.17:10:57::SCWMssOS::ps_sinit.o ps7_cortexa9_0/lib/xusbps.o ps7_cortexa9_0/lib/xusbps_endpoint.o ps7_cortexa9_0/lib/xusbps_g.o ps7_cortexa9_0/lib/xu
TRACE::2026-06-16.17:10:57::SCWMssOS::sbps_hw.o ps7_cortexa9_0/lib/xusbps_intr.o ps7_cortexa9_0/lib/xusbps_sinit.o

TRACE::2026-06-16.17:10:57::SCWMssOS::'Finished building libraries'

TRACE::2026-06-16.17:10:58::SCWMssOS::Copying to export directory.
TRACE::2026-06-16.17:10:58::SCWMssOS:: Checking if to create the Supporting Applications
TRACE::2026-06-16.17:10:58::SCWMssOS:: No Linux domain exists, trying to generate FSBL 
LOG::2026-06-16.17:10:58::SCWSystem::Completed Processing the domain standalone_domain
LOG::2026-06-16.17:10:58::SCWSystem::Completed Processing the sysconfig platform
LOG::2026-06-16.17:10:58::SCWPlatform::Completed generating the artifacts for system configuration platform
TRACE::2026-06-16.17:10:58::SCWPlatform::Started preparing the platform 
TRACE::2026-06-16.17:10:58::SCWSystem::Writing the bif file for system config platform
TRACE::2026-06-16.17:10:58::SCWSystem::dir created 
TRACE::2026-06-16.17:10:58::SCWSystem::Writing the bif 
TRACE::2026-06-16.17:10:58::SCWPlatform::Started writing the spfm file 
TRACE::2026-06-16.17:10:58::SCWPlatform::Started writing the xpfm file 
TRACE::2026-06-16.17:10:58::SCWPlatform::Completed generating the platform
TRACE::2026-06-16.17:10:58::SCWMssOS::Saving the mss changes C:/openTCSPC3/SRC/zedboard_real_microscope/vitis/platform/zynq_fsbl/zynq_fsbl_bsp/system.mss
TRACE::2026-06-16.17:10:58::SCWMssOS::Found a swdesign opened with the mssfile.
TRACE::2026-06-16.17:10:58::SCWMssOS::Completed writemss as part of save.
TRACE::2026-06-16.17:10:58::SCWMssOS::Commit changes completed.
TRACE::2026-06-16.17:10:58::SCWMssOS::Saving the mss changes C:/openTCSPC3/SRC/zedboard_real_microscope/vitis/platform/ps7_cortexa9_0/standalone_domain/bsp/system.mss
TRACE::2026-06-16.17:10:58::SCWMssOS::Found a swdesign opened with the mssfile.
TRACE::2026-06-16.17:10:58::SCWMssOS::Completed writemss as part of save.
TRACE::2026-06-16.17:10:58::SCWMssOS::Commit changes completed.
TRACE::2026-06-16.17:10:58::SCWPlatform::Trying to open the hw design at C:/openTCSPC3/SRC/zedboard_real_microscope/vitis/platform/hw/zedboard_real_microscope_wrapper.xsa
TRACE::2026-06-16.17:10:58::SCWPlatform::DSA given C:/openTCSPC3/SRC/zedboard_real_microscope/vitis/platform/hw/zedboard_real_microscope_wrapper.xsa
TRACE::2026-06-16.17:10:58::SCWPlatform::DSA absoulate path C:/openTCSPC3/SRC/zedboard_real_microscope/vitis/platform/hw/zedboard_real_microscope_wrapper.xsa
TRACE::2026-06-16.17:10:58::SCWPlatform::DSA directory C:/openTCSPC3/SRC/zedboard_real_microscope/vitis/platform/hw
TRACE::2026-06-16.17:10:58::SCWPlatform:: Platform Path C:/openTCSPC3/SRC/zedboard_real_microscope/vitis/platform/hw/zedboard_real_microscope_wrapper.xsa
TRACE::2026-06-16.17:10:58::SCWPlatform:: Unique name xilinx:zedboard::0.0
TRACE::2026-06-16.17:10:58::SCWPlatform::Trying to set the existing hwdb with name zedboard_real_microscope_wrapper_1
TRACE::2026-06-16.17:10:58::SCWPlatform::Opened existing hwdb zedboard_real_microscope_wrapper_1
TRACE::2026-06-16.17:10:58::SCWPlatform::Found the Hw Db part of the input DSA
TRACE::2026-06-16.17:10:58::SCWMssOS::Checking the sw design at  C:/openTCSPC3/SRC/zedboard_real_microscope/vitis/platform/zynq_fsbl/zynq_fsbl_bsp/system.mss
TRACE::2026-06-16.17:10:58::SCWMssOS::DEBUG:  swdes dump  C:/openTCSPC3/SRC/zedboard_real_microscope/vitis/platform/ps7_cortexa9_0/standalone_domain/bsp/system.mss|system_0||
C:/openTCSPC3/SRC/zedboard_real_microscope/vitis/platform/zynq_fsbl/zynq_fsbl_bsp/system.mss|system||

TRACE::2026-06-16.17:10:58::SCWMssOS::Sw design exists and opened at  C:/openTCSPC3/SRC/zedboard_real_microscope/vitis/platform/zynq_fsbl/zynq_fsbl_bsp/system.mss
TRACE::2026-06-16.17:10:58::SCWPlatform::Trying to open the hw design at C:/openTCSPC3/SRC/zedboard_real_microscope/vitis/platform/hw/zedboard_real_microscope_wrapper.xsa
TRACE::2026-06-16.17:10:58::SCWPlatform::DSA given C:/openTCSPC3/SRC/zedboard_real_microscope/vitis/platform/hw/zedboard_real_microscope_wrapper.xsa
TRACE::2026-06-16.17:10:58::SCWPlatform::DSA absoulate path C:/openTCSPC3/SRC/zedboard_real_microscope/vitis/platform/hw/zedboard_real_microscope_wrapper.xsa
TRACE::2026-06-16.17:10:58::SCWPlatform::DSA directory C:/openTCSPC3/SRC/zedboard_real_microscope/vitis/platform/hw
TRACE::2026-06-16.17:10:58::SCWPlatform:: Platform Path C:/openTCSPC3/SRC/zedboard_real_microscope/vitis/platform/hw/zedboard_real_microscope_wrapper.xsa
TRACE::2026-06-16.17:10:58::SCWPlatform:: Unique name xilinx:zedboard::0.0
TRACE::2026-06-16.17:10:58::SCWPlatform::Trying to set the existing hwdb with name zedboard_real_microscope_wrapper_1
TRACE::2026-06-16.17:10:58::SCWPlatform::Opened existing hwdb zedboard_real_microscope_wrapper_1
TRACE::2026-06-16.17:10:58::SCWPlatform::Found the Hw Db part of the input DSA
TRACE::2026-06-16.17:10:58::SCWMssOS::Checking the sw design at  C:/openTCSPC3/SRC/zedboard_real_microscope/vitis/platform/ps7_cortexa9_0/standalone_domain/bsp/system.mss
TRACE::2026-06-16.17:10:58::SCWMssOS::DEBUG:  swdes dump  C:/openTCSPC3/SRC/zedboard_real_microscope/vitis/platform/ps7_cortexa9_0/standalone_domain/bsp/system.mss|system_0||
C:/openTCSPC3/SRC/zedboard_real_microscope/vitis/platform/zynq_fsbl/zynq_fsbl_bsp/system.mss|system||

TRACE::2026-06-16.17:10:58::SCWMssOS::Sw design exists and opened at  C:/openTCSPC3/SRC/zedboard_real_microscope/vitis/platform/ps7_cortexa9_0/standalone_domain/bsp/system.mss
TRACE::2026-06-16.17:10:58::SCWWriter::formatted JSON is {
	"platformName":	"platform",
	"sprVersion":	"2.0",
	"mode":	"gui",
	"dsaType":	"Fixed",
	"platformDesc":	"platform",
	"platHandOff":	"C:/openTCSPC3/SRC/zedboard_real_microscope/vitis/zedboard_real_microscope_wrapper.xsa",
	"platIntHandOff":	"<platformDir>/hw/zedboard_real_microscope_wrapper.xsa",
	"deviceType":	"zynq",
	"platIsPrebuiltAutogen":	"false",
	"platIsNoBootBsp":	"false",
	"hasFsblMakeHasChanges":	"false",
	"hasPmufwMakeHasChanges":	"false",
	"fsblExtraCompilerFlags":	"-MMD -MP       -mcpu=cortex-a9 -mfpu=vfpv3 -mfloat-abi=hard ",
	"platPreBuiltFlag":	false,
	"platformSamplesDir":	"",
	"platActiveSys":	"platform",
	"systems":	[{
			"systemName":	"platform",
			"systemDesc":	"platform",
			"sysIsBootAutoGen":	"true",
			"systemDispName":	"platform",
			"sysActiveDom":	"standalone_domain",
			"sysDefaultDom":	"standalone_domain",
			"domains":	[{
					"domainName":	"zynq_fsbl",
					"domainDispName":	"zynq_fsbl",
					"domainDesc":	"FSBL Application BSP - Auto Generated.",
					"processors":	"ps7_cortexa9_0",
					"os":	"standalone",
					"sdxOs":	"standalone",
					"debugEnable":	"",
					"domRuntimes":	["cpp"],
					"swRepo":	"",
					"mssOsVer":	"9.2",
					"mssFile":	"",
					"md5Digest":	"a9071a011478c87067468cbf8357a083",
					"compatibleApp":	"zynq_fsbl",
					"domType":	"bootDomain",
					"arch":	"32-bit",
					"appSettings":	{
						"appCompilerFlags":	"",
						"appLinkerFlags":	""
					},
					"addedLibs":	["xilffs:5.3", "xilrsa:1.8"],
					"libOptions":	{
						"libsContainingOptions":	[]
					},
					"prebuiltLibs":	{
						"prebuiltIncPath":	[],
						"prebuiltLibPath":	[]
					},
					"isolation":	{
					}
				}, {
					"domainName":	"standalone_domain",
					"domainDispName":	"standalone on ps7_cortexa9_0",
					"domainDesc":	"standalone_domain",
					"processors":	"ps7_cortexa9_0",
					"os":	"standalone",
					"sdxOs":	"standalone",
					"qemuArgs":	"<platformDir>/resources/platform/standalone_domain/qemu_args.txt",
					"qemuData":	"<platformDir>/resources/platform/standalone_domain/qemu",
					"debugEnable":	"False",
					"domRuntimes":	["cpp"],
					"swRepo":	"",
					"mssOsVer":	"9.2",
					"mssFile":	"",
					"md5Digest":	"2c82a7b89f6eff8946e2eba4ecdb8b33",
					"compatibleApp":	"",
					"domType":	"mssDomain",
					"appSettings":	{
						"appCompilerFlags":	"",
						"appLinkerFlags":	""
					},
					"addedLibs":	["xilffs:5.3"],
					"libOptions":	{
						"libsContainingOptions":	[]
					},
					"prebuiltLibs":	{
						"prebuiltIncPath":	[],
						"prebuiltLibPath":	[]
					},
					"isolation":	{
					}
				}]
		}]
}
KEYINFO::2026-06-16.17:10:58::SCWPlatform::updated the xpfm file.
TRACE::2026-06-16.17:10:59::SCWPlatform::Trying to open the hw design at C:/openTCSPC3/SRC/zedboard_real_microscope/vitis/platform/hw/zedboard_real_microscope_wrapper.xsa
TRACE::2026-06-16.17:10:59::SCWPlatform::DSA given C:/openTCSPC3/SRC/zedboard_real_microscope/vitis/platform/hw/zedboard_real_microscope_wrapper.xsa
TRACE::2026-06-16.17:10:59::SCWPlatform::DSA absoulate path C:/openTCSPC3/SRC/zedboard_real_microscope/vitis/platform/hw/zedboard_real_microscope_wrapper.xsa
TRACE::2026-06-16.17:10:59::SCWPlatform::DSA directory C:/openTCSPC3/SRC/zedboard_real_microscope/vitis/platform/hw
TRACE::2026-06-16.17:10:59::SCWPlatform:: Platform Path C:/openTCSPC3/SRC/zedboard_real_microscope/vitis/platform/hw/zedboard_real_microscope_wrapper.xsa
TRACE::2026-06-16.17:10:59::SCWPlatform:: Unique name xilinx:zedboard::0.0
TRACE::2026-06-16.17:10:59::SCWPlatform::Trying to set the existing hwdb with name zedboard_real_microscope_wrapper_1
TRACE::2026-06-16.17:10:59::SCWPlatform::Opened existing hwdb zedboard_real_microscope_wrapper_1
TRACE::2026-06-16.17:10:59::SCWPlatform::Found the Hw Db part of the input DSA
TRACE::2026-06-16.17:10:59::SCWMssOS::Checking the sw design at  C:/openTCSPC3/SRC/zedboard_real_microscope/vitis/platform/ps7_cortexa9_0/standalone_domain/bsp/system.mss
TRACE::2026-06-16.17:10:59::SCWMssOS::DEBUG:  swdes dump  C:/openTCSPC3/SRC/zedboard_real_microscope/vitis/platform/ps7_cortexa9_0/standalone_domain/bsp/system.mss|system_0||
C:/openTCSPC3/SRC/zedboard_real_microscope/vitis/platform/zynq_fsbl/zynq_fsbl_bsp/system.mss|system||

TRACE::2026-06-16.17:10:59::SCWMssOS::Sw design exists and opened at  C:/openTCSPC3/SRC/zedboard_real_microscope/vitis/platform/ps7_cortexa9_0/standalone_domain/bsp/system.mss
